clip,fps,frames,guard_s,guard_mode,min_seg_s,bin_frames,severity,source_screen_sha256,source_motion_sha256,reducer_sha256,airborne_frac,infeasible_frac,torque_infeasible_frac,severe_frac,severe_frac_guarded,feasible_frac_kept,n_severe_windows,screen_schema,screen_gap_m,n_feasible_segments,n_bins,n_bins_eligible,bin_eligible_frac,unsupported_ratio_p95
KIT_1229_flexion_with_help_02_poses_100_jpos,50.0,430,0.0,symmetric,0.0,50,severe,f41fe2a4f88ca9f1e8d87ddd86f43f04fcbaf0b8070daa9101068489942e5746,849d20ebd736ebd579763b3c072536224fac32af6cb94f01ec9aad717f97eb3b,993c448af3185f955bea7f7718c1849837b7d9957366bbf3d8fcd618f208915b,0.0,0.0,0.0,0.0,0.0,1.0,0,torque_limited,0.06,1,9,9,1.0,0.0
KIT_1229_in_out_rotation_with_help_03_poses_100_jpos,50.0,307,0.0,symmetric,0.0,50,severe,1550d3b7a05d6df46997c312fc099e7ab91501e7d68c947082e333e4f06351d9,a083088ad1020cef2a4e76dd6128d403d14f1c7e23e6bd7d482722c375f47984,993c448af3185f955bea7f7718c1849837b7d9957366bbf3d8fcd618f208915b,0.0,0.0,0.0,0.0,0.0,1.0,0,torque_limited,0.06,1,7,7,1.0,0.0
KIT_1229_hand_to_mouth_right_arm_03_poses_100_jpos,50.0,180,0.0,symmetric,0.0,50,severe,3dcd464cdf7d2de78c2f907f00da3cd7816ce0de9d52c400431d27dd7685c3db,63b4f03cba94d5d2884c3a7289fe06ff67ababdaf8436dce80ce771ef5195eb7,993c448af3185f955bea7f7718c1849837b7d9957366bbf3d8fcd618f208915b,0.0,0.0,0.0,0.0,0.0,1.0,0,torque_limited,0.06,1,4,4,1.0,0.0
KIT_1747_displace_tilt_middle_23_poses_100_jpos,50.0,513,0.0,symmetric,0.0,50,severe,2ad89c2059fd66295edea888c3c7839ec6eb56bfe98c11abbc2ddfe48bae2026,db8526a9eb16fe92ea6be0519100749ffc3ff73a0af805e7f833d0dd72d8d420,993c448af3185f955bea7f7718c1849837b7d9957366bbf3d8fcd618f208915b,0.0,0.0,0.0,0.0,0.0,1.0,0,torque_limited,0.06,1,11,11,1.0,0.0
KIT_1229_supination_with_help_03_poses_100_jpos,50.0,320,0.0,symmetric,0.0,50,severe,a8cec9c351fe9849127fa3fee69ad41ae9d19caf041cbd67a9ab1253189652aa,963ccd77e0c14d3d5c38fcb29bd7c7c5219428a8613477bd7be5f229684589b2,993c448af3185f955bea7f7718c1849837b7d9957366bbf3d8fcd618f208915b,0.0,0.0,0.0,0.0,0.0,1.0,0,torque_limited,0.06,1,7,7,1.0,0.0
KIT_1229_washing_movement_with_help_02_poses_100_jpos,50.0,250,0.0,symmetric,0.0,50,severe,aaa6c4c2acdc73614927be7cf3ce3be389c71ebd595266c7cf08f1fb19daf0b7,af4a53a3cc5b0f31e9be64fe0cb1e51ab2300f99c525b341d729d70f0f9d4ab0,993c448af3185f955bea7f7718c1849837b7d9957366bbf3d8fcd618f208915b,0.0,0.0,0.0,0.0,0.0,1.0,0,torque_limited,0.06,1,5,5,1.0,0.0
KIT_1747_displace_tilt_middle_12_poses_100_jpos,50.0,482,0.0,symmetric,0.0,50,severe,3e1381975e05f70bb1526797f617e1faa28942f8133032d4022f458db3e35a09,125c5d47a6d5a8cf29065ab191f04b421b34f578cc3e34bf5462f3c6adc5a0f5,993c448af3185f955bea7f7718c1849837b7d9957366bbf3d8fcd618f208915b,0.0,0.0,0.0,0.0,0.0,1.0,0,torque_limited,0.06,1,10,10,1.0,0.0
KIT_1226_Trial_67_poses_100_jpos,50.0,567,0.0,symmetric,0.0,50,severe,04f484dacf31925c4a2ee8de1805dba2f4fdffcd21ab6335df4cd66d4a246dee,e01ef46421d832c7315ce40b2c1ccd079f11e056a6d80f76763feac0ab934925,993c448af3185f955bea7f7718c1849837b7d9957366bbf3d8fcd618f208915b,0.0,0.0,0.0,0.0,0.0,1.0,0,torque_limited,0.06,1,12,12,1.0,0.0
KIT_1717_displace_tilt_middle_24_poses_100_jpos,50.0,475,0.0,symmetric,0.0,50,severe,53b258c98ffcacb311c97de6b81b9e19e5765445e8a966d8ca91e07d692b2765,9c85027aef4bd7ff7fa76d4384daeed3ec7a69c9fd961f83a4976ff98f54663a,993c448af3185f955bea7f7718c1849837b7d9957366bbf3d8fcd618f208915b,0.0,0.0,0.0,0.0,0.0,1.0,0,torque_limited,0.06,1,10,10,1.0,0.0
KIT_1747_displace_tilt_side_24_poses_100_jpos,50.0,490,0.0,symmetric,0.0,50,severe,59a5814053fda847ca1e75a618e198479f85a41ea4b95e4f45401db5903b50ba,36e89f3cc1ad046b8deffa6857f704cb4b27bce012a8586e3a72a2b1c9eeaca9,993c448af3185f955bea7f7718c1849837b7d9957366bbf3d8fcd618f208915b,0.0,0.0,0.0,0.0,0.0,1.0,0,torque_limited,0.06,1,10,10,1.0,0.0
KIT_1229_take_book_from_shelf_with_help_02_poses_100_jpos,50.0,298,0.0,symmetric,0.0,50,severe,c9eb03989288000bb124c3f8c79f4439b2a977f0feda176387f214635e590fff,3a9a7a9a0febae80ee0d4eb968d8a97fbf56f8524d39ff1c56fdc603981fbb59,993c448af3185f955bea7f7718c1849837b7d9957366bbf3d8fcd618f208915b,0.0,0.0,0.0,0.0,0.0,1.0,0,torque_limited,0.06,1,6,6,1.0,0.0
KIT_1717_displace_tilt_middle_21_poses_100_jpos,50.0,475,0.0,symmetric,0.0,50,severe,3d13466f28073c09d8701c5adad2e840f4a3fd089845ee56122c397b0385c35a,313b5b87a5ef90f48a91da635d897bd82a17dc6e4f7dc58fbb8b97edd615a1c8,993c448af3185f955bea7f7718c1849837b7d9957366bbf3d8fcd618f208915b,0.0,0.0,0.0,0.0,0.0,1.0,0,torque_limited,0.06,1,10,10,1.0,0.0
KIT_1717_displace_from_left_to_right_30_poses_100_jpos,50.0,244,0.0,symmetric,0.0,50,severe,d5b3d792d69f977730c7660423a622c412fd59bbfbc397231907153efe799896,06771ecc6340872e11f26864e4d7ceae6db519caea2a198d298a0d262ca90405,993c448af3185f955bea7f7718c1849837b7d9957366bbf3d8fcd618f208915b,0.0,0.0,0.0,0.0,0.0,1.0,0,torque_limited,0.06,1,5,5,1.0,0.018909943245380353
KIT_572_wave_left10_poses_100_jpos,50.0,286,0.0,symmetric,0.0,50,severe,2be343045dce83bc4f83687391f8cedc2bc0fe91eda80b9d80c4c4d1a2798fe3,9b77a6bc22cdf18820360dda68a1c4f47e7eedbc3f32c7730a91455f1093ecf7,993c448af3185f955bea7f7718c1849837b7d9957366bbf3d8fcd618f208915b,0.0,0.0,0.0,0.0,0.0,1.0,0,torque_limited,0.06,1,6,6,1.0,0.020484497937598767
KIT_1229_washing_movement_left_arm_03_poses_100_jpos,50.0,199,0.0,symmetric,0.0,50,severe,6b120d3964e8f8fbb99af041c4899c7d69b9d7fc9dde097ce13c53134cb46f00,a35620b19c7b569bae682f8043cbf3690b943ca2ba18aaee0ede845970b05739,993c448af3185f955bea7f7718c1849837b7d9957366bbf3d8fcd618f208915b,0.0,0.0,0.0,0.0,0.0,1.0,0,torque_limited,0.06,1,4,4,1.0,0.0
KIT_1226_Trial_13_poses_100_jpos,50.0,374,0.0,symmetric,0.0,50,severe,636e4d369c9dbe0623dcf880dee1076e3ec0ac7d932374303b2241294a70ba9c,a34e5a30401fc21e03c2e386e1f4075bfa86d4726d8169e11a7ebdb1dd47fc6e,993c448af3185f955bea7f7718c1849837b7d9957366bbf3d8fcd618f208915b,0.0,0.0,0.0,0.0,0.0,1.0,0,torque_limited,0.06,1,8,8,1.0,0.0
KIT_1717_displace_from_left_to_right_49_poses_100_jpos,50.0,261,0.0,symmetric,0.0,50,severe,37b47c07bc9fc3fc812ec8a5258ee83f0d9d3d2e1c03b7e73fba75e421fc879e,38dc2fa7b3d80635ae480f27b143704785be100f23785192e8e27c91746a67f0,993c448af3185f955bea7f7718c1849837b7d9957366bbf3d8fcd618f208915b,0.0,0.0,0.0,0.0,0.0,1.0,0,torque_limited,0.06,1,6,6,1.0,0.009172163255641238
KIT_1717_displace_from_left_to_right_21_poses_100_jpos,50.0,228,0.0,symmetric,0.0,50,severe,1548c35b793f26ecbb7e2a5e84e561b093068ed098e392a00b28fd90389dc6f6,560ac66ac5921de43c083ce6bfff4a17d7a9ed38ec6efd73dc5b487216d52713,993c448af3185f955bea7f7718c1849837b7d9957366bbf3d8fcd618f208915b,0.0,0.0,0.0,0.0,0.0,1.0,0,torque_limited,0.06,1,5,5,1.0,0.011511064885829746
KIT_1229_take_of_t-shirt_with_help_05_poses_100_jpos,50.0,356,0.0,symmetric,0.0,50,severe,c312fa3060b973eec24e7cfec8bff3b751f146b37a3764a996fbbed562ebae1f,f77f3d9cc35e6bc00e264c30bb369d2cb464876c052d4b651feb029fed3cb48a,993c448af3185f955bea7f7718c1849837b7d9957366bbf3d8fcd618f208915b,0.0,0.0,0.0,0.0,0.0,1.0,0,torque_limited,0.06,1,8,8,1.0,0.0
KIT_1717_displace_from_left_to_right_33_poses_100_jpos,50.0,212,0.0,symmetric,0.0,50,severe,19433eda9dff632e52dc756037001c4c39d0f71a5c286f0e04c8139f2e323eee,338cc34cb6f57cb5c7619611942ba56df6df3abc12771062a3d110d3fca1e130,993c448af3185f955bea7f7718c1849837b7d9957366bbf3d8fcd618f208915b,0.0,0.0,0.0,0.0,0.0,1.0,0,torque_limited,0.06,1,5,5,1.0,0.017228379981846117
KIT_3_bow_slight03_poses_100_jpos,50.0,273,0.0,symmetric,0.0,50,severe,f8ccba9d65c33733f907bfbb1161a64303e46fae49d150691991206a6bcd7737,793e70135d95be2b4dab3084d6ce1d4b2e35a596a860eadb8d29291bd3414316,993c448af3185f955bea7f7718c1849837b7d9957366bbf3d8fcd618f208915b,0.0,0.0,0.0,0.0,0.0,1.0,0,torque_limited,0.06,1,6,6,1.0,0.0319191281296315
KIT_1717_displace_tilt_middle_11_poses_100_jpos,50.0,453,0.0,symmetric,0.0,50,severe,9cb9a9be1a0b624a31e44f999ec546a76c203b70150bfbad4eb61806705fcd63,b3e435bdd103fea84ac065689fe753fa7cc56dec54dbddc2128086a53b9c5505,993c448af3185f955bea7f7718c1849837b7d9957366bbf3d8fcd618f208915b,0.0,0.0,0.0,0.0,0.0,1.0,0,torque_limited,0.06,1,10,10,1.0,0.0
KIT_572_wipe_circular_right05_poses_100_jpos,50.0,263,0.0,symmetric,0.0,50,severe,9ebeaebe06d19a8a1a5aa8161010ff48b1e6522b2cbc744a081a758121a8374d,7b66b29b268ac311b465837e8b6fdbfbbc46baf84c0725f6666635bedff2baa6,993c448af3185f955bea7f7718c1849837b7d9957366bbf3d8fcd618f208915b,0.0,0.0,0.0,0.0,0.0,1.0,0,torque_limited,0.06,1,6,6,1.0,0.0
KIT_3_bow_slight02_poses_100_jpos,50.0,225,0.0,symmetric,0.0,50,severe,3697a187078023c98cf12a69328ab97a43c3ede4ff5e72033006cacac35cadcd,d585ffcde38a53bcabafefef70441b32cbead9b5f64d37f83b406321b490622f,993c448af3185f955bea7f7718c1849837b7d9957366bbf3d8fcd618f208915b,0.0,0.0,0.0,0.0,0.0,1.0,0,torque_limited,0.06,1,5,5,1.0,0.007337730604512991
KIT_1747_displace_tilt_side_05_poses_100_jpos,50.0,480,0.0,symmetric,0.0,50,severe,ba96a16ce0fbd9d982fbaccd398d1464f73cc9a294f5a155351cdb51c2d62941,929d127d888b736a0d4c4ac8faad77fc93a908c10275d8c9a34c72ab8e5a3337,993c448af3185f955bea7f7718c1849837b7d9957366bbf3d8fcd618f208915b,0.0,0.0,0.0,0.0,0.0,1.0,0,torque_limited,0.06,1,10,10,1.0,0.0363982011861363
KIT_1717_displace_tilt_side_08_poses_100_jpos,50.0,464,0.0,symmetric,0.0,50,severe,6d2bffce6bca9e18d438e9e3a41f6c0117e8e39832dc8a70cb1fd4ffea6f26fd,5fe29aff13a8e40517eb1a11bde3365552e72fab57b98079e2d2c9353fefdbfa,993c448af3185f955bea7f7718c1849837b7d9957366bbf3d8fcd618f208915b,0.0,0.0,0.0,0.0,0.0,1.0,0,torque_limited,0.06,1,10,10,1.0,0.0
CMU_114_114_01_poses_120_jpos,50.0,134,0.0,symmetric,0.0,50,severe,e4fb2ed1f5c2cede5493b7da5c3d08490ee84cf4d3727f328cb44a3b31645d55,ffda6893ae1326cdcb5094269d7252353e8bea442421e28e243227f96d669e14,993c448af3185f955bea7f7718c1849837b7d9957366bbf3d8fcd618f208915b,0.0,0.0,0.0,0.0,0.0,1.0,0,torque_limited,0.06,1,3,3,1.0,0.0
KIT_572_wave_both07_poses_100_jpos,50.0,455,0.0,symmetric,0.0,50,severe,3afbbb4a8dae86d77cae98d9e780b76504e45fb1bdca6c993d52553a30a07118,313523fa68d46a155c0015b33b6fc0fa73739617249f6a9ba27df263cd24a4f8,993c448af3185f955bea7f7718c1849837b7d9957366bbf3d8fcd618f208915b,0.0,0.0,0.0,0.0,0.0,1.0,0,torque_limited,0.06,1,10,10,1.0,0.031491093844368254
CMU_105_105_06_poses_120_jpos,50.0,57,0.0,symmetric,0.0,50,severe,0941c342d3ede30260936536d7603684273a0abdd1d63733440809907fb478ad,1c623ba732324330026a13b341d216a17d7d6452730816e0363000fdf108011e,993c448af3185f955bea7f7718c1849837b7d9957366bbf3d8fcd618f208915b,0.0,0.0,0.0,0.0,0.0,1.0,0,torque_limited,0.06,1,2,2,1.0,0.006787400809174515
KIT_1717_displace_from_left_to_right_39_poses_100_jpos,50.0,205,0.0,symmetric,0.0,50,severe,609ed848faa022278ab9ce5767259796c430bd08874a392750f0a414bf7cd470,722bd931a3f1e688defdaa59b8aa513bc7f080adb442a4de2d317ac2898780bd,993c448af3185f955bea7f7718c1849837b7d9957366bbf3d8fcd618f208915b,0.0,0.0,0.0,0.0,0.0,1.0,0,torque_limited,0.06,1,5,5,1.0,0.014247426923762714
KIT_1226_Trial_75_poses_100_jpos,50.0,537,0.0,symmetric,0.0,50,severe,122af5c98cb9f86ad5cecaf098ba4f173dd0888367e3b318e575ab47c995fa76,797f79e9d91505d87a9e46f526df03e16078b4e0a4981293c8ab3778498f1437,993c448af3185f955bea7f7718c1849837b7d9957366bbf3d8fcd618f208915b,0.0,0.0,0.0,0.0,0.0,1.0,0,torque_limited,0.06,1,11,11,1.0,0.0
KIT_572_wave_left04_poses_100_jpos,50.0,291,0.0,symmetric,0.0,50,severe,de1081c88f0d133e66804e128fb4490cb91110a5764dc610fef3b087a1ac6b57,517729e8dc703633f37d33686165acfda5edd4d2e2a5b5551a81adc8267fce55,993c448af3185f955bea7f7718c1849837b7d9957366bbf3d8fcd618f208915b,0.0,0.0,0.0,0.0,0.0,1.0,0,torque_limited,0.06,1,6,6,1.0,0.030573877518804127
KIT_1226_Trial_44_poses_100_jpos,50.0,324,0.0,symmetric,0.0,50,severe,9ca4bbeed5f09393899c80544ada22ca4a919f18ed5ba1ca24b466d2dd1ff43b,4c3e94b946f0ffdd5334be24ace01f7b0e1ae6e2fcb4da8a19a720f27fd57a94,993c448af3185f955bea7f7718c1849837b7d9957366bbf3d8fcd618f208915b,0.0,0.0,0.0,0.0,0.0,1.0,0,torque_limited,0.06,1,7,7,1.0,0.007291869788234774
KIT_969_Trial_18_poses_100_jpos,50.0,916,0.0,symmetric,0.0,50,severe,3a272a532d9c4497c307c81e248f4b8f5bce00ea788c42c70103bbd22e64013a,5ce1e0b1a4837ab2e38144f66d3b354d7f1e83dd80789f377655f1700875724d,993c448af3185f955bea7f7718c1849837b7d9957366bbf3d8fcd618f208915b,0.0,0.0,0.0,0.0,0.0,1.0,0,torque_limited,0.06,1,19,19,1.0,0.02843370609248784
KIT_1226_Trial_06_poses_100_jpos,50.0,399,0.0,symmetric,0.0,50,severe,07555282fd0ce000e1ce73aed1104e07f27f7916279bf13812c1e292751fa4de,f489f8a45da7dbc711ae0cdf063f76327b2e15094f8cbf71f02e2dd290df8fc1,993c448af3185f955bea7f7718c1849837b7d9957366bbf3d8fcd618f208915b,0.0,0.0,0.0,0.0,0.0,1.0,0,torque_limited,0.06,1,8,8,1.0,0.0
KIT_969_Trial_76_poses_100_jpos,50.0,654,0.0,symmetric,0.0,50,severe,5bb1fa0b67a714574ba44de2f24f38acb9c1d5e78ad5bea4b4b334ead660c23f,9d5bb58d209a94d7d0c39e9f27db213b6305cdf54f45efe941d5d14586ea041c,993c448af3185f955bea7f7718c1849837b7d9957366bbf3d8fcd618f208915b,0.0,0.0,0.0,0.0,0.0,1.0,0,torque_limited,0.06,1,14,14,1.0,0.011006595906769487
KIT_572_wave_left15_poses_100_jpos,50.0,453,0.0,symmetric,0.0,50,severe,e75eb7181749f415bcbe3e45d606f73218814fc9f45f31997d55e66de8dc7f00,6702d551da4165b3a41d967a0c9fc5ab93d134a3eb3fd0d2a9055fed04433b6b,993c448af3185f955bea7f7718c1849837b7d9957366bbf3d8fcd618f208915b,0.0,0.0,0.0,0.0,0.0,1.0,0,torque_limited,0.06,1,10,10,1.0,0.03546569792181279
KIT_969_Trial_79_poses_100_jpos,50.0,772,0.0,symmetric,0.0,50,severe,6422cc9de7bfe130a24d946d9039af247d2e9ef8fed5edcf818e1cdb4fdd5b18,8c2600a07d3d544b12af797bcbdc1d710ef9c70bf45999f463bd613335a31707,993c448af3185f955bea7f7718c1849837b7d9957366bbf3d8fcd618f208915b,0.0,0.0,0.0,0.0,0.0,1.0,0,torque_limited,0.06,1,16,16,1.0,0.030879616293992166
KIT_572_stir_right15_poses_100_jpos,50.0,495,0.0,symmetric,0.0,50,severe,9e4a0c11579c72a2a397da96e3bf540a7fb7889925c6c8b331a313dee0d48110,fb9d457e304032de6728d750ad43a28961e012e22252cc61aa4bfbbfd049a9a8,993c448af3185f955bea7f7718c1849837b7d9957366bbf3d8fcd618f208915b,0.0,0.0,0.0,0.0,0.0,1.0,0,torque_limited,0.06,1,10,10,1.0,0.02883116650023228
KIT_572_stir_right14_poses_100_jpos,50.0,474,0.0,symmetric,0.0,50,severe,bdbed33ac2581faa6279954971f86e8b34dec9b5d15f85fd3fad706d7fc7b3c1,c63e906855b0283eb03fcf201d3072d7abecf1e3fb6175bf244e48ad606f37dc,993c448af3185f955bea7f7718c1849837b7d9957366bbf3d8fcd618f208915b,0.0,0.0,0.0,0.0,0.0,1.0,0,torque_limited,0.06,1,10,10,1.0,0.031491093844368254
KIT_969_Trial_33_poses_100_jpos,50.0,602,0.0,symmetric,0.0,50,severe,2fb94eabcc2c45ab989628b3c390c561ffec4b82d0573a1eca3a339b6f1f276f,6247df66c1863e90bff9f56fcea4d09cf05bf1df96aa5eed8e703c9967926a7e,993c448af3185f955bea7f7718c1849837b7d9957366bbf3d8fcd618f208915b,0.0,0.0,0.0,0.0,0.0,1.0,0,torque_limited,0.06,1,13,13,1.0,0.03546569792181279
KIT_572_wave_both13_poses_100_jpos,50.0,562,0.0,symmetric,0.0,50,severe,528ba2c53ab3674ea159f82acf59dc37e1fd6d990c12d16b28b64fc8b9ee130f,fdab17460228bb768ab81bd2f84bb40fd4cd02097248de94f7c013c1a7b3de73,993c448af3185f955bea7f7718c1849837b7d9957366bbf3d8fcd618f208915b,0.0,0.0,0.0,0.0,0.0,1.0,0,torque_limited,0.06,1,12,12,1.0,0.03668865302256495
KIT_969_Trial_60_poses_100_jpos,50.0,510,0.0,symmetric,0.0,50,severe,a5a9810b2e6c0ea928e5d7d161a15bf099054ace130407f03e2a46fe23bd3acd,c563f9fdc582579d32bb4c19d45be8d79fb7bde7eb1664323778352414513a3b,993c448af3185f955bea7f7718c1849837b7d9957366bbf3d8fcd618f208915b,0.0,0.0,0.0,0.0,0.0,1.0,0,torque_limited,0.06,1,11,11,1.0,0.014232139985003308
KIT_1747_displace_tilt_side_21_poses_100_jpos,50.0,461,0.0,symmetric,0.0,50,severe,003476a53e11f7518fdd5a347e5d72720276556fb947137de0c7f4963430ca0f,f1c557e30e116a73ba777c9e77f8e6bb926428a1d20bd0e633829c6379f1deb3,993c448af3185f955bea7f7718c1849837b7d9957366bbf3d8fcd618f208915b,0.0,0.0,0.0,0.0,0.0,1.0,0,torque_limited,0.06,1,10,10,1.0,0.0
KIT_969_Trial_62_poses_100_jpos,50.0,528,0.0,symmetric,0.0,50,severe,5397aa7bc2dd58cf133eb6ee5268a8df0a483f56ea270ebb7f5b103f45d0c52b,5d570ba8b3c954c46d8658d589c4dbe54bf96a563ef01856d79d0b33478c1508,993c448af3185f955bea7f7718c1849837b7d9957366bbf3d8fcd618f208915b,0.0,0.0,0.0,0.0,0.0,1.0,0,torque_limited,0.06,1,11,11,1.0,0.01426271386252212
KIT_1717_displace_tilt_side_26_poses_100_jpos,50.0,547,0.0,symmetric,0.0,50,severe,a1ef1a7989d84dc0070473effdc5472b38f6ea0783f4979adc780da4df677fda,48e6d6f88968a67801015988b5a5c274ebc5230bee3603456f465865b5d50c51,993c448af3185f955bea7f7718c1849837b7d9957366bbf3d8fcd618f208915b,0.0,0.0,0.0,0.0,0.0,1.0,0,torque_limited,0.06,1,11,11,1.0,0.00785748652233264
KIT_1226_Trial_24_poses_100_jpos,50.0,385,0.0,symmetric,0.0,50,severe,4ebcd4f522a3203003a874d0937824d05dcef4fd13c8d79f646b61a8520d6e37,a35278c015d7c014852ed5cbc47265e0fc592399b2dafa3c5c09f12bd1cebb81,993c448af3185f955bea7f7718c1849837b7d9957366bbf3d8fcd618f208915b,0.0,0.0,0.0,0.0,0.0,1.0,0,torque_limited,0.06,1,8,8,1.0,0.0
KIT_969_Trial_41_poses_100_jpos,50.0,622,0.0,symmetric,0.0,50,severe,a50f0053e73548db52910a21f1d66a7f7c0dde46884096f49096d0e1fd92bda0,e75fa8e43d6b5fd5277f016589afc681d77d14458e5daaa830af85e08362eb59,993c448af3185f955bea7f7718c1849837b7d9957366bbf3d8fcd618f208915b,0.0,0.0,0.0,0.0,0.0,1.0,0,torque_limited,0.06,1,13,13,1.0,0.03392171710711316
KIT_969_Trial_24_poses_100_jpos,50.0,825,0.0,symmetric,0.0,50,severe,c94e82b53bf81591cc00d79837690685951933ab22883263fbd7e3f79740d820,2745edb118d9e20a479348823e7fe78300717ee56f84293752b9bf0ea2f502d1,993c448af3185f955bea7f7718c1849837b7d9957366bbf3d8fcd618f208915b,0.0,0.0,0.0,0.0,0.0,1.0,0,torque_limited,0.06,1,17,17,1.0,0.013635949373386613
KIT_1747_displace_tilt_side_04_poses_100_jpos,50.0,474,0.0,symmetric,0.0,50,severe,19d8b0a88ef8a4534eeb64380ca38d4bfad28d4445cd58d4bb06c0223d32de93,64559a3a88d2a669d12cd1817de5cf598a52770b7cb7d4d709069288fc98764e,993c448af3185f955bea7f7718c1849837b7d9957366bbf3d8fcd618f208915b,0.0,0.0,0.0,0.0,0.0,1.0,0,torque_limited,0.06,1,10,10,1.0,0.040586822406212426
KIT_1226_Trial_19_poses_100_jpos,50.0,438,0.0,symmetric,0.0,50,severe,db4e078980a1c5684744484983f373d4776d70af8de29413ace512962ef3f3e7,0bc9c81091d86cab78151e658b4b78be1b28de0b708b9be969be7fd648c43103,993c448af3185f955bea7f7718c1849837b7d9957366bbf3d8fcd618f208915b,0.0,0.0,0.0,0.0,0.0,1.0,0,torque_limited,0.06,1,9,9,1.0,0.0
KIT_1717_displace_tilt_side_42_poses_100_jpos,50.0,501,0.0,symmetric,0.0,50,severe,625994d99baae40f778b6d895b327223a748c3ea7d34a26b3f8b7197ef7a4905,400da4404b620fccafe9e016a903b2179df62fd17cd70b52f2e77b39f8328c7c,993c448af3185f955bea7f7718c1849837b7d9957366bbf3d8fcd618f208915b,0.0,0.0,0.0,0.0,0.0,1.0,0,torque_limited,0.06,1,11,11,1.0,0.0
KIT_1226_Trial_78_poses_100_jpos,50.0,897,0.0,symmetric,0.0,50,severe,29aff46f7919e84330e7a2a4e250f58a68372a20a88065ef707d58f920174427,566eb860a8dbf9de8fd528d582cb601223c657b698ee250b9e04a33005791969,993c448af3185f955bea7f7718c1849837b7d9957366bbf3d8fcd618f208915b,0.0,0.0,0.0,0.0,0.0,1.0,0,torque_limited,0.06,1,18,18,1.0,0.0
KIT_1226_Trial_03_poses_100_jpos,50.0,5579,0.0,symmetric,0.0,50,severe,8f4d3b364fa45588514fa975561c525878ae9d959fae3752519acbf31e0b5b4c,5f570bf7cc175892b65974d6f6ce7e59f1c04a37b701cf792d1cb5baa8c88d83,993c448af3185f955bea7f7718c1849837b7d9957366bbf3d8fcd618f208915b,0.0,0.0,0.0,0.0,0.0,1.0,0,torque_limited,0.06,1,112,112,1.0,0.0
KIT_572_guitar_left13_poses_100_jpos,50.0,375,0.0,symmetric,0.0,50,severe,a557af8762427c0ed033ed2deddf7293b33be62a9a8902b1348aa313f4d2ed80,113911436e60ed6eb2244b73c26b72a13cf383f720dbf7304af1843ddcfeb7aa,993c448af3185f955bea7f7718c1849837b7d9957366bbf3d8fcd618f208915b,0.0,0.0,0.0,0.0,0.0,1.0,0,torque_limited,0.06,1,8,8,1.0,0.018436048143838892
KIT_572_stir_left09_poses_100_jpos,50.0,307,0.0,symmetric,0.0,50,severe,56175a5c9e00816668ff4003de659a5f31b653a32c384cf53802e047a9e008a1,6b74cfa5834aeb8c2f0a8948fcfba4f0c71441bd46debf2d2f1b8ae5a690a782,993c448af3185f955bea7f7718c1849837b7d9957366bbf3d8fcd618f208915b,0.0,0.0,0.0,0.0,0.0,1.0,0,torque_limited,0.06,1,7,7,1.0,0.03476249873888029
KIT_572_guitar_left10_poses_100_jpos,50.0,285,0.0,symmetric,0.0,50,severe,2348c1c3f9f62137256d825798e608260b407597984757d7cfcde8436859a138,b00d7f8728b6ab5015b6e6a5de966c6b09cfb099ddd6d9f5fc8e496d0fb22f29,993c448af3185f955bea7f7718c1849837b7d9957366bbf3d8fcd618f208915b,0.0,0.0,0.0,0.0,0.0,1.0,0,torque_limited,0.06,1,6,6,1.0,0.02042335018256116
KIT_572_guitar_left17_poses_100_jpos,50.0,350,0.0,symmetric,0.0,50,severe,6697ab330d41a596bbb193aad6c0fc05f9a75f65c8b2cd62557fc73229780bb3,6d7b0a26a92cc6756c15bfcc41b2f74df5a69d069399bdc34f3a4543e6ff96fe,993c448af3185f955bea7f7718c1849837b7d9957366bbf3d8fcd618f208915b,0.0,0.0,0.0,0.0,0.0,1.0,0,torque_limited,0.06,1,7,7,1.0,0.01790100528725982
KIT_1747_displace_tilt_side_02_poses_100_jpos,50.0,468,0.0,symmetric,0.0,50,severe,2ffc4b68f4cf33d2268a41f7ea85352c49f7b831450b143687fb7882e04a9ed8,36424d6f68c08644c2c419c48277a7b54af419442d72e14f6bfa25aef8d05c69,993c448af3185f955bea7f7718c1849837b7d9957366bbf3d8fcd618f208915b,0.0,0.0,0.0,0.0,0.0,1.0,0,torque_limited,0.06,1,10,10,1.0,0.04158047342557361
KIT_1229_take_of_t-shirt_left_arm_05_poses_100_jpos,50.0,169,0.0,symmetric,0.0,50,severe,5e8d80ad0d71f4cdf39c44beb6080d9a2a5fa9189a8263de4dd7be92bec8c221,a48b44e4979c018d5fe016b4ed748d6486d3c483a6dc095cbe414ce86c2f050b,993c448af3185f955bea7f7718c1849837b7d9957366bbf3d8fcd618f208915b,0.0,0.0,0.0,0.0,0.0,1.0,0,torque_limited,0.06,1,4,4,1.0,0.0
KIT_572_guitar_left18_poses_100_jpos,50.0,351,0.0,symmetric,0.0,50,severe,8434bc282b72bf1bf357d104f85613082b95e2e7245179bc023ed072741bc08e,0b1085e4c2093f0a9ea755a0d3dd034cea7247d811533ca90f12a580d042a12d,993c448af3185f955bea7f7718c1849837b7d9957366bbf3d8fcd618f208915b,0.0,0.0,0.0,0.0,0.0,1.0,0,torque_limited,0.06,1,8,8,1.0,0.020331628550004748
KIT_969_Trial_40_poses_100_jpos,50.0,552,0.0,symmetric,0.0,50,severe,149c8e4d1e212b315c1f9d2c35dd0f8cfdbda20fa3a45bfe59bebd0fdd1a64b3,07ceef7fad835dba3e5e6029d49c0d71e86797396298c6c01a3dd071f30673fe,993c448af3185f955bea7f7718c1849837b7d9957366bbf3d8fcd618f208915b,0.0,0.0,0.0,0.0,0.0,1.0,0,torque_limited,0.06,1,12,12,1.0,0.032683475067601574
KIT_441_drinking05_poses_100_jpos,50.0,699,0.0,symmetric,0.0,50,severe,e3ff6502c2067ecb8f12c765db6165c78869da245a720b1e8547f791b76602e2,dc8e7d4c3acea45bc7e6c5297f30d6b7f3a0565ab7fa6b1ba75ab8bc48952211,993c448af3185f955bea7f7718c1849837b7d9957366bbf3d8fcd618f208915b,0.0,0.0,0.0,0.0,0.0,1.0,0,torque_limited,0.06,1,14,14,1.0,0.0
BMLmovi_Subject_70_F_MoSh_Subject_70_F_19_poses_120_jpos,50.0,127,0.0,symmetric,0.0,50,severe,8f41b46bbccc4c3d8473493abc527d72907f39cf9f86a771963cf7659c9858b7,d02e776c78cd061c8de69ef3fbfa840bcfa7266726250265fb3d4bb8e45c2a34,993c448af3185f955bea7f7718c1849837b7d9957366bbf3d8fcd618f208915b,0.0,0.0,0.0,0.0,0.0,1.0,0,torque_limited,0.06,1,3,3,1.0,0.0
BMLmovi_Subject_64_F_MoSh_Subject_64_F_14_poses_120_jpos,50.0,197,0.0,symmetric,0.0,50,severe,4ab78c043208d5339dc031e634f17580c4fe891fe25dd676472c11b4ff85554e,d562ed04ed5b5d165a64ca3eb27510d5ea11650c2de2b86c33c84d3e4064c078,993c448af3185f955bea7f7718c1849837b7d9957366bbf3d8fcd618f208915b,0.0,0.0,0.0,0.0,0.0,1.0,0,torque_limited,0.06,1,4,4,1.0,0.0
KIT_969_Trial_69_poses_100_jpos,50.0,687,0.0,symmetric,0.0,50,severe,159172e81346fd36cb6fefe27834f89de3abd8d0b4d959e347316d7d1fc2333e,71aae9cc3b55a9f557ddd0270b5b22247ca1cdf058bf24712086fb8976052b79,993c448af3185f955bea7f7718c1849837b7d9957366bbf3d8fcd618f208915b,0.0,0.0,0.0,0.0,0.0,1.0,0,torque_limited,0.06,1,14,14,1.0,0.041091291385272705
BMLmovi_Subject_30_F_MoSh_Subject_30_F_5_poses_120_jpos,50.0,189,0.0,symmetric,0.0,50,severe,c36393938bc263f3808a458e87d5824af328d98ac2700ca5de73e666460cd476,66d5515b9add4406395b204553c048dfd72b6b8d6b36b110d6339d3e9df89f84,993c448af3185f955bea7f7718c1849837b7d9957366bbf3d8fcd618f208915b,0.0,0.0,0.0,0.0,0.0,1.0,0,torque_limited,0.06,1,4,4,1.0,0.0
CMU_111_111_37_poses_120_jpos,50.0,135,0.0,symmetric,0.0,50,severe,0be00357bdeef88e76bbef23acac444656a62b25ee7d37e16f8acb8a6d66ca87,bbd58b6be4bd45ef6b21f0eb5225a25b52a9dca75c92629cd203474cfe32c10a,993c448af3185f955bea7f7718c1849837b7d9957366bbf3d8fcd618f208915b,0.0,0.0,0.0,0.0,0.0,1.0,0,torque_limited,0.06,1,3,3,1.0,0.0
HUMAN4D_Subject3_Medhi_RGB_Talking_S3_01_poses_120_jpos,50.0,1045,0.0,symmetric,0.0,50,severe,874760a0d751dc3d891089f8fb46c8b72f98d01214cab1d80f691826d308bde8,794a607b20ca2224bfcd34c5f8498d9e454e0abeec4c14cea32b40f51f25ffa1,993c448af3185f955bea7f7718c1849837b7d9957366bbf3d8fcd618f208915b,0.0,0.0,0.0,0.0,0.0,1.0,0,torque_limited,0.06,1,21,21,1.0,0.035037663636549504
BMLmovi_Subject_64_F_MoSh_Subject_64_F_19_poses_120_jpos,50.0,200,0.0,symmetric,0.0,50,severe,f03b7e91df70ab5d55b4be0a9a2899a961392ef99b6a176ce7754547c40c8eb4,ef6cf4e9cb4fc692fd53aea245d8e6a16ef011054b187bb295d330e1f1cdc290,993c448af3185f955bea7f7718c1849837b7d9957366bbf3d8fcd618f208915b,0.0,0.0,0.0,0.0,0.0,1.0,0,torque_limited,0.06,1,4,4,1.0,0.008621833460302743
KIT_948_Wipe_Back_Dabbing_01_poses_100_jpos,50.0,524,0.0,symmetric,0.0,50,severe,f4b63c9726d6915273f470d7ad893fd43be4921f87b396980643cabef9e67d61,0b9e9bc373731a206ac23e6588920b4565c4a5eff05535f190dd9d9151c8188f,993c448af3185f955bea7f7718c1849837b7d9957366bbf3d8fcd618f208915b,0.0,0.0,0.0,0.0,0.0,1.0,0,torque_limited,0.06,1,11,11,1.0,0.0
CMU_13_13_07_poses_120_jpos,50.0,605,0.0,symmetric,0.0,50,severe,7875c8905959d2db12ae55fcab2f8f4a79429d62c6c9cacf5874e2e92add19ae,46211a6e026a94e64d77d6ea48875eab24908772185267f87f1aff73e7c7bee4,993c448af3185f955bea7f7718c1849837b7d9957366bbf3d8fcd618f208915b,0.0,0.0,0.0,0.0,0.0,1.0,0,torque_limited,0.06,1,13,13,1.0,0.02470369303519372
BMLmovi_Subject_5_F_MoSh_Subject_5_F_9_poses_120_jpos,50.0,119,0.0,symmetric,0.0,50,severe,c05c4df91f808cb5893c431da284d5b7c8a4b3c109134efe9a37ff70357ae45c,598f6d046eb6463aa58afc3e806ebef508b9abfaf8c8dfdcb2eaaef1ad8b6a5e,993c448af3185f955bea7f7718c1849837b7d9957366bbf3d8fcd618f208915b,0.0,0.0,0.0,0.0,0.0,1.0,0,torque_limited,0.06,1,3,3,1.0,0.0
HumanEva_S1_Gestures_3_poses_120_jpos,50.0,887,0.0,symmetric,0.0,50,severe,f5d287651d29d73ac8e96f6366d9633e6f2dcd47855d2af834c37616069a96bc,6bdb5301953ae6962eb422023a1a6e20832ac23543ed91dd2eed6acd5d64126a,993c448af3185f955bea7f7718c1849837b7d9957366bbf3d8fcd618f208915b,0.0,0.0,0.0,0.0,0.0,1.0,0,torque_limited,0.06,1,18,18,1.0,0.0
CMU_84_84_09_poses_120_jpos,50.0,83,0.0,symmetric,0.0,50,severe,9e3c6908f99a3e66acc1252f8caa44f897cba844e169163fbca6fb504572b4f5,14ef718f08b4787b1e3e0aab80153a39dbc4b3689a4a6f153e8a44d9d1f26c55,993c448af3185f955bea7f7718c1849837b7d9957366bbf3d8fcd618f208915b,0.0,0.0,0.0,0.0,0.0,1.0,0,torque_limited,0.06,1,2,2,1.0,0.0
KIT_950_Wipe_Head_Small_Circle_01_poses_100_jpos,50.0,468,0.0,symmetric,0.0,50,severe,6757d4c4ad887fa243462104128251b27b9185f1e97b36e20fa5acb20e277ee0,7e9d987abd39b05a4b9cfb3f0502e73549af88507aa3d130c359e366077cedf3,993c448af3185f955bea7f7718c1849837b7d9957366bbf3d8fcd618f208915b,0.0,0.0,0.0,0.0,0.0,1.0,0,torque_limited,0.06,1,10,10,1.0,0.0
BMLmovi_Subject_64_F_MoSh_Subject_64_F_13_poses_120_jpos,50.0,194,0.0,symmetric,0.0,50,severe,60c59d6dd4e8ee369d8fa5468db4133e6b149c3ff8bbbb4d96e51db83762a4c5,b40f8a946a198ed9d9b7c4e9754b44d0a9b0b3215d59d65190a1c2ef13b9cf96,993c448af3185f955bea7f7718c1849837b7d9957366bbf3d8fcd618f208915b,0.0,0.0,0.0,0.0,0.0,1.0,0,torque_limited,0.06,1,4,4,1.0,0.025697344054554865
BMLmovi_Subject_22_F_MoSh_Subject_22_F_10_poses_120_jpos,50.0,127,0.0,symmetric,0.0,50,severe,271f016ca1b6314550a00219050adcfd3a020f4ba7c0f3b1c3ae1dee949d9900,694cc27807b7a724d466042d00c247729403132e403234c7a9339feb783bb76a,993c448af3185f955bea7f7718c1849837b7d9957366bbf3d8fcd618f208915b,0.0,0.0,0.0,0.0,0.0,1.0,0,torque_limited,0.06,1,3,3,1.0,0.0
Eyes_Japan_Dataset_aita_pose-18-applause-aita_poses_120_jpos,50.0,1500,0.0,symmetric,0.0,50,severe,5b173f9a56801f4d2b48f027cd77d7fbab5d7fbb2d2d76d6e088199b3cf60ebe,5d562d698dd88201fad02ec1afb01cd359a99b0f47538660e9055796b49389bd,993c448af3185f955bea7f7718c1849837b7d9957366bbf3d8fcd618f208915b,0.0,0.0,0.0,0.0,0.0,1.0,0,torque_limited,0.06,1,30,30,1.0,0.0
KIT_950_Wipe_Head_Dabbing_01_poses_100_jpos,50.0,475,0.0,symmetric,0.0,50,severe,2568a86631715871fd8194bbd1ed171a958b103b055883493c7ac26078978473,e98923f153bc116afec271cfeb64209708069e4c11cf3a5c6eb9e57d4c13dab4,993c448af3185f955bea7f7718c1849837b7d9957366bbf3d8fcd618f208915b,0.0,0.0,0.0,0.0,0.0,1.0,0,torque_limited,0.06,1,10,10,1.0,0.0
BMLmovi_Subject_41_F_MoSh_Subject_41_F_5_poses_120_jpos,50.0,182,0.0,symmetric,0.0,50,severe,dfe91587ea58b5bf30e2c910b9b4fd0928bb18f729963acf6e6adaf493d0ec32,57382c0d476234313c0bcffc646ff467ab15828d4d89aa07ab91988d5af99599,993c448af3185f955bea7f7718c1849837b7d9957366bbf3d8fcd618f208915b,0.0,0.0,0.0,0.0,0.0,1.0,0,torque_limited,0.06,1,4,4,1.0,0.01771756202214699
TCD_handMocap_ExperimentDatabase_graspLumbrical001_1_poses_120_jpos,50.0,250,0.0,symmetric,0.0,50,severe,9524c4a0e746cb7fe574ed7363f90fd456e3806794bfc8b8bc40cfbe0758c3b8,77e44af7cc8298c46bbc3a906288de4aa5ec26cc18603b70e3148303c8d044a2,993c448af3185f955bea7f7718c1849837b7d9957366bbf3d8fcd618f208915b,0.0,0.0,0.0,0.0,0.0,1.0,0,torque_limited,0.06,1,5,5,1.0,0.0
BMLmovi_Subject_62_F_MoSh_Subject_62_F_7_poses_120_jpos,50.0,197,0.0,symmetric,0.0,50,severe,64edd348bb8bbde3e04c94895f9bcb2bb73bd7797154f1a629dc439fb8998be2,3f98b1e7fb6598be0c91cce5205372b687c88c5879a5eebedd6c880cfbf82200,993c448af3185f955bea7f7718c1849837b7d9957366bbf3d8fcd618f208915b,0.0,0.0,0.0,0.0,0.0,1.0,0,torque_limited,0.06,1,4,4,1.0,0.015042347739251628
BMLmovi_Subject_85_F_MoSh_Subject_85_F_7_poses_120_jpos,50.0,182,0.0,symmetric,0.0,50,severe,04554e8a2ddb295021e9d98425fa0103f12bea3f5dc3863872151f40b32e2d01,9e1d6cdcbef415a39564181118cfdab1f6632bb1762b70abbde7ca8f2cf9fdec,993c448af3185f955bea7f7718c1849837b7d9957366bbf3d8fcd618f208915b,0.0,0.0,0.0,0.0,0.0,1.0,0,torque_limited,0.06,1,4,4,1.0,0.021034827732937224
BMLmovi_Subject_67_F_MoSh_Subject_67_F_17_poses_120_jpos,50.0,215,0.0,symmetric,0.0,50,severe,e9ecdf7534b860c1f3cea2d807d6d99da3595fc69dc9a1fedead4ea96099c3ac,757a71d7a3cbc8be2ada550af5beb4cf6605c4dd32a20c0bd2ac4820d1d6a6a6,993c448af3185f955bea7f7718c1849837b7d9957366bbf3d8fcd618f208915b,0.0,0.0,0.0,0.0,0.0,1.0,0,torque_limited,0.06,1,5,5,1.0,0.0
BMLmovi_Subject_62_F_MoSh_Subject_62_F_8_poses_120_jpos,50.0,197,0.0,symmetric,0.0,50,severe,60e7b5c7dbadb9aa6b922c20dde92bb6559bce8ec6ccfd18d640c94459327a96,0fae7cea864395b21aa8203e1fc0712badcfcfc115ff22497e60d1e0244ea114,993c448af3185f955bea7f7718c1849837b7d9957366bbf3d8fcd618f208915b,0.0,0.0,0.0,0.0,0.0,1.0,0,torque_limited,0.06,1,4,4,1.0,0.022135487323614183
CMU_74_74_09_poses_120_jpos,50.0,83,0.0,symmetric,0.0,50,severe,fbbb749ae6fdae4a1affc5cc007e82a9667d3f278b70e4fd96658053919c54fa,76a3bc89ce2a507c9739967041e1eda9ebcf9743eafb302c919b807bf47dae0f,993c448af3185f955bea7f7718c1849837b7d9957366bbf3d8fcd618f208915b,0.0,0.0,0.0,0.0,0.0,1.0,0,torque_limited,0.06,1,2,2,1.0,0.0
KIT_883_wipe_leg_vertical07_poses_100_jpos,50.0,372,0.0,symmetric,0.0,50,severe,7c61a07189f5e0f80b6b8424ede51577f06add805e4a40b4368b94562fb5d46e,1b7825bd528e3479b651971a2511a06cc473f8b03fe0bc10118d705a79383788,993c448af3185f955bea7f7718c1849837b7d9957366bbf3d8fcd618f208915b,0.0,0.0,0.0,0.0,0.0,1.0,0,torque_limited,0.06,1,8,8,1.0,0.35051421881432987
BMLmovi_Subject_79_F_MoSh_Subject_79_F_10_poses_120_jpos,50.0,199,0.0,symmetric,0.0,50,severe,6afc548a4d88d3a32e0db160d0f195fa7bccce0e60d1896ddcafc6ce942a8bed,cea9da9e1f0477bc30c8dc6e2fb8bb12c1cef07d92387ffc0fa868bfd24cec85,993c448af3185f955bea7f7718c1849837b7d9957366bbf3d8fcd618f208915b,0.0,0.0,0.0,0.0,0.0,1.0,0,torque_limited,0.06,1,4,4,1.0,0.0
KIT_883_wipe_head_vertical03_poses_100_jpos,50.0,1008,0.0,symmetric,0.0,50,severe,4d4cbbc66a1145746e12537c842a24b6293baf19a4b56f95af824419be833759,948251f343a30333833361d2a07a5ba9922327886824e388107015da13552a5f,993c448af3185f955bea7f7718c1849837b7d9957366bbf3d8fcd618f208915b,0.0,0.0,0.0,0.0,0.0,1.0,0,torque_limited,0.06,1,21,21,1.0,0.31939001150018737
BMLmovi_Subject_48_F_MoSh_Subject_48_F_11_poses_120_jpos,50.0,232,0.0,symmetric,0.0,50,severe,3a7bb49e58e33ee37e66b49c4dbd03e016254634519a57bdd6d03abbc446330a,de0e145a523ff214fcf1b7211360a69a3296309040f34939d413744304811ac9,993c448af3185f955bea7f7718c1849837b7d9957366bbf3d8fcd618f208915b,0.0,0.0,0.0,0.0,0.0,1.0,0,torque_limited,0.06,1,5,5,1.0,0.0
BMLmovi_Subject_17_F_MoSh_Subject_17_F_20_poses_120_jpos,50.0,170,0.0,symmetric,0.0,50,severe,282f8b28501819935acca118aa2aece3b1459d5a992b589ba13f286cbe5d5d2f,45221f0df2541b5eb0b648de03355ee2ddc22ef6ca6a3c5eae28a47ee0ca3933,993c448af3185f955bea7f7718c1849837b7d9957366bbf3d8fcd618f208915b,0.0,0.0,0.0,0.0,0.0,1.0,0,torque_limited,0.06,1,4,4,1.0,0.0
KIT_883_wipe_back_dabbing03_poses_100_jpos,50.0,451,0.0,symmetric,0.0,50,severe,be37ae69965dac819c37c89a3c92392fea809f0bcc3c4ca007728d74fcbced0e,ef60db13ee20e2e5cb5af1a9f6b1c4d560ec0859c31c321fafcef5cdea744351,993c448af3185f955bea7f7718c1849837b7d9957366bbf3d8fcd618f208915b,0.0,0.0,0.0,0.0,0.0,1.0,0,torque_limited,0.06,1,10,10,1.0,0.2932034854053316
TCD_handMocap_ExperimentDatabase_TypingA_poses_120_jpos,50.0,250,0.0,symmetric,0.0,50,severe,9ecd8cf1ca3c87e7625225926c79247265f8e7cd417ca27073b0e1eaad192109,645ffe19637c4d193d828a16505e7b893b34ef854fbabc82731eabca0a4335e0,993c448af3185f955bea7f7718c1849837b7d9957366bbf3d8fcd618f208915b,0.0,0.0,0.0,0.0,0.0,1.0,0,torque_limited,0.06,1,5,5,1.0,0.0
KIT_950_Wipe_Leg_Dabbing_01_poses_100_jpos,50.0,243,0.0,symmetric,0.0,50,severe,6962df2b9bb05795f198f29681af0630b424ff138b021e8bf30feb37973cd2b7,ae74175a67bb54faeb2f32024f99be60ec8f360b74e30caef3580394b5c2170c,993c448af3185f955bea7f7718c1849837b7d9957366bbf3d8fcd618f208915b,0.0,0.0,0.0,0.0,0.0,1.0,0,torque_limited,0.06,1,5,5,1.0,0.0
BMLmovi_Subject_55_F_MoSh_Subject_55_F_3_poses_120_jpos,50.0,182,0.0,symmetric,0.0,50,severe,3a617a188e40927535be1468d810c7ab4931d76979e84fad306ce36d3f55c172,e97990bad6111960a68cd27edaa63c7d7d0b1c329e5cc7a894edde06a14b6913,993c448af3185f955bea7f7718c1849837b7d9957366bbf3d8fcd618f208915b,0.0,0.0,0.0,0.0,0.0,1.0,0,torque_limited,0.06,1,4,4,1.0,0.0
BMLmovi_Subject_55_F_MoSh_Subject_55_F_10_poses_120_jpos,50.0,182,0.0,symmetric,0.0,50,severe,d75ec94616860944655e372693f457df7c0156177fed401205846bf4a5cc0dc9,1d94c3d73c45a0e68e972abb9edbdd35fb72661ebafb6cf328944a661307b82e,993c448af3185f955bea7f7718c1849837b7d9957366bbf3d8fcd618f208915b,0.0,0.0,0.0,0.0,0.0,1.0,0,torque_limited,0.06,1,4,4,1.0,0.007001417951806138
GRAB_s8_fryingpan_cook_2,50.0,398,0.0,symmetric,0.0,50,severe,c142cedcaf3c721600e922a736e04cf13398eec7f731f3da3bbc18524b2e9286,73a1db49fc1e32e983f1657c556f6a78273abe3a4c83ebc23d4e2af7f4b5ca19,993c448af3185f955bea7f7718c1849837b7d9957366bbf3d8fcd618f208915b,0.0,0.0,0.0,0.0,0.0,1.0,0,torque_limited,0.06,1,8,8,1.0,0.006420514278948867
BMLmovi_Subject_27_F_MoSh_Subject_27_F_19_poses_120_jpos,50.0,209,0.0,symmetric,0.0,50,severe,20c1a628cb854ab5f9885263413877a9d1dd49989b79d57bf129425115c70102,f3cd2ae73bcae7b95c62ea04818b05e0e9825e077cf215019fc24a5fa5e4f8f4,993c448af3185f955bea7f7718c1849837b7d9957366bbf3d8fcd618f208915b,0.0,0.0,0.0,0.0,0.0,1.0,0,torque_limited,0.06,1,5,5,1.0,0.0
TCD_handMocap_ExperimentDatabase_TalkingC_poses_120_jpos,50.0,250,0.0,symmetric,0.0,50,severe,ce704d33b568ad477928465f946f3d691bbe67e8b23f598cc504ec7e40d1e642,6f0b5e2a3dd67e94a6b3a789c16f185784b3254c918cb6535a2132395a98c89f,993c448af3185f955bea7f7718c1849837b7d9957366bbf3d8fcd618f208915b,0.0,0.0,0.0,0.0,0.0,1.0,0,torque_limited,0.06,1,5,5,1.0,0.17963681736173365
KIT_950_Wipe_Leg_Dabbing_02_poses_100_jpos,50.0,327,0.0,symmetric,0.0,50,severe,900f41bb7b5536e2a2b9c5a5e49c2b4c4abbdb3491e793db6a7e8bb9a018c375,35c305e4b2318139afa307df466d1b381ffb02f0349e76ea3cfe463357c06ffe,993c448af3185f955bea7f7718c1849837b7d9957366bbf3d8fcd618f208915b,0.0,0.0,0.0,0.0,0.0,1.0,0,torque_limited,0.06,1,7,7,1.0,0.0
CMU_85_85_09_poses_120_jpos,50.0,105,0.0,symmetric,0.0,50,severe,bfa74bcf04b4cbe5181911650419b4d27a04fdcb11619a4d342e993fd8684c2f,6a3a0b90dbc5bc37c09f71ca9ff0250fbc033716b7b9ff217d271ee2260aaaa4,993c448af3185f955bea7f7718c1849837b7d9957366bbf3d8fcd618f208915b,0.0,0.0,0.0,0.0,0.0,1.0,0,torque_limited,0.06,1,3,3,1.0,0.0
BMLmovi_Subject_22_F_MoSh_Subject_22_F_12_poses_120_jpos,50.0,169,0.0,symmetric,0.0,50,severe,f0000105a4a35d7232612c5c244feb75139dcc239d33b2eaeb589cc74855ba13,e1b521bca56b0fcd9d801d6eff397add15c8dc5610a467535d591cf2ada69d79,993c448af3185f955bea7f7718c1849837b7d9957366bbf3d8fcd618f208915b,0.0,0.0,0.0,0.0,0.0,1.0,0,torque_limited,0.06,1,4,4,1.0,0.0
BMLmovi_Subject_17_F_MoSh_Subject_17_F_10_poses_120_jpos,50.0,115,0.0,symmetric,0.0,50,severe,461e9a46fc4f589b49867fe9328baf9bbd2a9df2dda4ad50b2ed6695ab41d367,b9d4c5c45189ed14986cac5e14aa590bae784f1cdbea6b9d5d6a4d4e80dcd107,993c448af3185f955bea7f7718c1849837b7d9957366bbf3d8fcd618f208915b,0.0,0.0,0.0,0.0,0.0,1.0,0,torque_limited,0.06,1,3,3,1.0,0.05613363912452437
BMLmovi_Subject_74_F_MoSh_Subject_74_F_11_poses_120_jpos,50.0,229,0.0,symmetric,0.0,50,severe,a6c087d99fda878eaffcacc35f7ebb3d6a0d0eeaf4cc9293e7e88fb8ff203ba2,4c1c7e0e619a6db59a6b66e655cd114d92b7e2e3bb9657ba529468a3b2a84f96,993c448af3185f955bea7f7718c1849837b7d9957366bbf3d8fcd618f208915b,0.0,0.0,0.0,0.0,0.0,1.0,0,torque_limited,0.06,1,5,5,1.0,0.0
GRAB_s8_cubesmall_pick_all,50.0,700,0.0,symmetric,0.0,50,severe,7526f53df3f60cec17a872f2d4d441faac14241e35c61ce536f6fce906197ff7,6fb2cb6bca66ccfc962dfd45bdcbb0540b65a842015bb7f88dff6f9f67d88025,993c448af3185f955bea7f7718c1849837b7d9957366bbf3d8fcd618f208915b,0.0,0.0,0.0,0.0,0.0,1.0,0,torque_limited,0.06,1,14,14,1.0,0.03702496567527177
KIT_955_wipe_head_vertical01_poses_100_jpos,50.0,480,0.0,symmetric,0.0,50,severe,cb8cb3121310a47c6336c9c1cc6f151190e681499fe6b458a62c3a5f159656d5,839174a794d8b470aa487897fa1b50e648232b21687f410612949c7712ce31da,993c448af3185f955bea7f7718c1849837b7d9957366bbf3d8fcd618f208915b,0.0,0.0,0.0,0.0,0.0,1.0,0,torque_limited,0.06,1,10,10,1.0,0.0
BMLmovi_Subject_83_F_MoSh_Subject_83_F_21_poses_120_jpos,50.0,190,0.0,symmetric,0.0,50,severe,94b8bf8a95751a72c62462090db356466f009d579414666d1b5cbba63740b562,ef36ed60f168ad04ac981438a7ac530916c266355dc403e6a0cca05ce56ed222,993c448af3185f955bea7f7718c1849837b7d9957366bbf3d8fcd618f208915b,0.0,0.0,0.0,0.0,0.0,1.0,0,torque_limited,0.06,1,4,4,1.0,0.0
KIT_952_wipe_back_biglcircles02_poses_100_jpos,50.0,614,0.0,symmetric,0.0,50,severe,167c1300d35d4909a3ce6e59ac9fb2e128b17b3908042f4a49241e9ce48b31e7,3c1ad755f817c3b6527d5c124c8774258c69a4c7c95f654360f2e15f2e32edbc,993c448af3185f955bea7f7718c1849837b7d9957366bbf3d8fcd618f208915b,0.0,0.0,0.0,0.0,0.0,1.0,0,torque_limited,0.06,1,13,13,1.0,0.0
BMLmovi_Subject_39_F_MoSh_Subject_39_F_17_poses_120_jpos,50.0,207,0.0,symmetric,0.0,50,severe,917e2e1b108b2316d37dd35de98f3cd061ac5da910f849046720d0c6c862cb08,98b15b89dc64f0d84624b7a9524ac931ad824c1eda4af4ecfaaafd6d44e3d4dd,993c448af3185f955bea7f7718c1849837b7d9957366bbf3d8fcd618f208915b,0.0,0.0,0.0,0.0,0.0,1.0,0,torque_limited,0.06,1,5,5,1.0,0.0
KIT_1721_RecoveryStepping_30_0_03_poses_100_jpos,50.0,237,0.0,symmetric,0.0,50,severe,09c4b6cac2081b07c6aa8541e80bc9762997ecc1e26879046cca7de28902589a,843bf9807d58143f6be598c2752f7f98074d626b502c6738f25443566f34abff,993c448af3185f955bea7f7718c1849837b7d9957366bbf3d8fcd618f208915b,0.0,0.0,0.0,0.0,0.0,1.0,0,torque_limited,0.06,1,5,5,1.0,0.0
KIT_883_wipe_leg_dabbing03_poses_100_jpos,50.0,463,0.0,symmetric,0.0,50,severe,b1e7cdcf00ca4ba34b8c7256bd7ce1c006ecf6de1f6c6fa54f5be81268dcd5a9,2a70bf8ea57d108cd8263c0acae918a1f5acd6e5d27f76813a1d684ecb321bd0,993c448af3185f955bea7f7718c1849837b7d9957366bbf3d8fcd618f208915b,0.0,0.0,0.0,0.0,0.0,1.0,0,torque_limited,0.06,1,10,10,1.0,0.3870347155105414
KIT_883_wipe_arm_vertical01_poses_100_jpos,50.0,499,0.0,symmetric,0.0,50,severe,b67105e40ef0ffc11024b88745fc100783eb167b733f3a3ce37be1b6b174157b,4f7c8fbc1736e0a57cd53f6995b71977160019627bedfb1133d588c61f9fa168,993c448af3185f955bea7f7718c1849837b7d9957366bbf3d8fcd618f208915b,0.0,0.0,0.0,0.0,0.0,1.0,0,torque_limited,0.06,1,10,10,1.0,0.384925117961744
BMLmovi_Subject_79_F_MoSh_Subject_79_F_15_poses_120_jpos,50.0,214,0.0,symmetric,0.0,50,severe,d913fc281165bc042759553c7672a952a5ed18e68e0ac16817b807104788fe00,a69056944c2216673db7c9bbb41134766e82c7deff696528bbac4f3c8ca0c359,993c448af3185f955bea7f7718c1849837b7d9957366bbf3d8fcd618f208915b,0.0,0.0,0.0,0.0,0.0,1.0,0,torque_limited,0.06,1,5,5,1.0,0.0
KIT_955_wipe_leg_bigcircles01_poses_100_jpos,50.0,552,0.0,symmetric,0.0,50,severe,1a48c7d0d88532b72e1efd1aad1620570e1e26a9e5e451149d7cf06700dc471d,0e8107e0c99b584ddb1cac7d081d4244c46b89b00467bd327a7e6d668127bd81,993c448af3185f955bea7f7718c1849837b7d9957366bbf3d8fcd618f208915b,0.0,0.0,0.0,0.0,0.0,1.0,0,torque_limited,0.06,1,12,12,1.0,0.0
GRAB_s4_spherelarge_pass_1,50.0,271,0.0,symmetric,0.0,50,severe,83d0d6d2c113f00e5441c1838d843380dc6a039b2c92b3ca3b75c2d228ee32a5,b39149946b7cd9220bdc4306f4ba1df42a56c01c561d747fb6a703544615e27b,993c448af3185f955bea7f7718c1849837b7d9957366bbf3d8fcd618f208915b,0.0,0.0,0.0,0.0,0.0,1.0,0,torque_limited,0.06,1,6,6,1.0,0.0039746040774445365
KIT_3_Drinking09_poses_100_jpos,50.0,399,0.0,symmetric,0.0,50,severe,e8877f3015986c963db75dde37af9ef8c0790160559b50a369750ff869bc4541,e5315d2ade3b68fd0503141c42bd965f6a7aae9cca75a4b126ef7edab251e028,993c448af3185f955bea7f7718c1849837b7d9957366bbf3d8fcd618f208915b,0.0,0.0,0.0,0.0,0.0,1.0,0,torque_limited,0.06,1,8,8,1.0,0.0489487779076054
BMLmovi_Subject_55_F_MoSh_Subject_55_F_13_poses_120_jpos,50.0,207,0.0,symmetric,0.0,50,severe,c007dca2bb717dced3eee17f66b9807d0be2f50e332185f612109906ed16d73e,43a538291dcc6830ea95d09c87853e78f084f071d10a924802ba6a5d0cf27f8c,993c448af3185f955bea7f7718c1849837b7d9957366bbf3d8fcd618f208915b,0.0,0.0,0.0,0.0,0.0,1.0,0,torque_limited,0.06,1,5,5,1.0,0.006756826931655701
BMLmovi_Subject_39_F_MoSh_Subject_39_F_20_poses_120_jpos,50.0,209,0.0,symmetric,0.0,50,severe,a2253fab696c396e9c52d7d627364081719f97d4d8fd9712e49e08984058d286,4c3788af5d14c7d676ca16b64a9f590623772cdef9aff49e78b56d60e79bae96,993c448af3185f955bea7f7718c1849837b7d9957366bbf3d8fcd618f208915b,0.0,0.0,0.0,0.0,0.0,1.0,0,torque_limited,0.06,1,5,5,1.0,0.016693337125267053
CMU_89_89_02_poses_120_jpos,50.0,150,0.0,symmetric,0.0,50,severe,409fb3bde67bf5dfd2d1806ffec602b2eaf62af0b6491bd8a7a6f07dd6285df0,3620a64220ed5fee1de7e324efc055081e268bf9014b5e1c4cc47735911ccd92,993c448af3185f955bea7f7718c1849837b7d9957366bbf3d8fcd618f208915b,0.0,0.0,0.0,0.0,0.0,1.0,0,torque_limited,0.06,1,3,3,1.0,0.010089379581205362
KIT_3_balancing01_poses_100_jpos,50.0,559,0.0,symmetric,0.0,50,severe,ccd04904b0164ca4ccefff758faccc0b55c32a54fdd24a2db238218e65c1a009,bd2603b8de3a6c66b3f62957ea83a7cedb51d3bf17be64cf697b54dd590b9883,993c448af3185f955bea7f7718c1849837b7d9957366bbf3d8fcd618f208915b,0.0,0.0,0.0,0.0,0.0,1.0,0,torque_limited,0.06,1,12,12,1.0,0.0
BMLmovi_Subject_71_F_MoSh_Subject_71_F_13_poses_120_jpos,50.0,179,0.0,symmetric,0.0,50,severe,d61676abd4834cb1fbfa08fb91f06fd12fb353e0995e7ebca5ddca3ff46ec7ea,ead8428d29f55570820a2ae30aaa4ab0f35e2289f3a046dee630934ccfad5144,993c448af3185f955bea7f7718c1849837b7d9957366bbf3d8fcd618f208915b,0.0,0.0,0.0,0.0,0.0,1.0,0,torque_limited,0.06,1,4,4,1.0,0.0140945575361687
Eyes_Japan_Dataset_aita_gesture_etc-22-mobile_receive-aita_poses_120_jpos,50.0,1500,0.0,symmetric,0.0,50,severe,fad0908dad38b55c986a172093ef94b1dfc2ab0add142cdc5243cc29c543933d,14cf05e08487123df511f57b30b43b32d7915f9387f4382263455d9e322e7b27,993c448af3185f955bea7f7718c1849837b7d9957366bbf3d8fcd618f208915b,0.0,0.0,0.0,0.0,0.0,1.0,0,torque_limited,0.06,1,30,30,1.0,0.0
GRAB_s8_cylindersmall_pick_all,50.0,792,0.0,symmetric,0.0,50,severe,c17353076dce119dbc6d1e8f000e447680648a4cb2f56df4291ddd36c3f79739,32162b0adde583ca4cc970165b001d4e7cb75ae0740639931ec96acf1a2e807f,993c448af3185f955bea7f7718c1849837b7d9957366bbf3d8fcd618f208915b,0.0,0.0,0.0,0.0,0.0,1.0,0,torque_limited,0.06,1,16,16,1.0,0.015286938759402064
HumanEva_S3_Gestures_3_poses_120_jpos,50.0,746,0.0,symmetric,0.0,50,severe,f46c6d9adcd360c2f305bffbe210331f63e574723125e2c0544afa97f4f74a5e,cbfbb1e138c8c329a9a5a31549938f4bb7411b5497c92993c0ec29bde6a634d7,993c448af3185f955bea7f7718c1849837b7d9957366bbf3d8fcd618f208915b,0.0,0.0,0.0,0.0,0.0,1.0,0,torque_limited,0.06,1,15,15,1.0,0.013681810189664847
KIT_291_walk_like_an_egyptian01_poses_100_jpos,50.0,172,0.0,symmetric,0.0,50,severe,84d7003880dfc4ec8c66432d10d7710bd0db88201c4dc137e3c60c19847ce8a0,b513b2f556edb6e940da10c729a214753be203707f1d6dacfecf07fc29169097,993c448af3185f955bea7f7718c1849837b7d9957366bbf3d8fcd618f208915b,0.0,0.0,0.0,0.0,0.0,1.0,0,torque_limited,0.06,1,4,4,1.0,0.003194970200715028
GRAB_s8_wineglass_pick_all,50.0,948,0.0,symmetric,0.0,50,severe,74f877908ab366b2e55d7057f70360632f9fbf26d5fe2a83167a0b2b2d5a5351,fba65ba562db7465223d962887e3d54a101c48c5b478edf82632d91f801cae4b,993c448af3185f955bea7f7718c1849837b7d9957366bbf3d8fcd618f208915b,0.0,0.0,0.0,0.0,0.0,1.0,0,torque_limited,0.06,1,19,19,1.0,0.0
GRAB_s4_stanfordbunny_pick_all,50.0,1040,0.0,symmetric,0.0,50,severe,63e83a8748eeea1b7b320891c853f3ce23601f21eabe4b0b56a7a40da520c527,181a7c1d07db8ca12da2bacc648e2ec157405947375813a5decc2d1a50aabe11,993c448af3185f955bea7f7718c1849837b7d9957366bbf3d8fcd618f208915b,0.0,0.0,0.0,0.0,0.0,1.0,0,torque_limited,0.06,1,21,21,1.0,0.05290809504629053
CMU_79_79_39_poses_60_jpos,50.0,673,0.0,symmetric,0.0,50,severe,14d5f4090bcd6a95713410db67d8b651b2176e93404e3ca3c4634cc0681f77ba,f0cbeb6b8299829bed54ea847b529ac30622da7f3199a0eef27c6a4124e314fc,993c448af3185f955bea7f7718c1849837b7d9957366bbf3d8fcd618f208915b,0.0,0.0,0.0,0.0,0.0,1.0,0,torque_limited,0.06,1,14,14,1.0,0.025987795890983507
KIT_952_wipe_back_smallcircle02_poses_100_jpos,50.0,528,0.0,symmetric,0.0,50,severe,d0a081fdbcd89717d1399f6e668e6d8f6c7619c516b0e2e64141e7a88e0c94de,40a72e3158781a7f169ea81f6350d9c941ea860e90bf102e2377cd161e20c8b9,993c448af3185f955bea7f7718c1849837b7d9957366bbf3d8fcd618f208915b,0.0,0.0,0.0,0.0,0.0,1.0,0,torque_limited,0.06,1,11,11,1.0,0.0
BMLmovi_Subject_57_F_MoSh_Subject_57_F_6_poses_120_jpos,50.0,300,0.0,symmetric,0.0,50,severe,8390dca98d9286c558be519329d325d399b85988a7fc23f917574fa5a1ef372b,4c52c856da1a65cc0f0d482f66e14b186b4fbb7f0de5f7b33cd851e76351427d,993c448af3185f955bea7f7718c1849837b7d9957366bbf3d8fcd618f208915b,0.0,0.0,0.0,0.0,0.0,1.0,0,torque_limited,0.06,1,6,6,1.0,0.012596437537747314
KIT_955_wipe_arm_bigcircles01_poses_100_jpos,50.0,651,0.0,symmetric,0.0,50,severe,8a774b3dc5e9b6f6b648b20123e702fd36fc732afd24aff42756c4a959c7a4eb,5f40e4e38a20d15132e51b970446df55c3b6f68d7683b22133c44f1048429f87,993c448af3185f955bea7f7718c1849837b7d9957366bbf3d8fcd618f208915b,0.0,0.0,0.0,0.0,0.0,1.0,0,torque_limited,0.06,1,14,14,1.0,0.0
BMLmovi_Subject_88_F_MoSh_Subject_88_F_17_poses_120_jpos,50.0,174,0.0,symmetric,0.0,50,severe,b01c5c26597b89fbf28157d26d439d35b7ca70f9de927501b486fc7ecc685579,154805aa59a37da90b33be8e7bf991d1b614ee8ad870a95d623371c47d1c439e,993c448af3185f955bea7f7718c1849837b7d9957366bbf3d8fcd618f208915b,0.0,0.0,0.0,0.0,0.0,1.0,0,torque_limited,0.06,1,4,4,1.0,0.011618073457145568
CMU_80_80_40_poses_60_jpos,50.0,762,0.0,symmetric,0.0,50,severe,9c4df13cc4c5f90f9e4f4a53111f1fe9526164fd7641590bba0a6a8ac88aa132,00de3d323280cc732b546582ddeba4fb177e3c584a0dfeb44d1729c6487fcbe6,993c448af3185f955bea7f7718c1849837b7d9957366bbf3d8fcd618f208915b,0.0,0.0,0.0,0.0,0.0,1.0,0,torque_limited,0.06,1,16,16,1.0,0.02811268037854037
Eyes_Japan_Dataset_kudo_gesture_etc-18-eat-kudo_poses_120_jpos,50.0,1650,0.0,symmetric,0.0,50,severe,f7b61e8bdd7b6a0c56c9115a16a7390edc6246b350de76e30622f077c2b88143,592fa1c5feb0ca3e03296fd1479b67509b0de775865379a9844d8f06d993a608,993c448af3185f955bea7f7718c1849837b7d9957366bbf3d8fcd618f208915b,0.0,0.0,0.0,0.0,0.0,1.0,0,torque_limited,0.06,1,33,33,1.0,0.01942969916320001
BMLmovi_Subject_18_F_MoSh_Subject_18_F_17_poses_120_jpos,50.0,174,0.0,symmetric,0.0,50,severe,c97e747c12490fac9790e98e16c42613c86ac56f92f0b4a7916f53e26d41c471,8abcef15cad424ad6f7970ef03b34deed3c794e88e36ae5d56f0c1f21a81cf53,993c448af3185f955bea7f7718c1849837b7d9957366bbf3d8fcd618f208915b,0.0,0.0,0.0,0.0,0.0,1.0,0,torque_limited,0.06,1,4,4,1.0,0.04740479709290579
KIT_572_golf_putting05_poses_100_jpos,50.0,292,0.0,symmetric,0.0,50,severe,eba6053f77148558c841f6e37523f62d1266844f46228d6dbb856710a32eef33,f303595d976fe76e447cda1afef3707d23d45d1a9d37ddb9947a8e48e6a1e986,993c448af3185f955bea7f7718c1849837b7d9957366bbf3d8fcd618f208915b,0.0,0.0,0.0,0.0,0.0,1.0,0,torque_limited,0.06,1,6,6,1.0,0.020790236712786805
Eyes_Japan_Dataset_aita_pose-14-look_up-aita_poses_120_jpos,50.0,1500,0.0,symmetric,0.0,50,severe,45b24436b73fb85f8f05de8a59509a20495bc60da98b3c13ef3535281ee35384,46ecf00263e5fb9b88d19a07886f14811377b8cf0b786c0a25030ce5ff4411b4,993c448af3185f955bea7f7718c1849837b7d9957366bbf3d8fcd618f208915b,0.0,0.0,0.0,0.0,0.0,1.0,0,torque_limited,0.06,1,30,30,1.0,0.00032102571394742945
Eyes_Japan_Dataset_shiono_gesture_etc-33-watch_here-shiono_poses_120_jpos,50.0,1500,0.0,symmetric,0.0,50,severe,e7fe87f8517a795091a503c5b160df01b395f6293783d66dc9d9d6318ac2b250,3eea5e850cfc9b19074a4956a8060474c6a3fd9f5bf06c843d16fcd745f26659,993c448af3185f955bea7f7718c1849837b7d9957366bbf3d8fcd618f208915b,0.0,0.0,0.0,0.0,0.0,1.0,0,torque_limited,0.06,1,30,30,1.0,0.061147755037608255
BMLmovi_Subject_20_F_MoSh_Subject_20_F_7_poses_120_jpos,50.0,145,0.0,symmetric,0.0,50,severe,b2af0968a7b45f1b0771bc2b24a8fb2c96e8a4a1d2772a56ffe3e16c20817944,d3bbb2cbd8fe9c23b04db49dd9b0c162f05ec3870aa2ba3a683e839edd5c3756,993c448af3185f955bea7f7718c1849837b7d9957366bbf3d8fcd618f208915b,0.0,0.0,0.0,0.0,0.0,1.0,0,torque_limited,0.06,1,3,3,1.0,0.004280342852632578
GRAB_s4_spherelarge_pick_all,50.0,768,0.0,symmetric,0.0,50,severe,b65c0a2058b9cb465b0b3b433ae0418ac30c4e0c199f2e6f118b72587f951c3b,89887180a1b4c3fb24c4797a9110b45b7aa5fca19ae189585d1bb0ed2981060f,993c448af3185f955bea7f7718c1849837b7d9957366bbf3d8fcd618f208915b,0.0,0.0,0.0,0.0,0.0,1.0,0,torque_limited,0.06,1,16,16,1.0,0.01965900324459104
BMLmovi_Subject_5_F_MoSh_Subject_5_F_10_poses_120_jpos,50.0,149,0.0,symmetric,0.0,50,severe,a7335af181aa04263016a208cef214da22e72d73500c770161985c3225dc1d6f,7c130a0420abaea6f0f3d6c44043c079351f98ee02ee21bc78ad037208af2ebd,993c448af3185f955bea7f7718c1849837b7d9957366bbf3d8fcd618f208915b,0.0,0.0,0.0,0.0,0.0,1.0,0,torque_limited,0.06,1,3,3,1.0,0.0
GRAB_s8_stanfordbunny_pick_all,50.0,838,0.0,symmetric,0.0,50,severe,a018cfda85fc7ef92aa6ab356cb743e0625cabfae19fed863482994bb0c9c9ad,7e5bcbe32532ee2f634fed98ec566c01b33e7bec94cca2cfdf807254db7cd9f1,993c448af3185f955bea7f7718c1849837b7d9957366bbf3d8fcd618f208915b,0.0,0.0,0.0,0.0,0.0,1.0,0,torque_limited,0.06,1,17,17,1.0,0.04835258729598872
Eyes_Japan_Dataset_shiono_throw_toss-13-pass_to_right_light-shiono_poses_120_jpos,50.0,1417,0.0,symmetric,0.0,50,severe,c9d71f1d1dd595b2b77573055613d46c7f7f959e437cc5919b88c253b1539acf,912bb3fc938ae7def871b77861cfdfe0235e53b21e86c62fe9ff87483b5d5ef8,993c448af3185f955bea7f7718c1849837b7d9957366bbf3d8fcd618f208915b,0.0,0.0,0.0,0.0,0.0,1.0,0,torque_limited,0.06,1,29,29,1.0,0.019873020387222683
Eyes_Japan_Dataset_kaiwa_gesture_etc-01-set_1-kaiwa_poses_120_jpos,50.0,1500,0.0,symmetric,0.0,50,severe,64950260fb87ea04252dbef2bda1e1ff6bbea054b303a245513ee7f0a5f56db4,6f3e3de15819371330a5ee939317baac1d8839f755809f928019f01d77bb6f87,993c448af3185f955bea7f7718c1849837b7d9957366bbf3d8fcd618f208915b,0.0,0.0,0.0,0.0,0.0,1.0,0,torque_limited,0.06,1,30,30,1.0,0.0385230856736932
BMLmovi_Subject_72_F_MoSh_Subject_72_F_17_poses_120_jpos,50.0,172,0.0,symmetric,0.0,50,severe,76f667ddccc953180601889bbd8acdcdbfb0802b5e88d50c7fa00b72818e8666,35085ff5b191c56f955949fcface32e0f5b8282b04ac456ae3443ba13d24164a,993c448af3185f955bea7f7718c1849837b7d9957366bbf3d8fcd618f208915b,0.0,0.0,0.0,0.0,0.0,1.0,0,torque_limited,0.06,1,4,4,1.0,0.011893238354814798
CMU_80_80_16_poses_60_jpos,50.0,1049,0.0,symmetric,0.0,50,severe,bd68a06bab37a0fcd81e797171062cd0fd03c040981559234ecbfe9ed16a12f8,84580378a6ab75ea0fcf189866ab1a6a6be6481b73e87232d48d035b7451f8ad,993c448af3185f955bea7f7718c1849837b7d9957366bbf3d8fcd618f208915b,0.0,0.0,0.0,0.0,0.0,1.0,0,torque_limited,0.06,1,21,21,1.0,0.03424274282106062
CMU_80_80_06_poses_60_jpos,50.0,801,0.0,symmetric,0.0,50,severe,6185fdaf77516ce38535a0c70c4fd9ff92717eca2a01eb38b90adb8c530fa5c3,f16a647a04c8a424e94b9e5c821c70388dc12dbca949b0f258e2eb121e471b17,993c448af3185f955bea7f7718c1849837b7d9957366bbf3d8fcd618f208915b,0.0,0.0,0.0,0.0,0.0,1.0,0,torque_limited,0.06,1,17,17,1.0,0.021095975487974847
GRAB_s9_wineglass_drink_1,50.0,395,0.0,symmetric,0.0,50,severe,b133ccc3fe8a496db9137d6256514349473917cb343c2428c15bc72d41032b16,629c5068c164929a103611b85feb89744ee446d8428c7288fad0a6c7f1520e9d,993c448af3185f955bea7f7718c1849837b7d9957366bbf3d8fcd618f208915b,0.0,0.0,0.0,0.0,0.0,1.0,0,torque_limited,0.06,1,8,8,1.0,0.005075263668121458
GRAB_s4_wineglass_toast_1,50.0,258,0.0,symmetric,0.0,50,severe,245c263400ae76de900ea8537a11f396dc782f1531a03e9c3d67d15d97c6abd8,4abfab98d39e1128f60acc63bcf9e48d5f3da76058d35d87ed93a1906ba4745a,993c448af3185f955bea7f7718c1849837b7d9957366bbf3d8fcd618f208915b,0.0,0.0,0.0,0.0,0.0,1.0,0,torque_limited,0.06,1,6,6,1.0,0.0031491093844368116
GRAB_s8_bowl_drink_2,50.0,417,0.0,symmetric,0.0,50,severe,23576ef1dd356853708e521132f9e4be17f21a93f6582eb410fcfb22fe20f929,2447c24e652596e61434da4c08ce77b26764079d4a18c5fb5a68cdfeba523e1b,993c448af3185f955bea7f7718c1849837b7d9957366bbf3d8fcd618f208915b,0.0,0.0,0.0,0.0,0.0,1.0,0,torque_limited,0.06,1,9,9,1.0,0.00617592325879843
GRAB_s9_cylinderlarge_pick_all,50.0,705,0.0,symmetric,0.0,50,severe,bd8ed3215f5e8edc27b4200eb9365b441fb2c45d08caa8a6edd2806962240a48,1c111accd824eae9032a532b772c649beb8b9f90da9ba0902a359e8e048eb511,993c448af3185f955bea7f7718c1849837b7d9957366bbf3d8fcd618f208915b,0.0,0.0,0.0,0.0,0.0,1.0,0,torque_limited,0.06,1,15,15,1.0,0.020423350182561143
BMLmovi_Subject_51_F_MoSh_Subject_51_F_9_poses_120_jpos,50.0,197,0.0,symmetric,0.0,50,severe,88cc3b6bab6b83b58e863199a4d64effb9524d27b6594b8fdb8daece2e8a04e6,1f5d526f2c64dd86f53c9958c069f963484a3e7187d68b0d8ef714f33836cc89,993c448af3185f955bea7f7718c1849837b7d9957366bbf3d8fcd618f208915b,0.0,0.0,0.0,0.0,0.0,1.0,0,torque_limited,0.06,1,4,4,1.0,0.01987302038722267
CMU_79_79_96_poses_60_jpos,50.0,465,0.0,symmetric,0.0,50,severe,e90aa2f17b4f16154848af5122127a47050de4924f247c8854f432f6ad6f2df2,bd54b232fbc83bc5a8ee859953f7000080c155d9c5f2b20dcea4d8b6625db911,993c448af3185f955bea7f7718c1849837b7d9957366bbf3d8fcd618f208915b,0.0,0.0,0.0,0.0,0.0,1.0,0,torque_limited,0.06,1,10,10,1.0,0.04836787423474807
KIT_3_wave_right04_poses_100_jpos,50.0,221,0.0,symmetric,0.0,50,severe,5730c233a2a2ba4ec386f56e39f4e6f1ed2d4f70506e5e04f8596a11a2a398c4,d451fb17033624f9a73a26bab3e5adc7e24a353035576ab107203e6bcbe4bde9,993c448af3185f955bea7f7718c1849837b7d9957366bbf3d8fcd618f208915b,0.0,0.0,0.0,0.0,0.0,1.0,0,torque_limited,0.06,1,5,5,1.0,0.04586081627820619
HUMAN4D_Subject1_2_Aude_INF_TalkingWhispering_S1S2_01_poses_120_jpos,50.0,2628,0.0,symmetric,0.0,50,severe,411bcad0af1d91b608b510a3358091e8bfa672239e4d5409d5e930c9affbf0b2,6e0807d92dd13156f30864aa1b1dfb8f042fe3ab9a661ab505c3ac0ff0662398,993c448af3185f955bea7f7718c1849837b7d9957366bbf3d8fcd618f208915b,0.0,0.0,0.0,0.0,0.0,1.0,0,torque_limited,0.06,1,53,53,1.0,0.07449325257456628
GRAB_s8_camera_offhand_1,50.0,495,0.0,symmetric,0.0,50,severe,26015e6426d1ba7894485e1bcd8a78b4b7e23911b64cbcde0239c103a1e693fc,4046622c4355202c663403c7134d102551130ca8013448536e084ddeabd3858b,993c448af3185f955bea7f7718c1849837b7d9957366bbf3d8fcd618f208915b,0.0,0.0,0.0,0.0,0.0,1.0,0,torque_limited,0.06,1,10,10,1.0,0.02629353466617155
GRAB_s8_gamecontroller_pass_1,50.0,383,0.0,symmetric,0.0,50,severe,20cbc78f95f7f46ceddede1b6af22cb0e4d8034f695e40878486455c9b8e02f9,a3993a66d7ba40c3bf5b43d27e1af0f15a201b922e5fbdf86984008b8084f0ea,993c448af3185f955bea7f7718c1849837b7d9957366bbf3d8fcd618f208915b,0.0,0.0,0.0,0.0,0.0,1.0,0,torque_limited,0.06,1,8,8,1.0,0.04338433219918304
GRAB_s8_wineglass_drink_1,50.0,428,0.0,symmetric,0.0,50,severe,b15b1d88263d8a18a3bc98568294b78b86030420244928a423ca68dea1c43c09,f74a72e09b5ef6b042ac2213593d5f2debd6848b6b413779406f992cd1d284d4,993c448af3185f955bea7f7718c1849837b7d9957366bbf3d8fcd618f208915b,0.0,0.0,0.0,0.0,0.0,1.0,0,torque_limited,0.06,1,9,9,1.0,0.018650065286470518
Eyes_Japan_Dataset_aita_greeting-02-bye-aita_poses_120_jpos,50.0,1500,0.0,symmetric,0.0,50,severe,f7c3f42684221b3372105c9cbf9ab685f6bf779c5bc40c725e6ae36614aca0c8,fd6dbdb98a15153282003becb387fc751d27146e42e80d1430c9616680d3b50c,993c448af3185f955bea7f7718c1849837b7d9957366bbf3d8fcd618f208915b,0.0,0.0,0.0,0.0,0.0,1.0,0,torque_limited,0.06,1,30,30,1.0,0.032714048945120415
KIT_9_walking_slow10_poses_100_jpos,50.0,370,0.0,symmetric,0.0,50,severe,3fe855f1fe0a85274258ae9630165eece977106240191a3ad04b0d0548842cbb,e1997cb21f2dcb843ce5c6768b2b604aad5f474d61f2b51d863910b22e5102c3,993c448af3185f955bea7f7718c1849837b7d9957366bbf3d8fcd618f208915b,0.0,0.0,0.0,0.0,0.0,1.0,0,torque_limited,0.06,1,8,8,1.0,0.04564679913557458
CMU_62_62_14_poses_60_jpos,50.0,561,0.0,symmetric,0.0,50,severe,5926752095e68a9dfb6f68438b4b591f39a697420b679aca27f79bd7f08887be,965c0172b407091bee1ce20146a2010ddd2e8eec077e90e2d62d37125cc1fc88,993c448af3185f955bea7f7718c1849837b7d9957366bbf3d8fcd618f208915b,0.0,0.0,0.0,0.0,0.0,1.0,0,torque_limited,0.06,1,12,12,1.0,0.018038587736094437
CMU_13_13_08_poses_120_jpos,50.0,668,0.0,symmetric,0.0,50,severe,e4efb53b77ec5fe82f0159c82e01094433a397ba2dd9394bb16e48bb422d2f12,30b0a0508b7a6e896be5e458f77fc3301d7796bdc439bf1ab8f00e3f40a1f0b6,993c448af3185f955bea7f7718c1849837b7d9957366bbf3d8fcd618f208915b,0.0,0.0,0.0,0.0,0.0,1.0,0,torque_limited,0.06,1,14,14,1.0,0.0200717505910949
GRAB_s2_hand_pick_all,50.0,1109,0.0,symmetric,0.0,50,severe,5090a35923ed7e3208551030dd21da7fb0d2e1053c86e2a9aa1eb10c9787d7e9,205ccd859348497d85845d55515625aed589cde291360d0aacc12e39ca6c55e9,993c448af3185f955bea7f7718c1849837b7d9957366bbf3d8fcd618f208915b,0.0,0.0,0.0,0.0,0.0,1.0,0,torque_limited,0.06,1,23,23,1.0,0.0
BMLmovi_Subject_18_F_MoSh_Subject_18_F_3_poses_120_jpos,50.0,157,0.0,symmetric,0.0,50,severe,a22f49a24cf662cb5d1b14fae40d9e6e1d9e787a38ca7ed69b763d91c8882872,ba3be3d6078c0d89a0047bd12ead64df4d77290278a7a11965812c515f80c815,993c448af3185f955bea7f7718c1849837b7d9957366bbf3d8fcd618f208915b,0.0,0.0,0.0,0.0,0.0,1.0,0,torque_limited,0.06,1,4,4,1.0,0.024214510994892868
GRAB_s9_torussmall_inspect_1,50.0,250,0.0,symmetric,0.0,50,severe,c67c5e6944b385c3ff1e898af5063247e97c535d02f4bb9b7543aaa93e4b8b26,494236a55b303f01db50a93228c18d87aea3b04c4b9f07ffb1f8e7ffb92bd22f,993c448af3185f955bea7f7718c1849837b7d9957366bbf3d8fcd618f208915b,0.0,0.0,0.0,0.0,0.0,1.0,0,torque_limited,0.06,1,5,5,1.0,0.008560685705265155
GRAB_s1_cubemedium_pick_all,50.0,1177,0.0,symmetric,0.0,50,severe,70b05b6ab4e2fec24880207ae590b9dd3ea184d502cef8ec7d6a2a9d5b1a4f64,e55961cb602dff7e361f1e4cd231cec87c338ebec8055cca7601bf3b250c60e7,993c448af3185f955bea7f7718c1849837b7d9957366bbf3d8fcd618f208915b,0.0,0.0,0.0,0.0,0.0,1.0,0,torque_limited,0.06,1,24,24,1.0,0.011067743661807109
GRAB_s1_cup_pick_all,50.0,1556,0.0,symmetric,0.0,50,severe,e193d8fbabd9d033aca1ea2d2d4324ad841bdab1ec68dbf513ba17f246869c94,0b0ec3ec9606c9d669d76aef3e846947735fc07762cd9a13b72566d4186271ee,993c448af3185f955bea7f7718c1849837b7d9957366bbf3d8fcd618f208915b,0.0,0.0,0.0,0.0,0.0,1.0,0,torque_limited,0.06,1,32,32,1.0,0.0
GRAB_s8_cubelarge_pick_all,50.0,1025,0.0,symmetric,0.0,50,severe,8e7c824e4ec019304d3d9c13c341f7e66350bea6e72e5b52c47849049554feb9,5b4b115a89006cb5eacb3c765601a4c5ade5e1172b9d28d833d45b73fc249b30,993c448af3185f955bea7f7718c1849837b7d9957366bbf3d8fcd618f208915b,0.0,0.0,0.0,0.0,0.0,1.0,0,torque_limited,0.06,1,21,21,1.0,0.03571028894196321
Eyes_Japan_Dataset_kudo_gesture_etc-45-feel_dizzy_-kudo_poses_250_jpos,50.0,1650,0.0,symmetric,0.0,50,severe,95ce729f02b6f6b765d1d15c3bd2c651f221315acbef37535d4219ef658dff6b,9bdcad79ae11b14e2cd109414e3051382cda59ce947302192a0cec372abcb455,993c448af3185f955bea7f7718c1849837b7d9957366bbf3d8fcd618f208915b,0.0,0.0,0.0,0.0,0.0,1.0,0,torque_limited,0.06,1,33,33,1.0,0.06607014931813569
GRAB_s10_phone_pick_all,50.0,912,0.0,symmetric,0.0,50,severe,aa9b94e369fd13056ba2d9fa8ea47b0e4671448bf13072fd526678c3663dff7a,c899d27fa8ab200b5499b64adeb567921108b3552771a128f75fee0cb59036e3,993c448af3185f955bea7f7718c1849837b7d9957366bbf3d8fcd618f208915b,0.0,0.0,0.0,0.0,0.0,1.0,0,torque_limited,0.06,1,19,19,1.0,0.0002751648976691955
GRAB_s1_cubesmall_pick_all,50.0,1331,0.0,symmetric,0.0,50,severe,eb39838e5c700ad59c950c5df7bca079efc837f9f63583c5932024772b05db7f,5433983b551dd13bfb556b311dba5e491afdf237767288b23462aef134078df7,993c448af3185f955bea7f7718c1849837b7d9957366bbf3d8fcd618f208915b,0.0,0.0,0.0,0.0,0.0,1.0,0,torque_limited,0.06,1,27,27,1.0,0.003057387751880413
KIT_513_Push_Behind_Soft02_poses_100_jpos,50.0,290,0.0,symmetric,0.0,50,severe,8ad953129b558f0bfcddd3d4624f23bd0172a1f44d702b0c8ffe6251b701bd89,8bc381998f83d06f117cd4db2e313646c59c0e86c4c2943409144036d707a1de,993c448af3185f955bea7f7718c1849837b7d9957366bbf3d8fcd618f208915b,0.0,0.0,0.0,0.0,0.0,1.0,0,torque_limited,0.06,1,6,6,1.0,0.0
GRAB_s8_hammer_use_1,50.0,528,0.0,symmetric,0.0,50,severe,59e06b68b45032ef216583261b4c39b79a39d2660525c480f2bb6bc59d26ed47,a5a5364889991a74846f6e3d4a9b1db921b349ab8d44d488dc2cb393c2621803,993c448af3185f955bea7f7718c1849837b7d9957366bbf3d8fcd618f208915b,0.0,0.0,0.0,0.0,0.0,1.0,0,torque_limited,0.06,1,11,11,1.0,0.0491016472951994
BMLmovi_Subject_32_F_MoSh_Subject_32_F_9_poses_120_jpos,50.0,177,0.0,symmetric,0.0,50,severe,ef3fc978d7f52dd707cf4f20d75cb782eadd0e00be558eb4d200c6a8aa483fa1,da9736ff4fdf541b484435e13d3e94cf52047c300bf3de163f977f0bb6b76d59,993c448af3185f955bea7f7718c1849837b7d9957366bbf3d8fcd618f208915b,0.0,0.0,0.0,0.0,0.0,1.0,0,torque_limited,0.06,1,4,4,1.0,0.0703810660482871
CMU_40_40_12_poses_120_jpos,50.0,3515,0.0,symmetric,0.0,50,severe,e360afaa591574667c92daebbaf2603dac97bcc50e98d106a4798cc9546df168,0112a87c83d88f6a57a7fddbda3c9dfda740390a436928cb504abd88cc304b0d,993c448af3185f955bea7f7718c1849837b7d9957366bbf3d8fcd618f208915b,0.0,0.0,0.0,0.0,0.0,1.0,0,torque_limited,0.06,1,71,71,1.0,0.08224373052558309
CMU_79_79_84_poses_60_jpos,50.0,730,0.0,symmetric,0.0,50,severe,0746e362cf5cd7b6f83ff4f97ab7df2fc9c1cac7dc192f09fdbb102e9762b411,7be0ecdfaf1ab3ada17e134fb334e97186ce148edca16e43b6533a9d1b35e104,993c448af3185f955bea7f7718c1849837b7d9957366bbf3d8fcd618f208915b,0.0,0.0,0.0,0.0,0.0,1.0,0,torque_limited,0.06,1,15,15,1.0,0.038996980775234655
KIT_675_double_pour_and_mixing12_poses_100_jpos,50.0,952,0.0,symmetric,0.0,50,severe,9d6aa89c4d80ce0d57cbe0f6cb65ab03c6d26719366e4ecdef89db2879ba7c31,7ed44010c3da2079fa9c31dbb555053200264c19f3ccb22b138affed488da672,993c448af3185f955bea7f7718c1849837b7d9957366bbf3d8fcd618f208915b,0.0,0.0,0.0,0.0,0.0,1.0,0,torque_limited,0.06,1,20,20,1.0,0.06342550891275914
GRAB_s1_stanfordbunny_pick_all,50.0,1565,0.0,symmetric,0.0,50,severe,5bf8b9bb5c494f44a919402a87996974dcaa6794693035517de08c7b2154025f,383cae3920f5fe4d71e2f2e2fb78888fa300d67b73933696b29f230e43ba9187,993c448af3185f955bea7f7718c1849837b7d9957366bbf3d8fcd618f208915b,0.0,0.0,0.0,0.0,0.0,1.0,0,torque_limited,0.06,1,32,32,1.0,0.003057387751880413
Eyes_Japan_Dataset_kaiwa_gesture_etc-31-ok-kaiwa_poses_120_jpos,50.0,1500,0.0,symmetric,0.0,50,severe,3bd35e623329066915f649e2197c5293022e4982081342106a629bbf97689b1d,6512ff9fc44705b220bf931c270325d249bab7a3875ba470241df3a19314b752,993c448af3185f955bea7f7718c1849837b7d9957366bbf3d8fcd618f208915b,0.0,0.0,0.0,0.0,0.0,1.0,0,torque_limited,0.06,1,30,30,1.0,0.09664402683693982
BMLmovi_Subject_22_F_MoSh_Subject_22_F_2_poses_120_jpos,50.0,150,0.0,symmetric,0.0,50,severe,cb8dc54ddfe5f722388f34e1f8e5033f4c0cd7f8f866e8b5a6195aafcf14bbc6,8d80b86436aa48bed45a4e898b1afe4e0cbc4fcda9748cf21e4ca0e515f76c40,993c448af3185f955bea7f7718c1849837b7d9957366bbf3d8fcd618f208915b,0.0,0.0,0.0,0.0,0.0,1.0,0,torque_limited,0.06,1,3,3,1.0,0.09772939948885728
KIT_1297_wipe02_poses_100_jpos,50.0,767,0.0,symmetric,0.0,50,severe,7217b16f2053097a6129bcc38a51c7e1d84ddfda257108be3156d49bbb30ec8f,c7b0fe181025c7196b6de90b722ffc802cc0e1c3a8523ee76cd1bef0331f7975,993c448af3185f955bea7f7718c1849837b7d9957366bbf3d8fcd618f208915b,0.0,0.0,0.0,0.0,0.0,1.0,0,torque_limited,0.06,1,16,16,1.0,0.02497885793286295
GRAB_s2_toruslarge_pick_all,50.0,890,0.0,symmetric,0.0,50,severe,91ae74fc307b3427ccb959342799de29bd6420149df25f593e9f78d1b8038ca4,183fec817829ae0792194491d07cd416f3e2bf161aa0927905c1c3dcbaedaf1a,993c448af3185f955bea7f7718c1849837b7d9957366bbf3d8fcd618f208915b,0.0,0.0,0.0,0.0,0.0,1.0,0,torque_limited,0.06,1,18,18,1.0,0.0
GRAB_s10_flashlight_on_2,50.0,450,0.0,symmetric,0.0,50,severe,59c2831652da168f91ef378553768912b0e091b2df78b9955b9c45597de0df58,691a1d1dd0b524f4b02ffd9188338fc842630567305971d3f6fd1d76a68d233c,993c448af3185f955bea7f7718c1849837b7d9957366bbf3d8fcd618f208915b,0.0,0.0,0.0,0.0,0.0,1.0,0,torque_limited,0.06,1,9,9,1.0,0.013926401209815266
KIT_675_double_pour_and_mixing05_poses_100_jpos,50.0,1310,0.0,symmetric,0.0,50,severe,4fcf6669b4ad439d64be0973bd772e926d99cd2f2778aea88ee56c4cb28f1dc2,b97b429b6c4c82dde7380724191c2047e29ff7529beb2353fe0193fe9fe9202b,993c448af3185f955bea7f7718c1849837b7d9957366bbf3d8fcd618f208915b,0.0,0.0,0.0,0.0,0.0,1.0,0,torque_limited,0.06,1,27,27,1.0,0.06963200604907632
GRAB_s8_pyramidmedium_pass_1,50.0,415,0.0,symmetric,0.0,50,severe,2f2a86f24babbe0a39a63b51676516d615fca7867dbb2aaf42c20d9def247d0f,d7f8574bee358f54ede6c2a5bccea364faa5ea735fd861a7bdc209e89da3eff4,993c448af3185f955bea7f7718c1849837b7d9957366bbf3d8fcd618f208915b,0.0,0.0,0.0,0.0,0.0,1.0,0,torque_limited,0.06,1,9,9,1.0,0.019444986101959397
KIT_348_walking_slow08_poses_100_jpos,50.0,294,0.0,symmetric,0.0,50,severe,0454d4fc9a10511067c1151965b7e3579e1cba61234541519bfe5a01a5fd9463,315d6bcdb79e6590eb3ee990f22db5cce92db5fd08de87e8ee8efa662b6cdccf,993c448af3185f955bea7f7718c1849837b7d9957366bbf3d8fcd618f208915b,0.0,0.0,0.0,0.0,0.0,1.0,0,torque_limited,0.06,1,6,6,1.0,0.02629353466617155
Eyes_Japan_Dataset_kaiwa_pose-18-applause-kaiwa_poses_120_jpos,50.0,1500,0.0,symmetric,0.0,50,severe,9aad1cfc5891e2b1631198d429f601976e67ae3e00c9697f83d4e0d48a7cd494,ab148a0ee5d09791a9f9a15bb0ce23648f9bad5f062685ae0451fc3845267791,993c448af3185f955bea7f7718c1849837b7d9957366bbf3d8fcd618f208915b,0.0,0.0,0.0,0.0,0.0,1.0,0,torque_limited,0.06,1,30,30,1.0,0.08102077542483094
HUMAN4D_Subject3_4_Carine_RGB_TalkingWhispering_S3S4_01_poses_120_jpos,50.0,2571,0.0,symmetric,0.0,50,severe,e455d4cec09e0895a0ad8553275dcb7a68a71dcc4e771630aaf7652edf1214ba,7a6c4e945427b23ef24df8a495e961a5e80164f78f0fc2f0b8eec3a45738971d,993c448af3185f955bea7f7718c1849837b7d9957366bbf3d8fcd618f208915b,0.0,0.0,0.0,0.0,0.0,1.0,0,torque_limited,0.06,1,52,52,1.0,0.05824323667332186
KIT_513_Push_Right_Soft03_poses_100_jpos,50.0,338,0.0,symmetric,0.0,50,severe,fff9d9f4ef4d255c6fa4d99fe8e7d38000d44e5f1b17cdf9ae937d4c0194f53d,6297bc27e7b9210a18b984f0ed4f93b5dafb9735affe26ca5e9cf5c22a3948b6,993c448af3185f955bea7f7718c1849837b7d9957366bbf3d8fcd618f208915b,0.0,0.0,0.0,0.0,0.0,1.0,0,torque_limited,0.06,1,7,7,1.0,0.0
GRAB_s9_piggybank_use_1,50.0,455,0.0,symmetric,0.0,50,severe,3afe1f029dfe59db75492be41fc7803248f71ceac9ca8226a2af3dfe14cd8381,021e2aeb7d6ae2c3a17572ec16d6c4ab75e9b5250bd44858dcf7f2ea8e07ab85,993c448af3185f955bea7f7718c1849837b7d9957366bbf3d8fcd618f208915b,0.0,0.0,0.0,0.0,0.0,1.0,0,torque_limited,0.06,1,10,10,1.0,0.04054096158993425
TCD_handMocap_ExperimentDatabase_Talking01A_poses_120_jpos,50.0,260,0.0,symmetric,0.0,50,severe,3b0a84cc1e901005e93b62ebc3b0e8b6833ee42848fadfcfcd10b98189f7eabd,00648b2122b49d324f87fec8b9f1b90c688ad93ce2e7d7a0c0f1ac464afe6d53,993c448af3185f955bea7f7718c1849837b7d9957366bbf3d8fcd618f208915b,0.0,0.0,0.0,0.0,0.0,1.0,0,torque_limited,0.06,1,6,6,1.0,0.23664181199554396
GRAB_s1_cubesmall_pass_1,50.0,475,0.0,symmetric,0.0,50,severe,fbfb16de0de33ada832493a1987229c37395e44299646ac8ba1476dbb572d319,e864c518e7a1fbfaeae6ed39efb7fbb7e35636c736708fe7d6a1666df311130f,993c448af3185f955bea7f7718c1849837b7d9957366bbf3d8fcd618f208915b,0.0,0.0,0.0,0.0,0.0,1.0,0,torque_limited,0.06,1,10,10,1.0,0.03574086281948199
CMU_77_77_02_poses_60_jpos,50.0,780,0.0,symmetric,0.0,50,severe,c5bd12139eb9d674bee67a274f2e209464ba4c6af4166ca41478de4739dd8aad,f3299cebcc912f1276b392d578a77621e3ba6de4456b95cac93800cf2241de7b,993c448af3185f955bea7f7718c1849837b7d9957366bbf3d8fcd618f208915b,0.0,0.0,0.0,0.0,0.0,1.0,0,torque_limited,0.06,1,16,16,1.0,0.0
GRAB_s2_cubelarge_inspect_1,50.0,730,0.0,symmetric,0.0,50,severe,8f345eee542ae11837ba742cc7b9e66044d1bd2d98720feb41156998f4a8dd30,756230df67c83be73189fbdc1b921c97dd4b1e1905921cafe8318479d875bfff,993c448af3185f955bea7f7718c1849837b7d9957366bbf3d8fcd618f208915b,0.0,0.0,0.0,0.0,0.0,1.0,0,torque_limited,0.06,1,15,15,1.0,0.007337730604512991
KIT_572_squat05_poses_100_jpos,50.0,247,0.0,symmetric,0.0,50,severe,b6c32b15a8fb68469f3d2de8d895744bc36213fe00432d0360a5071600441319,5ac74fadad614e177c3de0d58772ea870116dd07dc537d389bfea5373094a4f3,993c448af3185f955bea7f7718c1849837b7d9957366bbf3d8fcd618f208915b,0.22672064777327935,0.22672064777327935,0.0,0.22672064777327935,0.22672064777327935,0.7732793522267206,1,torque_limited,0.06,2,5,3,0.6,1.0647964323473913
GRAB_s8_stanfordbunny_inspect_1,50.0,432,0.0,symmetric,0.0,50,severe,0b02eb3727d7645d7679ed41f404b4ff2aba12ff72d32a27c86ab2c9cc7cc70d,5280ec74e1bf15d0f4d4d4a73b2b7159ca6f4a7ec5ca158515ddb3c83907e0b4,993c448af3185f955bea7f7718c1849837b7d9957366bbf3d8fcd618f208915b,0.0,0.0,0.0,0.0,0.0,1.0,0,torque_limited,0.06,1,9,9,1.0,0.013421932230755005
KIT_1721_RecoveryStepping_50_135_04_poses_100_jpos,50.0,236,0.0,symmetric,0.0,50,severe,da394745fd8d3585eeec19f9e0be2451def26c9ab514f39945e63588d4a44c4a,390a2078deb6e2547ab31749897eb4d5737fd77d61190561b7ae082c21635a29,993c448af3185f955bea7f7718c1849837b7d9957366bbf3d8fcd618f208915b,0.0,0.0,0.0,0.0,0.0,1.0,0,torque_limited,0.06,1,5,5,1.0,0.03791160812331712
CMU_143_143_27_poses_60_jpos,50.0,586,0.0,symmetric,0.0,50,severe,478751cc4139b4ed80db46dd6597ef52f94e6527df2219220199b29baa5c448b,be1454f4de91acef6ddd8c827e1c506b4decd1ad4cd6d29cc83758cac72541a3,993c448af3185f955bea7f7718c1849837b7d9957366bbf3d8fcd618f208915b,0.0,0.0,0.0,0.0,0.0,1.0,0,torque_limited,0.06,1,12,12,1.0,0.0637465346267066
KIT_912_912_3_04_poses_100_jpos,50.0,611,0.0,symmetric,0.0,50,severe,d146b708713f4f8e586ee9a27cc0d1de2305f6754e47104b7796efe104673a80,231e1dc78cc30ca019cc3fd3537ff7acb12d1288e5237b5ed9d7dc4472bf61ea,993c448af3185f955bea7f7718c1849837b7d9957366bbf3d8fcd618f208915b,0.0,0.0,0.0,0.0,0.0,1.0,0,torque_limited,0.06,1,13,13,1.0,0.052739938719937124
CMU_79_79_54_poses_60_jpos,50.0,972,0.0,symmetric,0.0,50,severe,1b29d4d1567926dd725b1de9c7cd62f1a55465042b6b80a39565a2f39cc2a279,1a85852da13ab561ccb6960db7d29d237b681f9bd001ede8a5792a22cc3fb336,993c448af3185f955bea7f7718c1849837b7d9957366bbf3d8fcd618f208915b,0.0,0.0,0.0,0.0,0.0,1.0,0,torque_limited,0.06,1,20,20,1.0,0.028708870990157034
HUMAN4D_Subject3_Medhi_INF_InflightSafety_S3_01_poses_120_jpos,50.0,2413,0.0,symmetric,0.0,50,severe,c2458395a84c850030396daf2a28a43f6760e76d43bd36eb672c724712422ebd,f5d351069d17dad545cb9e012f2fb2761220f022d83705da85d4e556f4a4b57c,993c448af3185f955bea7f7718c1849837b7d9957366bbf3d8fcd618f208915b,0.036469125569830084,0.036469125569830084,0.0,0.036469125569830084,0.036469125569830084,0.9635308744301699,1,torque_limited,0.06,2,49,46,0.9387755102040817,0.08658522113325337
KIT_3_bend_left05_poses_100_jpos,50.0,329,0.0,symmetric,0.0,50,severe,03c25d2a3e2a9efb1fedbafeb2246e0fe49e27f9aad8f3390a829ea702bbe746,777de6f96c14a5da28168d8716025bb53652a97f56d8e0733c32df2a3ab131ae,993c448af3185f955bea7f7718c1849837b7d9957366bbf3d8fcd618f208915b,0.0,0.0,0.0,0.0,0.0,1.0,0,torque_limited,0.06,1,7,7,1.0,0.04586081627820614
GRAB_s1_torusmedium_offhand_1,50.0,480,0.0,symmetric,0.0,50,severe,662ade4884e32616b70ebbbb79a2bad560bd7669d9ea861790ad14ffd1090650,e4cdab77265d4518d830589fc4052031c3aff2964adc15762ff23f6315d5875a,993c448af3185f955bea7f7718c1849837b7d9957366bbf3d8fcd618f208915b,0.0,0.0,0.0,0.0,0.0,1.0,0,torque_limited,0.06,1,10,10,1.0,0.022930408139103096
GRAB_s1_stamp_offhand_1,50.0,572,0.0,symmetric,0.0,50,severe,6a7497660d4e6eb22865f43b28b38c92b1df5cf3206437f4f314cbc4ee5ce220,3745852d12ff3baf423e7c74ff286315c485887b142f0b99d9b1c77aefaafcad,993c448af3185f955bea7f7718c1849837b7d9957366bbf3d8fcd618f208915b,0.0,0.0,0.0,0.0,0.0,1.0,0,torque_limited,0.06,1,12,12,1.0,0.012367133456356249
KIT_183_walking_slow02_poses_100_jpos,50.0,367,0.0,symmetric,0.0,50,severe,0e9aec8bbe3634c9cf11c5c8013d95450c9e57a68afc02410d28aa140b0613e2,2f8f95af5143bbb5c99771b3783f535521e45d190636d76fb3fadc7f01e521b3,993c448af3185f955bea7f7718c1849837b7d9957366bbf3d8fcd618f208915b,0.07629427792915532,0.07629427792915532,0.0,0.07629427792915532,0.07629427792915532,0.9237057220708447,3,torque_limited,0.06,4,8,3,0.375,0.9799539222327099
KIT_424_walking_slow10_poses_100_jpos,50.0,441,0.0,symmetric,0.0,50,severe,eebc1e6d07ed6f8e475f24527822782d517a42b9174f4ba4b2bdbe103f8c19b7,cf6a4f6b1db578ce11f86c8b14354b1746b65ba2a9eb2f125fcf81daffc877a5,993c448af3185f955bea7f7718c1849837b7d9957366bbf3d8fcd618f208915b,0.0,0.0,0.0,0.0,0.0,1.0,0,torque_limited,0.06,1,9,9,1.0,0.03821734689850516
HUMAN4D_Subject2_Aude_INF_InflightSafety_S2_01_poses_120_jpos,50.0,2805,0.0,symmetric,0.0,50,severe,8a21fda6f7bf6efb481b8d5096e7534ceb74c5ead440dd0e32fa3e59628508de,ba7645618423e328e1bcd6f76b8564839fb6dab261e81948a7f7980b73e2a494,993c448af3185f955bea7f7718c1849837b7d9957366bbf3d8fcd618f208915b,0.0,0.0,0.0,0.0,0.0,1.0,0,torque_limited,0.06,1,57,57,1.0,0.0733161582900922
KIT_441_PizzaDelivery03_poses_100_jpos,50.0,1187,0.0,symmetric,0.0,50,severe,95d93c3f48be01d230c0a87993c0e24a3f39a1270829aa4ba4d21695ecbe443e,e27f0e34ab73b02fd3612feb679dc7b0b4ab44ddb592409f06ad369cacd3f52a,993c448af3185f955bea7f7718c1849837b7d9957366bbf3d8fcd618f208915b,0.0,0.0,0.0,0.0,0.0,1.0,0,torque_limited,0.06,1,24,24,1.0,0.05952733952911165
KIT_205_walking_slow02_poses_100_jpos,50.0,323,0.0,symmetric,0.0,50,severe,1b57c8f6ebe50a15523deca426ba3fc2c31813fdc52af418063d8b77cced5aea,3b57e1e6641ba9f857ff5e7a3bc6028b18fafcec103e24f79f49da3060c43082,993c448af3185f955bea7f7718c1849837b7d9957366bbf3d8fcd618f208915b,0.0,0.0,0.0,0.0,0.0,1.0,0,torque_limited,0.06,1,7,7,1.0,0.027791654664592946
KIT_674_wash_head02_poses_100_jpos,50.0,2838,0.0,symmetric,0.0,50,severe,fb2caad05a07691d23cc1cd092a2d81e0b09922f467d6eeaecf18082f2e1f7c4,f44980345092e73a3bc3128685dc64c0738e2f8bcc75cae9a2ca5afa84927afc,993c448af3185f955bea7f7718c1849837b7d9957366bbf3d8fcd618f208915b,0.00035236081747709656,0.00035236081747709656,0.0,0.00035236081747709656,0.00035236081747709656,0.9996476391825229,1,torque_limited,0.06,2,57,56,0.9824561403508771,0.1027740892794601
KIT_9_WalkingStraightBackwards04_poses_100_jpos,50.0,242,0.0,symmetric,0.0,50,severe,c13bcd308b9e0c45020beef431ffafca9a0639924f26db471a026216a2c6e5cb,da618ad51a6b20b458a6f47063175c755be2bde54bb6d1694a2e0959e386c7ed,993c448af3185f955bea7f7718c1849837b7d9957366bbf3d8fcd618f208915b,0.0,0.0,0.0,0.0,0.0,1.0,0,torque_limited,0.06,1,5,5,1.0,0.011006595906769487
GRAB_s1_eyeglasses_pass_1,50.0,439,0.0,symmetric,0.0,50,severe,c19e54f1e947d3d987a150cb0404ebd39b0c2050a56e6a0ebbf21309845d014f,1e9a9109a762b2f40b99b336a38f5ba749034c429cad4c64da764f52c00efff7,993c448af3185f955bea7f7718c1849837b7d9957366bbf3d8fcd618f208915b,0.0,0.0,0.0,0.0,0.0,1.0,0,torque_limited,0.06,1,9,9,1.0,0.022318930588727012
GRAB_s4_phone_call_1,50.0,532,0.0,symmetric,0.0,50,severe,680c08d0392819c0dc0252ef22639b1959eccb02f726e28ab1ec1c645dd9f7e2,8a77b92771871721561ce609f908c84a3740fbcc10417c314875411a4c34a1cc,993c448af3185f955bea7f7718c1849837b7d9957366bbf3d8fcd618f208915b,0.0,0.0,0.0,0.0,0.0,1.0,0,torque_limited,0.06,1,11,11,1.0,0.012504715905190882
GRAB_s8_cubelarge_inspect_1,50.0,427,0.0,symmetric,0.0,50,severe,39b213f45b0b9ec67f68bcedb1ae5b6ddf70c6da218929056948b44abe4f3de5,dd7270baeca03429b376b8f1ded6231e31e2ae21937b86f33fb236042cffedbb,993c448af3185f955bea7f7718c1849837b7d9957366bbf3d8fcd618f208915b,0.0,0.0,0.0,0.0,0.0,1.0,0,torque_limited,0.06,1,9,9,1.0,0.04427097464722836
KIT_551_sponge_big_and_mixing_bowl_big05_poses_100_jpos,50.0,397,0.0,symmetric,0.0,50,severe,bb292e446d0414ddf7ff6562c017c39c7ce35262216d65473cf9c7ad44bafe47,5efe3d55bc8560c1fcf3b94a5ae3bdf08a24ec699e7ddb7f8c008b4e833e07d4,993c448af3185f955bea7f7718c1849837b7d9957366bbf3d8fcd618f208915b,0.0,0.0,0.0,0.0,0.0,1.0,0,torque_limited,0.06,1,8,8,1.0,0.035526845676850397
GRAB_s10_pyramidmedium_pick_all,50.0,432,0.0,symmetric,0.0,50,severe,a32b70ed1269c00186d896dd13fc4e6c9eaaab772b644c5d1eea56a834da56c8,d530fdeb7748987a897f1117753578847cb26f22564852e4e92d64eba0333893,993c448af3185f955bea7f7718c1849837b7d9957366bbf3d8fcd618f208915b,0.0,0.0,0.0,0.0,0.0,1.0,0,torque_limited,0.06,1,9,9,1.0,0.04761881423553738
GRAB_s4_banana_pass_1,50.0,375,0.0,symmetric,0.0,50,severe,d938dccc860d47d69566dd62483fc6c3944a491f9bab0f7e68b46da0508a0c33,61e5299d372e569e7db822a292d4361b98d2c03f427194f949e6b91778f63fcd,993c448af3185f955bea7f7718c1849837b7d9957366bbf3d8fcd618f208915b,0.0,0.0,0.0,0.0,0.0,1.0,0,torque_limited,0.06,1,8,8,1.0,0.01137348243699515
HUMAN4D_Subject4_Carine_INF_InflightSafety_S4_02_poses_120_jpos,50.0,2797,0.0,symmetric,0.0,50,severe,262e8a4192fe5167940e7e4447b048a5069c5f6c14601611efc6edcb18c819a5,26495e415856ec94f5e6de159ad366cf25f49b7342dd7b2b15752061d1c2b26c,993c448af3185f955bea7f7718c1849837b7d9957366bbf3d8fcd618f208915b,0.0003575259206292456,0.0003575259206292456,0.0,0.0003575259206292456,0.0003575259206292456,0.9996424740793708,1,torque_limited,0.06,2,56,55,0.9821428571428571,0.040051779549633404
CMU_79_79_59_poses_60_jpos,50.0,708,0.0,symmetric,0.0,50,severe,e610273634eff755928fdef08742671fb35b814e3e6a79c323d92624665d7b3f,d68a77d37721418966a348eec53bce663e4378717f29218c0e4920a934ceac2f,993c448af3185f955bea7f7718c1849837b7d9957366bbf3d8fcd618f208915b,0.0,0.0,0.0,0.0,0.0,1.0,0,torque_limited,0.06,1,15,15,1.0,0.05625593463459959
Eyes_Japan_Dataset_kaiwa_greeting-07-bow-kaiwa_poses_120_jpos,50.0,1500,0.0,symmetric,0.0,50,severe,d0a3f0dee5de2ee886d6a15f30ecc786aece51bae9cf4d326e1d114e183c75e9,a66e6b0e34b28bb0ce65a5e05495e3f653520abf7a8812b687d6c2e66fe0746b,993c448af3185f955bea7f7718c1849837b7d9957366bbf3d8fcd618f208915b,0.0,0.0,0.0,0.0,0.0,1.0,0,torque_limited,0.06,1,30,30,1.0,0.056271221573358975
GRAB_s1_cylinderlarge_offhand_1,50.0,524,0.0,symmetric,0.0,50,severe,46f1fbeca99d73946e79a984e059226f9f5554f5f6c17e3fd7b5e985a91bbe26,9d1600984195a5b47856c487f5d02e0355ac81567b9a934c55bd6ab511bcd2e1,993c448af3185f955bea7f7718c1849837b7d9957366bbf3d8fcd618f208915b,0.0,0.0,0.0,0.0,0.0,1.0,0,torque_limited,0.06,1,11,11,1.0,0.034854220371436706
GRAB_s5_duck_pick_all,50.0,1057,0.0,symmetric,0.0,50,severe,c1a8d68a90c8a2f9691dec8885e5e38eae3a55596a9439bd6522bb28079e5d62,c695ba1e48e834d82a1c5f765624525b826d8a6ab1f428b5fea9df22ace1c0d2,993c448af3185f955bea7f7718c1849837b7d9957366bbf3d8fcd618f208915b,0.0,0.0,0.0,0.0,0.0,1.0,0,torque_limited,0.06,1,22,22,1.0,0.0
KIT_9_walking_slow01_poses_100_jpos,50.0,312,0.0,symmetric,0.0,50,severe,254605bf7fdddb77f6b07f8a119fee80640130f4e4e7b8c7970c2d2e89d95282,69e6ec1b3e1dcf8937783e07b6998a80cf44db88ffb93466d812e80cbbeaf7df,993c448af3185f955bea7f7718c1849837b7d9957366bbf3d8fcd618f208915b,0.0,0.0,0.0,0.0,0.0,1.0,0,torque_limited,0.06,1,7,7,1.0,0.05211317423080163
GRAB_s10_pyramidlarge_pass_1,50.0,330,0.0,symmetric,0.0,50,severe,ece344d5c479e0aeba897f1f81fab1bbb9216d21c7f7bd61035a62be9ab41dda,b611fb13a86ade27bc369caa3065b615da645749f3bbcd8e578b013853a49653,993c448af3185f955bea7f7718c1849837b7d9957366bbf3d8fcd618f208915b,0.0,0.0,0.0,0.0,0.0,1.0,0,torque_limited,0.06,1,7,7,1.0,0.03821734689850516
GRAB_s2_pyramidmedium_pass_1,50.0,470,0.0,symmetric,0.0,50,severe,c362118bfb61ecb57974b07b465f5bc4a971bbdbd80dd8e816cdab32565016c8,8dc29635267fd51b11ebf438e219bb9103aada73d3cfa6a4b95d4aa57c0441da,993c448af3185f955bea7f7718c1849837b7d9957366bbf3d8fcd618f208915b,0.0,0.0,0.0,0.0,0.0,1.0,0,torque_limited,0.06,1,10,10,1.0,0.017793996715943946
GRAB_s7_gamecontroller_pick_all,50.0,1023,0.0,symmetric,0.0,50,severe,3af236cb0218bf3efa8096535fb14a2d1aa0ab72a900dff429977610eb863e70,560dc5de3868e6de076d1f329bdc85652d45726a8519aa8ad79a795a73b7afd2,993c448af3185f955bea7f7718c1849837b7d9957366bbf3d8fcd618f208915b,0.0,0.0,0.0,0.0,0.0,1.0,0,torque_limited,0.06,1,21,21,1.0,0.015562103657071292
GRAB_s6_apple_pick_all,50.0,978,0.0,symmetric,0.0,50,severe,e8b8f1572f4b6ab9c2f73438fd0510638e947ea3fc0256c82cef93629b1f4023,6d8f3f962247baf4b780f0f3cad5e935eb143713720d22b28c88eaa4fd0383ad,993c448af3185f955bea7f7718c1849837b7d9957366bbf3d8fcd618f208915b,0.0,0.0,0.0,0.0,0.0,1.0,0,torque_limited,0.06,1,20,20,1.0,0.019307403653124798
GRAB_s2_hand_inspect_1,50.0,484,0.0,symmetric,0.0,50,severe,ed8a70825a91f217865852391c44bb4a6a366ec56864350eb5f3bb5dadb7f419,dcca999435b99c4a78ef26cfa3d40dc6e983c72400ea66cbde686693669d9b8e,993c448af3185f955bea7f7718c1849837b7d9957366bbf3d8fcd618f208915b,0.0,0.0,0.0,0.0,0.0,1.0,0,torque_limited,0.06,1,10,10,1.0,0.0008254946930076906
BMLmovi_Subject_20_F_MoSh_Subject_20_F_17_poses_120_jpos,50.0,97,0.0,symmetric,0.0,50,severe,71bf8085e4a1ab8a1f7ef035a0e80b55529b07217602a9bdc4308e8a7270fb15,c0498bf55318eb89ae501cb2574824bddc2716546d1ae659832ad3f0793f2d88,993c448af3185f955bea7f7718c1849837b7d9957366bbf3d8fcd618f208915b,0.0,0.0,0.0,0.0,0.0,1.0,0,torque_limited,0.06,1,2,2,1.0,0.04732836239910877
GRAB_s1_pyramidsmall_inspect_1,50.0,423,0.0,symmetric,0.0,50,severe,ef0d599684864c8d07583afa022ebf9a5a08f51c3153c60ef38935d7ff7e322d,811c349ef0fcc64bbf99a44beb359ba2502e2369bb6a3bda49f4ece82378b0a7,993c448af3185f955bea7f7718c1849837b7d9957366bbf3d8fcd618f208915b,0.0,0.0,0.0,0.0,0.0,1.0,0,torque_limited,0.06,1,9,9,1.0,0.009080441623084804
GRAB_s8_stanfordbunny_pass_1,50.0,388,0.0,symmetric,0.0,50,severe,55b53176f74923a586ab1f1e247a03141d1a7080ad44b7f7bce629c78a2eea29,509b174aded41cdb79edf53c2c6e570be311712c3b2cc2d92ea34a6de65af898,993c448af3185f955bea7f7718c1849837b7d9957366bbf3d8fcd618f208915b,0.0,0.0,0.0,0.0,0.0,1.0,0,torque_limited,0.06,1,8,8,1.0,0.08057745420080824
KIT_6_LeftTurn03_1_poses_100_jpos,50.0,273,0.0,symmetric,0.0,50,severe,68b851f507e75193be057483c69c555313c323894d86b85df93b317ca609fe70,e3a772a0be08c9adaa6076846f41738a910c4eacd0f2882cc9a388ed6350d917,993c448af3185f955bea7f7718c1849837b7d9957366bbf3d8fcd618f208915b,0.0,0.0,0.0,0.0,0.0,1.0,0,torque_limited,0.06,1,6,6,1.0,0.024764840790231342
KIT_675_double_pour_and_mixing04_poses_100_jpos,50.0,1131,0.0,symmetric,0.0,50,severe,d6515182d91eb0cc90ae4992a9b5907648432b3f6cd6fb0967128d27dbdbf569,2f8651687f1ce7e1b0d50c51933b2e73db497f0153656a87a90a98c529ba3b61,993c448af3185f955bea7f7718c1849837b7d9957366bbf3d8fcd618f208915b,0.0,0.0,0.0,0.0,0.0,1.0,0,torque_limited,0.06,1,23,23,1.0,0.06344079585151857
KIT_572_punch_left05_poses_100_jpos,50.0,323,0.0,symmetric,0.0,50,severe,1a0e3d650c8b5b46017a1f9aa7107e76b6fb67642f7bb49625fae85fe991e064,4f86d652ef092b3060df1bcda2ffb69952232e20518b5f7a67d43e15ed9db89e,993c448af3185f955bea7f7718c1849837b7d9957366bbf3d8fcd618f208915b,0.0,0.0,0.0,0.0,0.0,1.0,0,torque_limited,0.06,1,7,7,1.0,0.05014115913083877
GRAB_s1_pyramidlarge_offhand_1,50.0,534,0.0,symmetric,0.0,50,severe,72e7325c036a492789998a78024a587a10fe4914857335bd515b40126fc074df,50e8cd049204d9dd46d586306ad8383c686b937f84ab74d24ccfda90156ec782,993c448af3185f955bea7f7718c1849837b7d9957366bbf3d8fcd618f208915b,0.0,0.0,0.0,0.0,0.0,1.0,0,torque_limited,0.06,1,11,11,1.0,0.02578906568711127
KIT_8_WalkingStraightBackwards03_poses_100_jpos,50.0,288,0.0,symmetric,0.0,50,severe,575d2ce4f2ffd65d1c6e4d1d13fe1bbce44348a932ee80960b53552c013931ee,646ccb4c49f7f63d9001140602a50103ac7cd38b6f45df0791dde96389f445de,993c448af3185f955bea7f7718c1849837b7d9957366bbf3d8fcd618f208915b,0.0,0.0,0.0,0.0,0.0,1.0,0,torque_limited,0.06,1,6,6,1.0,0.013452506108273816
GRAB_s1_watch_offhand_1,50.0,476,0.0,symmetric,0.0,50,severe,ca28c2c97e9ff8fe08f2f353dbecb17bf6289efc4b1c79cd12dfb9f27c29d149,786a0fd86f4e675d0174fa16f3191ce4c9c70d749c7858261d7e1fbd90386617,993c448af3185f955bea7f7718c1849837b7d9957366bbf3d8fcd618f208915b,0.0,0.0,0.0,0.0,0.0,1.0,0,torque_limited,0.06,1,10,10,1.0,0.03523639384042176
KIT_200_Kniebeuge06_poses_100_jpos,50.0,220,0.0,symmetric,0.0,50,severe,c61c44ba37f2b3c47a24cdc7513606ce0810b3f98fb0fcb65cfe46b443b16b58,adc6410043672b574e0b79ae1b96bea58f9a3ad9c49653fcd8c0a51cc17bf9cc,993c448af3185f955bea7f7718c1849837b7d9957366bbf3d8fcd618f208915b,0.29545454545454547,0.29545454545454547,0.0,0.29545454545454547,0.29545454545454547,0.7045454545454546,1,torque_limited,0.06,2,5,3,0.6,1.137822138801055
GRAB_s4_cubemedium_inspect_1,50.0,499,0.0,symmetric,0.0,50,severe,a39dcab95eda2901d9b4063c97d7c73a4d5d953e39ace9f1d91a354aceb1545f,94800612cfdd0fffe43deab1a04811309f9096d422ba150dc265db49586969d5,993c448af3185f955bea7f7718c1849837b7d9957366bbf3d8fcd618f208915b,0.0,0.0,0.0,0.0,0.0,1.0,0,torque_limited,0.06,1,10,10,1.0,0.027913950174668137
KIT_674_shower_left_arm10_poses_100_jpos,50.0,608,0.0,symmetric,0.0,50,severe,5c88c7033e6602516fe1f1cad7524c2a505ea15ebfcf9e13a6d0956601a3f2b2,f42c66d5775127ef5ccb13ec5c3f75692f72569ac0cf939c38c69dde419d718b,993c448af3185f955bea7f7718c1849837b7d9957366bbf3d8fcd618f208915b,0.0,0.0,0.0,0.0,0.0,1.0,0,torque_limited,0.06,1,13,13,1.0,0.1415417659733037
GRAB_s10_piggybank_use_1,50.0,558,0.0,symmetric,0.0,50,severe,4c899920bdbd43621f90bf5e9ecf249c2ee95b83e3b40d6a0dbd1833d92e905f,34c9b594b6f0f0b0d65a878c6e5e97819809f32997b42352372a176d88b1d645,993c448af3185f955bea7f7718c1849837b7d9957366bbf3d8fcd618f208915b,0.0,0.0,0.0,0.0,0.0,1.0,0,torque_limited,0.06,1,12,12,1.0,0.005549158769662942
KIT_3_push_from_the_left_side09_poses_100_jpos,50.0,244,0.0,symmetric,0.0,50,severe,ac2b620b60138b4e58c18a7ecb31fa0d35da1e7467dca2237d4e57d22d1271ee,84d07cba32b1621fcf1668995aa7a76fb68c943c8e6e172c7988b1e04e415085,993c448af3185f955bea7f7718c1849837b7d9957366bbf3d8fcd618f208915b,0.0,0.0,0.0,0.0,0.0,1.0,0,torque_limited,0.06,1,5,5,1.0,0.01585255549349994
GRAB_s1_cylindersmall_offhand_1,50.0,416,0.0,symmetric,0.0,50,severe,ed68a6bf6927b4a43720bf6d44f10b595df50e449f1a1837af0649d2d81e6a84,cbd76e4de76e8d25939188c9bfbb514bbf224817c0dd98792ee5c8e0af01b5ee,993c448af3185f955bea7f7718c1849837b7d9957366bbf3d8fcd618f208915b,0.0,0.0,0.0,0.0,0.0,1.0,0,torque_limited,0.06,1,9,9,1.0,0.03179683261955629
KIT_675_dry_right_arm_014_poses_100_jpos,50.0,1005,0.0,symmetric,0.0,50,severe,67b1282b5aee7f67ab7c691f5516405a07c15b7beb24a77688d2cb25fbbfd939,6796b99d6db5652a4b709a2688f980c0eb921c5016ff25a45b13b0864af41917,993c448af3185f955bea7f7718c1849837b7d9957366bbf3d8fcd618f208915b,0.011940298507462687,0.011940298507462687,0.0,0.011940298507462687,0.011940298507462687,0.9880597014925373,1,torque_limited,0.06,2,21,20,0.9523809523809523,0.09104900725099868
GRAB_s9_pyramidmedium_inspect_1,50.0,256,0.0,symmetric,0.0,50,severe,a0dfba0a68c42440b74a57325d4c3646b001379944a155a26866b6dea40c803a,105756d1504412e26a32274250984534af9bc1daf1d818e4c09151e5d34f3198,993c448af3185f955bea7f7718c1849837b7d9957366bbf3d8fcd618f208915b,0.0,0.0,0.0,0.0,0.0,1.0,0,torque_limited,0.06,1,6,6,1.0,0.018497195898876495
GRAB_s1_eyeglasses_clean_1,50.0,728,0.0,symmetric,0.0,50,severe,91c193168331ad39b2f712838a4258f576af49da78a6cdd6afa25cae245817b7,0f9f0ad09ec910f511618d9f02347ea0496f81437bcbab9ca651170317276b1a,993c448af3185f955bea7f7718c1849837b7d9957366bbf3d8fcd618f208915b,0.0,0.0,0.0,0.0,0.0,1.0,0,torque_limited,0.06,1,15,15,1.0,0.010089379581205362
KIT_442_PizzaDelivery05_poses_100_jpos,50.0,1500,0.0,symmetric,0.0,50,severe,80ca3eda5862a8ebc4f793e79ffd2a87f6797581a9c8ccea9030df8158b3606d,1fe73ebeaeca9fc987acc619bc8637793df7023e257b544492f5fc5a539a2512,993c448af3185f955bea7f7718c1849837b7d9957366bbf3d8fcd618f208915b,0.0,0.0,0.0,0.0,0.0,1.0,0,torque_limited,0.06,1,30,30,1.0,0.050156446069598154
KIT_572_stomp_right02_poses_100_jpos,50.0,267,0.0,symmetric,0.0,50,severe,d91f920f70a75c32493a8fd91ae43dfbb41fb1e3066f1f104cca2e272976283a,68903ad987ea6fafb4b9ba6aa484bbd5ccbaabc5e26cdc90bab9ad858f4925c8,993c448af3185f955bea7f7718c1849837b7d9957366bbf3d8fcd618f208915b,0.0,0.0,0.0,0.0,0.0,1.0,0,torque_limited,0.06,1,6,6,1.0,0.019903594264741475
GRAB_s6_camera_pick_all,50.0,779,0.0,symmetric,0.0,50,severe,61ddf456868be1dfd8bbff6903719cff2a21719e2033732342566c7011efb461,d40c0b03d5bbb43fd8eb513da59c40abd71eb7c28a94be5d98962bbe894f570f,993c448af3185f955bea7f7718c1849837b7d9957366bbf3d8fcd618f208915b,0.0,0.0,0.0,0.0,0.0,1.0,0,torque_limited,0.06,1,16,16,1.0,0.017151945288049086
KIT_3_seesaw_backwards07_poses_100_jpos,50.0,674,0.0,symmetric,0.0,50,severe,5a45c800c6cd92327aa0e9c98c9af015a86c10641e82d39697d728da30792209,433ce7627792872ee4898d842a7fa0a8d3f13a9ec46d990cbe14bed99c008d39,993c448af3185f955bea7f7718c1849837b7d9957366bbf3d8fcd618f208915b,0.2433234421364985,0.2433234421364985,0.0,0.2433234421364985,0.2433234421364985,0.7566765578635015,3,torque_limited,0.06,4,14,10,0.7142857142857143,1.0212745176993738
KIT_200_Kniebeuge04_poses_100_jpos,50.0,218,0.0,symmetric,0.0,50,severe,0104ed950980e1127f40198fd9e70d890179e3bf2cc5404707dc8847449f8e21,2ff1ea83b842b8a4660105219b50a0a151656a11972f4617e456a2df0789533c,993c448af3185f955bea7f7718c1849837b7d9957366bbf3d8fcd618f208915b,0.3211009174311927,0.3211009174311927,0.0,0.3211009174311927,0.3211009174311927,0.6788990825688074,1,torque_limited,0.06,2,5,3,0.6,1.1217249922874046
GRAB_s1_mug_drink_2,50.0,628,0.0,symmetric,0.0,50,severe,cea866bbf88800b55a695e6f7eed876e5d2761d2b65bf91afc89a999eac38f08,aa45699d5375dcf21b5eaaa60170885599f661f9f6112765bdd8fec48f324585,993c448af3185f955bea7f7718c1849837b7d9957366bbf3d8fcd618f208915b,0.0,0.0,0.0,0.0,0.0,1.0,0,torque_limited,0.06,1,13,13,1.0,0.02843370609248784
KIT_3_squat05_poses_100_jpos,50.0,275,0.0,symmetric,0.0,50,severe,5b5e9f4bb6c91976d3f5838ca31fb6dacc5be2542cd74de5e09f228178ef159b,0f12024cd2c68b7ab0933741b1767eac339a43b3643ccd1b5960dd3953f2c69f,993c448af3185f955bea7f7718c1849837b7d9957366bbf3d8fcd618f208915b,0.2581818181818182,0.2581818181818182,0.0,0.2581818181818182,0.2581818181818182,0.7418181818181818,1,torque_limited,0.06,2,6,4,0.6666666666666666,1.056113451132051
GRAB_s9_alarmclock_see_1,50.0,338,0.0,symmetric,0.0,50,severe,d7f430b58c95305708e080615cd8a519add51dc00c94eb57b1e32dd9a12573c7,813c94977136cbb8c591f15534ca310a77a056e1b13ee3f6fd4e7c61069d6b81,993c448af3185f955bea7f7718c1849837b7d9957366bbf3d8fcd618f208915b,0.0,0.0,0.0,0.0,0.0,1.0,0,torque_limited,0.06,1,7,7,1.0,0.019659003244591043
GRAB_s2_flashlight_on_2,50.0,478,0.0,symmetric,0.0,50,severe,b6a80233ff09f44275283caf4d84d7182ac7420c46e7e8309eb71afe1981d909,13768ae24e4363145251fd1460e41995b47d86fa5f55ca316997e79c12de2f8c,993c448af3185f955bea7f7718c1849837b7d9957366bbf3d8fcd618f208915b,0.0,0.0,0.0,0.0,0.0,1.0,0,torque_limited,0.06,1,10,10,1.0,0.007475313053347588
KIT_424_seesaw01_poses_100_jpos,50.0,437,0.0,symmetric,0.0,50,severe,6174fceb08eee0bbd2ba1ade7e938481d1afe8c44167e677e209d6416cbdc9e4,d95ada37513cd47001a4855fc98e62232937f1f122db087207b68018d7dde3e1,993c448af3185f955bea7f7718c1849837b7d9957366bbf3d8fcd618f208915b,0.18764302059496568,0.18764302059496568,0.0,0.18764302059496568,0.18764302059496568,0.8123569794050344,1,torque_limited,0.06,2,9,6,0.6666666666666666,0.9991543173145189
KIT_424_seesaw_backwards03_poses_100_jpos,50.0,438,0.0,symmetric,0.0,50,severe,135052510e990119996844ec3aa622022939fcc5ee5db48f5b65889b118dfeac,85dbd2ace6a5dd76cddb8e7dd1a9ffa7e70a51d7087ba1e31ed50c4dd3947f8e,993c448af3185f955bea7f7718c1849837b7d9957366bbf3d8fcd618f208915b,0.1735159817351598,0.1735159817351598,0.0,0.1735159817351598,0.1735159817351598,0.8264840182648402,2,torque_limited,0.06,3,9,6,0.6666666666666666,1.0187674597428316
KIT_3_go_over_beam01_poses_100_jpos,50.0,518,0.0,symmetric,0.0,50,severe,10ac0ddb0220bf07bc52054b7e74932999f5ce88ffa9a0374dde7ff0c2849cc2,902f031eebf55324d07ba113426217974c70cf01885c8d7a6fd4c9fbf913146a,993c448af3185f955bea7f7718c1849837b7d9957366bbf3d8fcd618f208915b,0.3436293436293436,0.3436293436293436,0.0,0.3436293436293436,0.3436293436293436,0.6563706563706564,1,torque_limited,0.06,2,11,7,0.6363636363636364,1.0189509030079444
KIT_551_mixing_cooking_spoon03_poses_100_jpos,50.0,401,0.0,symmetric,0.0,50,severe,067d8ae977e46c5d77a1f8c61d5a5fc842a3742fb8145e1e4030c9f0089a5198,7bbb82dd8553fdc31e7c2180573a4df18fc21e649786fc7ade977f9c041eddf1,993c448af3185f955bea7f7718c1849837b7d9957366bbf3d8fcd618f208915b,0.0,0.0,0.0,0.0,0.0,1.0,0,torque_limited,0.06,1,9,9,1.0,0.026905012216547633
CMU_76_76_10_poses_120_jpos,50.0,569,0.0,symmetric,0.0,50,severe,a8164c4c46ec072bacc3686a2029469e6b0dca81be09234b79c9097ec0eacfb5,1186f6bcd91d5b7fcf249d76a17433a659c9aafd314bfa57fd32ec844fb4f3ed,993c448af3185f955bea7f7718c1849837b7d9957366bbf3d8fcd618f208915b,0.0,0.0,0.0,0.0,0.0,1.0,0,torque_limited,0.06,1,12,12,1.0,0.03901226771399411
KIT_205_walking_slow07_poses_100_jpos,50.0,283,0.0,symmetric,0.0,50,severe,34a4e5a7edecd0db55ae13f3eaf797e572cbda96a40e599852f610d8fd223346,39c8a7afbfd49efbd9d7ad5e67de0e4c5ec07cd60431b366511f8d5f8248ca47,993c448af3185f955bea7f7718c1849837b7d9957366bbf3d8fcd618f208915b,0.0,0.0,0.0,0.0,0.0,1.0,0,torque_limited,0.06,1,6,6,1.0,0.021982617936020164
GRAB_s2_banana_eat_1,50.0,613,0.0,symmetric,0.0,50,severe,f50f0b354380c51abd347a3e28be1b694a04e5d4400a205e6fc2ea05a8c7831a,35804dda823aaa7a4cc88f76b49bb069bdd3b2ed38670b553b37b518b4315dfd,993c448af3185f955bea7f7718c1849837b7d9957366bbf3d8fcd618f208915b,0.0,0.0,0.0,0.0,0.0,1.0,0,torque_limited,0.06,1,13,13,1.0,0.018466622021357685
GRAB_s9_alarmclock_pass_1,50.0,267,0.0,symmetric,0.0,50,severe,4903c648274051e68e8107025302a7f890ed87cb2813425e262d7b27b8ff1730,054a299dbec6f7811572685e4e8d68b692b36a48a724ae2ceae809ae41de1ce9,993c448af3185f955bea7f7718c1849837b7d9957366bbf3d8fcd618f208915b,0.0,0.0,0.0,0.0,0.0,1.0,0,torque_limited,0.06,1,6,6,1.0,0.010609135499025028
GRAB_s6_spheremedium_pick_all,50.0,942,0.0,symmetric,0.0,50,severe,223703b6c6a2e34303c81d7bf29b1fb2441ed74c80338e4bf324b2cc7c7a52fa,f89eff23344223906d4e629f3d625b21221f484ff4985acc314ff98704a18844,993c448af3185f955bea7f7718c1849837b7d9957366bbf3d8fcd618f208915b,0.0,0.0,0.0,0.0,0.0,1.0,0,torque_limited,0.06,1,19,19,1.0,0.009783640806017322
KIT_6_RightTurn10_1_poses_100_jpos,50.0,260,0.0,symmetric,0.0,50,severe,a0a53541fcf610ca8b9fd11012808e8447a9b77ce65ca79f8a8bca8e83b20e2c,b4cee7e00c9320251cfb71ae693e07a51930b8456b33688c9ae78b41691c2c95,993c448af3185f955bea7f7718c1849837b7d9957366bbf3d8fcd618f208915b,0.0,0.0,0.0,0.0,0.0,1.0,0,torque_limited,0.06,1,6,6,1.0,0.018084448552372626
TCD_handMocap_ExperimentDatabase_Walking02_B_poses_150_jpos,50.0,200,0.0,symmetric,0.0,50,severe,37e861b0c217bd7128ecddc4429536ec50ac306a93ee8872d6cccacd6186d0ed,43990c4015c3c990f25a7a439f71322f634893e7824f5d5ae179f4f7fd6e4026,993c448af3185f955bea7f7718c1849837b7d9957366bbf3d8fcd618f208915b,0.0,0.0,0.0,0.0,0.0,1.0,0,torque_limited,0.06,1,4,4,1.0,0.05199087872072641
Eyes_Japan_Dataset_aita_pain-01-headache-aita_poses_120_jpos,50.0,1500,0.0,symmetric,0.0,50,severe,bfc98cb8e8ac48f2396591c32e3c654116c242367e3561e1f8256469954da05b,152579dc1f2fb041770442e73da79b61fee52d76e3864b7bc73565f5ed0dbdc5,993c448af3185f955bea7f7718c1849837b7d9957366bbf3d8fcd618f208915b,0.0,0.0,0.0,0.0,0.0,1.0,0,torque_limited,0.06,1,30,30,1.0,0.020805523651546195
GRAB_s7_wineglass_drink_2,50.0,402,0.0,symmetric,0.0,50,severe,a6867762bd20a90a1a5a3ee61173d066f842ebf2bff54d9a6879f2ec24c9fa0c,dae924ab057c49f3889e7a66fcfd6bb52b293c76b0a3734bb96817dcbb682afe,993c448af3185f955bea7f7718c1849837b7d9957366bbf3d8fcd618f208915b,0.0,0.0,0.0,0.0,0.0,1.0,0,torque_limited,0.06,1,9,9,1.0,0.012810454680378922
GRAB_s7_lightbulb_pass_1,50.0,213,0.0,symmetric,0.0,50,severe,8092943b79d4c60c0ba31dbe50609fc0ba81c67b9772d30ae9a06501a09a86df,888e44f99adef10c94c85649b4fd7226d57df12a4a0bcf87c7aaed556ffa07c8,993c448af3185f955bea7f7718c1849837b7d9957366bbf3d8fcd618f208915b,0.0,0.0,0.0,0.0,0.0,1.0,0,torque_limited,0.06,1,5,5,1.0,0.038095051388429745
KIT_4_WalkingStraightBackwards02_poses_100_jpos,50.0,275,0.0,symmetric,0.0,50,severe,6fe4bd3c467fb6640c35682f16cebf6e2140cb13890af4e50bdb3bb765daeb60,bc6909aacf6240f54bb34eed0e6a7bc9a105cc64d6688ee08c73cfa59bbbddf4,993c448af3185f955bea7f7718c1849837b7d9957366bbf3d8fcd618f208915b,0.0,0.0,0.0,0.0,0.0,1.0,0,torque_limited,0.06,1,6,6,1.0,0.026599273441359587
CMU_54_54_23_poses_120_jpos,50.0,1791,0.0,symmetric,0.0,50,severe,ccdd12f9e4d265b8de6e8421d7a894e7414263546f157a9875cdf235fd4581d7,4212853381869f4f6cc6b757d667a6bc86648d9726d4376d8f11080ebf50034e,993c448af3185f955bea7f7718c1849837b7d9957366bbf3d8fcd618f208915b,0.0,0.0,0.0,0.0,0.0,1.0,0,torque_limited,0.06,1,36,36,1.0,0.08774702847896784
GRAB_s1_hammer_use_3,50.0,750,0.0,symmetric,0.0,50,severe,a7db6caa628f1bc7282da0e7311afda67d82b6dac1e76a5ceb18442ac5b6c229,f1e4a5bb60878af8acfc56eefdcc0d67816a2e32758d700f80df166d1d1e9361,993c448af3185f955bea7f7718c1849837b7d9957366bbf3d8fcd618f208915b,0.0,0.0,0.0,0.0,0.0,1.0,0,torque_limited,0.06,1,15,15,1.0,0.04480601750380743
KIT_424_seesaw09_poses_100_jpos,50.0,300,0.0,symmetric,0.0,50,severe,aa76ccef3081b8a9fec1b1a86f6c1601e839730c17763c1c60a0d99a32ceff6d,c81fb81ecf1044f0a9c144f4d412283b7889248c132505600e21f4c040588bd4,993c448af3185f955bea7f7718c1849837b7d9957366bbf3d8fcd618f208915b,0.11333333333333333,0.11333333333333333,0.0,0.11333333333333333,0.11333333333333333,0.8866666666666667,1,torque_limited,0.06,2,6,4,0.6666666666666666,0.9647739920446237
KIT_6_WalkingStraightBackwards08_poses_100_jpos,50.0,242,0.0,symmetric,0.0,50,severe,1d5d14edf8d24ad8bd9332c927b84412392eb5b3217282c386a232b1b7d216d7,d3fddbf0252b8db222c50ca87ebc60db4ad639591bb97afa84be3593c8c27574,993c448af3185f955bea7f7718c1849837b7d9957366bbf3d8fcd618f208915b,0.0,0.0,0.0,0.0,0.0,1.0,0,torque_limited,0.06,1,5,5,1.0,0.030512729763766504
GRAB_s7_cubemedium_pick_all,50.0,1490,0.0,symmetric,0.0,50,severe,09094a922378f98c04821dcac97eca2d60954bb68b387720d73c4746ca1b6f0f,d2a2fa9eff485c98b4746aabee8b01d161afd86fc20dd9d7462ff9366e75f02a,993c448af3185f955bea7f7718c1849837b7d9957366bbf3d8fcd618f208915b,0.0,0.0,0.0,0.0,0.0,1.0,0,torque_limited,0.06,1,30,30,1.0,0.0
KIT_3_walking_slow07_poses_100_jpos,50.0,323,0.0,symmetric,0.0,50,severe,a74eabcde498bcce6457d3623abc6b80deda5db9ff1b0e41594bcdba02da886a,d6a911b275039f4069677034b7621084b0621f6a01f09a372468e8b34289d240,993c448af3185f955bea7f7718c1849837b7d9957366bbf3d8fcd618f208915b,0.0,0.0,0.0,0.0,0.0,1.0,0,torque_limited,0.06,1,7,7,1.0,0.07732133624505563
KIT_3_bend_left08_poses_100_jpos,50.0,350,0.0,symmetric,0.0,50,severe,abb2adbdee2d8a8aa43379a372b1e6c96b962ff285538890b478f41cb1147a18,aae78add3f3b4fd2fedde5ea7ab7274a6caf636dba6249a568a8bbbce71fc9ee,993c448af3185f955bea7f7718c1849837b7d9957366bbf3d8fcd618f208915b,0.0,0.0,0.0,0.0,0.0,1.0,0,torque_limited,0.06,1,7,7,1.0,0.05937447014151763
Eyes_Japan_Dataset_kaiwa_greeting-05-salute_(chest)-kaiwa_poses_120_jpos,50.0,1500,0.0,symmetric,0.0,50,severe,c2616e68a5ff1ecea2cb3660bc9219081cef99ee1a29305046306ca8d63759ec,fae95151049ff07e7e1a6dddcc69b6d3ade5bf1aebeda49162c50d25ac7c8b6d,993c448af3185f955bea7f7718c1849837b7d9957366bbf3d8fcd618f208915b,0.0,0.0,0.0,0.0,0.0,1.0,0,torque_limited,0.06,1,30,30,1.0,0.04891820403008661
CMU_79_79_89_poses_60_jpos,50.0,737,0.0,symmetric,0.0,50,severe,bb6f6d926ed5df694da7ecac83647873c2b4be42e066d8927e79343e5dd7013a,98ebb8d5c48bf1628e585a23b426da15d0762ac9c1b4aeda84976b4b57e14ffb,993c448af3185f955bea7f7718c1849837b7d9957366bbf3d8fcd618f208915b,0.0,0.0,0.0,0.0,0.0,1.0,0,torque_limited,0.06,1,15,15,1.0,0.04402638362707795
GRAB_s5_cylinderlarge_inspect_1,50.0,458,0.0,symmetric,0.0,50,severe,4cf80fd1873c9794825d6632ce421d7e24bf81fea235b78b90f4f60b7be523b8,ec0aad5a1a2a0e561ab37380ae03d5febba120ec8be2130fa5bad87c0769b508,993c448af3185f955bea7f7718c1849837b7d9957366bbf3d8fcd618f208915b,0.0,0.0,0.0,0.0,0.0,1.0,0,torque_limited,0.06,1,10,10,1.0,0.015944277126056346
BMLmovi_Subject_41_F_MoSh_Subject_41_F_2_poses_120_jpos,50.0,409,0.0,symmetric,0.0,50,severe,89baf8212eb428e8d186ab88db8e9aa10a1fb56afd5a18ff47b1eb60c7342ca2,81e1da364c04570f96e7b0f7cf269ed2caf6eb34ea9f6f9fdec3e5edd94eb716,993c448af3185f955bea7f7718c1849837b7d9957366bbf3d8fcd618f208915b,0.0,0.0,0.0,0.0,0.0,1.0,0,torque_limited,0.06,1,9,9,1.0,0.03442618608617344
BMLmovi_Subject_76_F_MoSh_Subject_76_F_10_poses_120_jpos,50.0,444,0.0,symmetric,0.0,50,severe,0b6cb757e8a96c3d9899e66cdeb904305113fc5a83e16447cefc4c82923631b7,fb176522b805ab6ccbb7f1a1019537144f0267e7ca60733cd4c3d86845bd41e3,993c448af3185f955bea7f7718c1849837b7d9957366bbf3d8fcd618f208915b,0.0,0.0,0.0,0.0,0.0,1.0,0,torque_limited,0.06,1,9,9,1.0,0.02192147018098254
CMU_132_132_47_poses_120_jpos,50.0,629,0.0,symmetric,0.0,50,severe,32c231c92a01523609ef108a2f28dddcbe20d46a0c5a1c54658b201e0da3a39c,a4b7e62f776c59b57a28958f57ab4e60a51d1d8a311a42613c899401616a0ad7,993c448af3185f955bea7f7718c1849837b7d9957366bbf3d8fcd618f208915b,0.0,0.0,0.0,0.0,0.0,1.0,0,torque_limited,0.06,1,13,13,1.0,0.060903164017457836
DFaust_67_50027_50027_hips_poses_60_jpos,50.0,675,0.0,symmetric,0.0,50,severe,23a13d20ff1fbdecb45066d193195e57fd6ba7a4eb63f1f000f67eb6f0d265f4,90df040cc85f30f321c39a60a3a9205cafa2a7efe186c029d27d7aac771e498c,993c448af3185f955bea7f7718c1849837b7d9957366bbf3d8fcd618f208915b,0.0,0.0,0.0,0.0,0.0,1.0,0,torque_limited,0.06,1,14,14,1.0,0.0
CMU_141_141_18_poses_60_jpos,50.0,323,0.0,symmetric,0.0,50,severe,8bf18b9fa002aaa6127d2e0313ea0be969b7a38afef252e634c510b35f99023e,ea0b4b39c698f115879c33acff6d3a31c961a5aad7aa70b143d50be0662b2729,993c448af3185f955bea7f7718c1849837b7d9957366bbf3d8fcd618f208915b,0.02786377708978328,0.02786377708978328,0.0,0.02786377708978328,0.02786377708978328,0.9721362229102167,1,torque_limited,0.06,2,7,5,0.7142857142857143,0.16733083166041493
KIT_675_double_pour_and_mixing02_poses_100_jpos,50.0,880,0.0,symmetric,0.0,50,severe,104a14efc76e06d13503451d61b9248ac9e9c37339bae1593738c764189d1251,ea92a37f9dac54e1bfe4bf288ef5060a8eb82f5efa29d575635c50cbde56d025,993c448af3185f955bea7f7718c1849837b7d9957366bbf3d8fcd618f208915b,0.0,0.0,0.0,0.0,0.0,1.0,0,torque_limited,0.06,1,18,18,1.0,0.0920579452091192
KIT_1297_wipe15_poses_100_jpos,50.0,1108,0.0,symmetric,0.0,50,severe,3c297667a4d5374a8851427caec39a25f70e52ff8dcd623f0a140691746abfeb,8712b4c4b6d9734f014ceef65a28244da5272b8b5acbc4cfff5ef000f37bf8f9,993c448af3185f955bea7f7718c1849837b7d9957366bbf3d8fcd618f208915b,0.0,0.0,0.0,0.0,0.0,1.0,0,torque_limited,0.06,1,23,23,1.0,0.039746040774445365
GRAB_s6_phone_call_1,50.0,759,0.0,symmetric,0.0,50,severe,c065eb2518b26507814ea75b67b80887527fa427b62b8107eac3accc1531fc49,7749b279521950db8e6f6e89d20e92f545079cc59b93f12d75f089f60a533df6,993c448af3185f955bea7f7718c1849837b7d9957366bbf3d8fcd618f208915b,0.0,0.0,0.0,0.0,0.0,1.0,0,torque_limited,0.06,1,16,16,1.0,0.009508475908348092
KIT_200_Kniebeuge01_poses_100_jpos,50.0,374,0.0,symmetric,0.0,50,severe,107d5e615918428c0790e0e7467682dbd4f0d460db33737465ca1ca88850a702,457da043f9618ccbfbec7bd0851baf2849ad7d9adc82187c92f458f48a587e49,993c448af3185f955bea7f7718c1849837b7d9957366bbf3d8fcd618f208915b,0.3502673796791444,0.3502673796791444,0.0,0.3502673796791444,0.3502673796791444,0.6497326203208557,2,torque_limited,0.06,3,8,3,0.375,1.1386782073715813
GRAB_s2_gamecontroller_play_1,50.0,430,0.0,symmetric,0.0,50,severe,c33f034bed89556fb88e26f5b329745c10cb346dc66ae82ae8538f0f3afea1d7,811c6e8d6d73cf39e13c9798f4edbf329afcb4ce4992dbbdd16f824f5673ea29,993c448af3185f955bea7f7718c1849837b7d9957366bbf3d8fcd618f208915b,0.0,0.0,0.0,0.0,0.0,1.0,0,torque_limited,0.06,1,9,9,1.0,0.023541885689479177
GRAB_s10_spherelarge_pass_1,50.0,248,0.0,symmetric,0.0,50,severe,896361bb7c3172bd77c3c274a1cd8c85362215174444b13e08634d137103ec77,a048a8f5298843d639a766923a2e316738aa4b8d7a739c71863aa3a68468c308,993c448af3185f955bea7f7718c1849837b7d9957366bbf3d8fcd618f208915b,0.0,0.0,0.0,0.0,0.0,1.0,0,torque_limited,0.06,1,5,5,1.0,0.02669099507391599
KIT_6_LeftTurn07_1_poses_100_jpos,50.0,242,0.0,symmetric,0.0,50,severe,2ce1fc2cbac2c455a3605475a1e829f44c6e3daf57992acbeaae89aeb2278c45,2eaa045ab20b9bdc4b9c32a82fe2a63504ab9f9032c2f109784a432e90309c45,993c448af3185f955bea7f7718c1849837b7d9957366bbf3d8fcd618f208915b,0.0,0.0,0.0,0.0,0.0,1.0,0,torque_limited,0.06,1,5,5,1.0,0.025559761605720224
KIT_9_step_over_gap01_poses_100_jpos,50.0,292,0.0,symmetric,0.0,50,severe,748ec9e72bbbd63e9c457b930c170ad0267461a647eb8019edda8592de09e6b3,c28423f1d8a1f39b572bf879bbf34fdce532bb58aad02819016e7df3fc5f749b,993c448af3185f955bea7f7718c1849837b7d9957366bbf3d8fcd618f208915b,0.0,0.0,0.0,0.0,0.0,1.0,0,torque_limited,0.06,1,6,6,1.0,0.0741263660443406
KIT_4_RightTurn01_poses_100_jpos,50.0,262,0.0,symmetric,0.0,50,severe,32b87754f9784dc6402c0fec4dd5945aa367ba597af83265bae9f25031ec3bed,0a31a5f9fb17e51351c600061558b6c48c468760786e794e9ebf8170d504b23a,993c448af3185f955bea7f7718c1849837b7d9957366bbf3d8fcd618f208915b,0.0,0.0,0.0,0.0,0.0,1.0,0,torque_limited,0.06,1,6,6,1.0,0.025987795890983507
KIT_359_go_over_beam03_poses_100_jpos,50.0,475,0.0,symmetric,0.0,50,severe,0abb9fde9e3c081caf3e56fa8c70f5e9fcc18421af1826e16a236365e2e3fb14,72fd758534ef1d9907f2f0eace0ea690e3e12a9fa190df6d5bb5f005a2df6945,993c448af3185f955bea7f7718c1849837b7d9957366bbf3d8fcd618f208915b,0.40421052631578946,0.40421052631578946,0.0,0.40421052631578946,0.40421052631578946,0.5957894736842105,1,torque_limited,0.06,2,10,5,0.5,1.037860846253325
KIT_513_Push_Left_Hard01_poses_100_jpos,50.0,453,0.0,symmetric,0.0,50,severe,80906f98a57f9ceb0cd9e29fef22abeb38e469d9256e683bdd4526358cc51759,caf8e7f19a90ef7051b6655db602c8d107bb97d77c0be1482c90f0224ca3ead6,993c448af3185f955bea7f7718c1849837b7d9957366bbf3d8fcd618f208915b,0.0,0.0,0.0,0.0,0.0,1.0,0,torque_limited,0.06,1,10,10,1.0,0.0
KIT_421_push_recovery_stand_left02_poses_100_jpos,50.0,451,0.0,symmetric,0.0,50,severe,69301d577d29e1675324323c39a215a1f804020103c34c78a92972390297e18b,91dd6919f223c9cf2029cd1ad960ea26bafcccd861d3048977288d50ceea84a5,993c448af3185f955bea7f7718c1849837b7d9957366bbf3d8fcd618f208915b,0.0066518847006651885,0.0066518847006651885,0.0,0.0066518847006651885,0.0066518847006651885,0.9933481152993349,1,torque_limited,0.06,2,10,9,0.9,0.066651052990993
KIT_314_walking_medium03_poses_100_jpos,50.0,349,0.0,symmetric,0.0,50,severe,96c87f8b93dace2cc276b51527d1d199ee18934cd5efb8036a7dcdf57bf42ebe,219e3523f0135bb75235e1bad8eb8fd5f9422d65e0f1dbd25df8048b4b3d9c41,993c448af3185f955bea7f7718c1849837b7d9957366bbf3d8fcd618f208915b,0.0,0.0,0.0,0.0,0.0,1.0,0,torque_limited,0.06,1,7,7,1.0,0.030023547723465632
GRAB_s6_banana_peel_2,50.0,448,0.0,symmetric,0.0,50,severe,bcda699951e35963cfba845dfaeb641d329170dbbb5c624b07de7ffe6a8430bd,0cb4fdbbb2a65dd2facce0cf53312455f1518184ad935d0f000919a403ce3fe7,993c448af3185f955bea7f7718c1849837b7d9957366bbf3d8fcd618f208915b,0.0,0.0,0.0,0.0,0.0,1.0,0,torque_limited,0.06,1,9,9,1.0,0.018023300797335013
KIT_183_bend_left01_poses_100_jpos,50.0,293,0.0,symmetric,0.0,50,severe,1998f599d8e49ac0eec0482f7a101130f34b8a2a217ac90910963ea8d189508a,f43a980fa212c77ce79d0ab97c846dbd2182560555b5df0bc9ebebb641316b8d,993c448af3185f955bea7f7718c1849837b7d9957366bbf3d8fcd618f208915b,0.0,0.0,0.0,0.0,0.0,1.0,0,torque_limited,0.06,1,6,6,1.0,0.03173568486451867
CMU_141_141_21_poses_60_jpos,50.0,226,0.0,symmetric,0.0,50,severe,e354999662a24944ad62584d1d94ccbda31b1c9fd096a58d200706eb30633fa0,c211c87a1ab888a399481535e293aae68eabc17caf1d014b5698f71ade0154b2,993c448af3185f955bea7f7718c1849837b7d9957366bbf3d8fcd618f208915b,0.0,0.0,0.0,0.0,0.0,1.0,0,torque_limited,0.06,1,5,5,1.0,0.00947790203082928
GRAB_s10_headphones_pass_1,50.0,242,0.0,symmetric,0.0,50,severe,a1e337ecdf5ca59d3dc3360bcc324446545c56c4046836b8e3739beedbe760e9,ad56527d80cd3adab02e62a4b01ff2e2a56605c492fbd2d19e88f8290e6f6070,993c448af3185f955bea7f7718c1849837b7d9957366bbf3d8fcd618f208915b,0.0,0.0,0.0,0.0,0.0,1.0,0,torque_limited,0.06,1,5,5,1.0,0.011877951416055393
BMLhandball_S08_Novice_Trial_upper_left_056_poses_120_jpos,50.0,668,0.0,symmetric,0.0,50,severe,4e5716054f904b3ac585f8437cf7613f025d311dea710fd0f411622f69d88dce,a7ac5265a02cf7944c52f6bd7a8bfb1482df317f321acc8552cd0c7969aa256c,993c448af3185f955bea7f7718c1849837b7d9957366bbf3d8fcd618f208915b,0.0,0.0,0.0,0.0,0.0,1.0,0,torque_limited,0.06,1,14,14,1.0,0.0713441431901293
KIT_513_evasion06_poses_100_jpos,50.0,290,0.0,symmetric,0.0,50,severe,367e118aec94565e6342f500787119fddf9e2e3e4a2fa6112123152ce09babc6,ebca99138c0c544ccf5e9203cd01fdff8f26eda4b6ad0b79fd8f6fbb6ae05d32,993c448af3185f955bea7f7718c1849837b7d9957366bbf3d8fcd618f208915b,0.0,0.0,0.0,0.0,0.0,1.0,0,torque_limited,0.06,1,6,6,1.0,0.03700967873651243
KIT_572_throw_left05_poses_100_jpos,50.0,201,0.0,symmetric,0.0,50,severe,b8d62b215bd5f75b4969fb95256bc28aca29434f5fa405e39e1a6366a14558e8,025ca72efcb79d1c0030d03d806908418e7c36022e2cf8aaf1acfa923313f407,993c448af3185f955bea7f7718c1849837b7d9957366bbf3d8fcd618f208915b,0.0,0.0,0.0,0.0,0.0,1.0,0,torque_limited,0.06,1,5,5,1.0,0.12627011415266104
CMU_132_132_46_poses_120_jpos,50.0,510,0.0,symmetric,0.0,50,severe,a0ebcd255b6dbffdfd3823cce623378ff290482365377af3384e379b4441178b,d3ae76bc89f3e83299f1ec8ce95f0e39e0930de5e137614fc2f891c41f10c7e4,993c448af3185f955bea7f7718c1849837b7d9957366bbf3d8fcd618f208915b,0.0,0.0,0.0,0.0,0.0,1.0,0,torque_limited,0.06,1,11,11,1.0,0.042971584852679184
GRAB_s3_train_pick_all,50.0,588,0.0,symmetric,0.0,50,severe,b520fe3a4e3b6c051c00ba5ee1effc613e1becde8ae1e8e6c0e96a2857507d3c,dc58f2001fc60c340e6047c6b7591d71c192adb6bb0ee99d04624e5140735b57,993c448af3185f955bea7f7718c1849837b7d9957366bbf3d8fcd618f208915b,0.0,0.0,0.0,0.0,0.0,1.0,0,torque_limited,0.06,1,12,12,1.0,0.03473192486136146
KIT_675_dry_right_arm_015_poses_100_jpos,50.0,1165,0.0,symmetric,0.0,50,severe,56c1eea10f18093c91a37b04f17b3869409fc6b56410756012c2ad2230e7c5a3,2399e880b9e228433e39a4fd1eaae2ba896803e89a314b7371f32365f4e76d40,993c448af3185f955bea7f7718c1849837b7d9957366bbf3d8fcd618f208915b,0.0,0.0,0.0,0.0,0.0,1.0,0,torque_limited,0.06,1,24,24,1.0,0.10554102519491179
BMLmovi_Subject_36_F_MoSh_Subject_36_F_11_poses_120_jpos,50.0,249,0.0,symmetric,0.0,50,severe,cafd6433c28a675c954b7f9b1a5344fb9db89c1eeeb5b709f795f63748beea7c,cd0ce169d8b09379c7162b9f7db49623864eb5bf7e42b09f6085cd0a7bf0a926,993c448af3185f955bea7f7718c1849837b7d9957366bbf3d8fcd618f208915b,0.0,0.0,0.0,0.0,0.0,1.0,0,torque_limited,0.06,1,5,5,1.0,0.09502361132844322
KIT_572_throw_left03_poses_100_jpos,50.0,171,0.0,symmetric,0.0,50,severe,c1c6bcb70aaabf17f192846c05e4e9c7c203e61d487f80c9b5a0bcd044c8d52f,33869fcadb0e9656fed01811949101c9cfafa01fecc4d7ea194e3ca87c030756,993c448af3185f955bea7f7718c1849837b7d9957366bbf3d8fcd618f208915b,0.0,0.0,0.0,0.0,0.0,1.0,0,torque_limited,0.06,1,4,4,1.0,0.1488947835165761
KIT_3_lean_over_table05_poses_100_jpos,50.0,551,0.0,symmetric,0.0,50,severe,58834303e67be7c1c1c59141b3bc7bbd138e39309de8aa5a15d079305e34770c,05539f786812a4117ff6015bb8b832d931f8f4c7753bba6cb8c9d75cac1d2e16,993c448af3185f955bea7f7718c1849837b7d9957366bbf3d8fcd618f208915b,0.0,0.0,0.0,0.0,0.0,1.0,0,torque_limited,0.06,1,12,12,1.0,0.23710042015832603
KIT_9_WalkInClockwiseCircle07_poses_100_jpos,50.0,413,0.0,symmetric,0.0,50,severe,7128208395872b0fb234a2f24f388e4f624c6e505a394f96269e63839fb3dbf2,bb069d78fe1bca3fcd7f973140b0b5a08ea352c575fe0b10a97a705eac909e11,993c448af3185f955bea7f7718c1849837b7d9957366bbf3d8fcd618f208915b,0.0,0.0,0.0,0.0,0.0,1.0,0,torque_limited,0.06,1,9,9,1.0,0.0192615428368466
KIT_314_go_over_beam01_poses_100_jpos,50.0,543,0.0,symmetric,0.0,50,severe,c06b876197b19c45845a6b8552ed74e9fb3f7eda93da99c4278cf16a71e76fc7,41f82c883fc2952f153ea833d8ba1953e972918c6f77724f40d51034fc83bdb2,993c448af3185f955bea7f7718c1849837b7d9957366bbf3d8fcd618f208915b,0.3683241252302026,0.3683241252302026,0.0,0.3683241252302026,0.3683241252302026,0.6316758747697975,1,torque_limited,0.06,2,11,6,0.5454545454545454,1.045810054408214
KIT_359_go_over_beam02_poses_100_jpos,50.0,428,0.0,symmetric,0.0,50,severe,64f9263cc4f78bb248426ad22c984754c9191c9868b3621ec1652b259683b500,8c9284332885f267995a1001be3f6ce7e55de2055a5a9e884c7ee7730b84d3c8,993c448af3185f955bea7f7718c1849837b7d9957366bbf3d8fcd618f208915b,0.45093457943925236,0.45093457943925236,0.0,0.45093457943925236,0.45093457943925236,0.5490654205607477,1,torque_limited,0.06,2,9,5,0.5555555555555556,1.0611581409226536
KIT_291_push_recovery_stand_right02_poses_100_jpos,50.0,227,0.0,symmetric,0.0,50,severe,86b6e7fdc85e0c35638202ea2876f8f5a88302f46c6ef3fd221d2e129809bb15,6f436b7ffc1702f1f76637fd3baa0744960460c3201e8f20aa648af2779ccd8f,993c448af3185f955bea7f7718c1849837b7d9957366bbf3d8fcd618f208915b,0.0,0.0,0.0,0.0,0.0,1.0,0,torque_limited,0.06,1,5,5,1.0,0.040204648937227416
Eyes_Japan_Dataset_hamada_pain-03-toothache-hamada_poses_120_jpos,50.0,1488,0.0,symmetric,0.0,50,severe,d13feb1136928d38f5f694312b28e6028c3b996ad2022ab1d2390215181adaac,3fcc41e6674cd39671e4446ac1568cec21f800f4df0708106e30eebe6b052482,993c448af3185f955bea7f7718c1849837b7d9957366bbf3d8fcd618f208915b,0.0,0.0,0.0,0.0,0.0,1.0,0,torque_limited,0.06,1,30,30,1.0,0.04280342852632578
KIT_12_WalkingStraightBackwards10_poses_100_jpos,50.0,341,0.0,symmetric,0.0,50,severe,23db24f345073da8f3e2a4e9a0ee657fcbf2dd934071d0ffebaee6bc82bfec80,4df1a07616aa5ceff452af03b49d6000dcdafaa68fa29266ed40283267ea27af,993c448af3185f955bea7f7718c1849837b7d9957366bbf3d8fcd618f208915b,0.0,0.0,0.0,0.0,0.0,1.0,0,torque_limited,0.06,1,7,7,1.0,0.05442150198347135
KIT_1721_RecoveryStepping_80_0_02_poses_100_jpos,50.0,162,0.0,symmetric,0.0,50,severe,5f4fd9c77bc77bb6344b840e0ee73ef5ed364c0913118cbe7344b8b6c7c7f662,49a27a1bcc3ea6711735efe9823ac51bfdc67f75deaa6de7aaedad887520470d,993c448af3185f955bea7f7718c1849837b7d9957366bbf3d8fcd618f208915b,0.0,0.0,0.0,0.0,0.0,1.0,0,torque_limited,0.06,1,4,4,1.0,0.04706848444019895
GRAB_s10_stamp_pass_1,50.0,297,0.0,symmetric,0.0,50,severe,4d45b7b260ed15d0c5f74d2dff0da96ada7ef749a82e620479afa54ca880c131,4fbf13f5b269e80f573f763a59b29d82389aa3b6bed47c23ac4403ca592769a1,993c448af3185f955bea7f7718c1849837b7d9957366bbf3d8fcd618f208915b,0.0,0.0,0.0,0.0,0.0,1.0,0,torque_limited,0.06,1,6,6,1.0,0.016020711819853355
KIT_675_walk_with_table_right01_poses_100_jpos,50.0,411,0.0,symmetric,0.0,50,severe,1a3a57f8dca1224ad7bf5f5221bc7514adf15f1f8459351cc43c7b9592f534a6,f45a9aa0e1aaa69b9936eff9a3ee93fe7cb716fb09c0e4dd0937a978b1a71ee8,993c448af3185f955bea7f7718c1849837b7d9957366bbf3d8fcd618f208915b,0.012165450121654502,0.012165450121654502,0.0,0.012165450121654502,0.012165450121654502,0.9878345498783455,1,torque_limited,0.06,2,9,8,0.8888888888888888,0.20667941202711593
GRAB_s6_scissors_use_2,50.0,518,0.0,symmetric,0.0,50,severe,b5eb8b971ae2f85ddc5827c0c15dee8f1ab3c17424950b2b7aaf7a45a819c5d7,13fac91a983769f16076525ccf8d3e05426fa10439d0fc08b91bd50a511ca273,993c448af3185f955bea7f7718c1849837b7d9957366bbf3d8fcd618f208915b,0.0,0.0,0.0,0.0,0.0,1.0,0,torque_limited,0.06,1,11,11,1.0,0.027822228542111756
KIT_3_lean_over_table14_poses_100_jpos,50.0,489,0.0,symmetric,0.0,50,severe,4112360a5eddb3cbb1f0086f6f9b26ba1fad4a5e50394d10b04d67936a81cabb,3912b3d1d4a279829b8d98b339a59da2e6e43d9d608b20151cea163633990cce,993c448af3185f955bea7f7718c1849837b7d9957366bbf3d8fcd618f208915b,0.0,0.0,0.0,0.0,0.0,1.0,0,torque_limited,0.06,1,10,10,1.0,0.1356257206734151
KIT_3_inspect_shoe_sole07_poses_100_jpos,50.0,459,0.0,symmetric,0.0,50,severe,81d09853650c5018e8040a971a2f4df0ac5f612daa671bf3c33568ed6f5db475,81b380504759fec394a71f3c0fb73e6c449c63e0277343d1edc572adbf1c9f21,993c448af3185f955bea7f7718c1849837b7d9957366bbf3d8fcd618f208915b,0.08714596949891068,0.08714596949891068,0.0,0.08714596949891068,0.08714596949891068,0.9128540305010894,2,torque_limited,0.06,3,10,7,0.7,0.9838673785551166
BMLmovi_Subject_69_F_MoSh_Subject_69_F_18_poses_120_jpos,50.0,405,0.0,symmetric,0.0,50,severe,31a2b74011447ec6b73d36401165a2e5029338b6f1e6b66c6feb9fb722366972,e96ea7683cce5da86178fdac7a8e37d9cf3608bc1341c77c2976100ffba355d2,993c448af3185f955bea7f7718c1849837b7d9957366bbf3d8fcd618f208915b,0.0,0.0,0.0,0.0,0.0,1.0,0,torque_limited,0.06,1,9,9,1.0,0.04182506444572403
KIT_8_WalkingStraightBackwards08_poses_100_jpos,50.0,294,0.0,symmetric,0.0,50,severe,68ff2bbd218c48f225c2e13c82b19e4f2dc7cc002450b5096a1298215404612e,cc24f0b419b855dca45b00bc490764cab8b3dacf1fdbafb262c04d459c61833f,993c448af3185f955bea7f7718c1849837b7d9957366bbf3d8fcd618f208915b,0.0,0.0,0.0,0.0,0.0,1.0,0,torque_limited,0.06,1,6,6,1.0,0.013666523250905423
KIT_3_walking_medium02_poses_100_jpos,50.0,330,0.0,symmetric,0.0,50,severe,c41d7d8783f1f8a8be0fd620967fbec9194f4dd260105fd9957d0e4aa74e9ffd,a1138715236ad43fbc38b887abc88534c691bcd202c2d83567d46516a44ad24e,993c448af3185f955bea7f7718c1849837b7d9957366bbf3d8fcd618f208915b,0.0,0.0,0.0,0.0,0.0,1.0,0,torque_limited,0.06,1,7,7,1.0,0.06178980646550315
Eyes_Japan_Dataset_hamada_gesture_etc-33-watch_here-hamada_poses_120_jpos,50.0,1488,0.0,symmetric,0.0,50,severe,ea84d1ec0bfa6ee8467945fdc5835e402e641e6f7ecced16a609afb1e8a49457,7101cb0d1b440ada06b29135d9f6f3dda01402314c3cfeb6c2d5b0506a3d238c,993c448af3185f955bea7f7718c1849837b7d9957366bbf3d8fcd618f208915b,0.0,0.0,0.0,0.0,0.0,1.0,0,torque_limited,0.06,1,30,30,1.0,0.0361688971047452
GRAB_s7_mouse_use_1,50.0,457,0.0,symmetric,0.0,50,severe,9714c8d6ef823a399ce5e534e1f4b59945c20fdb09a70df7f1fab37523253148,b0b9b007b84bb8ba81e852dd5bb099fb10eb72d136600843cd22cdd82dd45475,993c448af3185f955bea7f7718c1849837b7d9957366bbf3d8fcd618f208915b,0.0,0.0,0.0,0.0,0.0,1.0,0,torque_limited,0.06,1,10,10,1.0,0.007031991829324949
KIT_424_bend_left05_poses_100_jpos,50.0,335,0.0,symmetric,0.0,50,severe,6e08f95bd9e3def58d8ec710e97fb3c8bd85aaf72d2c9958bcc6408319c2eae5,ad957e59ca13eac659ce546d529bcecff00b32a47ed1ea7308e38cab7de173ba,993c448af3185f955bea7f7718c1849837b7d9957366bbf3d8fcd618f208915b,0.0,0.0,0.0,0.0,0.0,1.0,0,torque_limited,0.06,1,7,7,1.0,0.04861246525489856
KIT_314_bend_left01_poses_100_jpos,50.0,188,0.0,symmetric,0.0,50,severe,b577785f697d3c5b3560ef5b50e4237ddcdeb57fcdb3cb6eed6d381e64d7f5d5,884accd7f86f6e9e541da8c8e9a6c3b4d56567ef9df4334ebeca9f657b6e1d1d,993c448af3185f955bea7f7718c1849837b7d9957366bbf3d8fcd618f208915b,0.0,0.0,0.0,0.0,0.0,1.0,0,torque_limited,0.06,1,4,4,1.0,0.04451556566737881
GRAB_s6_eyeglasses_wear_1,50.0,515,0.0,symmetric,0.0,50,severe,c5840859610e13cf40c7447ece65b1b6dc0faecee77dc3f8252d68efb042e11c,b43d3e38e14966d20d9536ea97357044c4b61dd087830a428c8c4815fe37451b,993c448af3185f955bea7f7718c1849837b7d9957366bbf3d8fcd618f208915b,0.0,0.0,0.0,0.0,0.0,1.0,0,torque_limited,0.06,1,11,11,1.0,0.01712137141053031
GRAB_s2_pyramidlarge_inspect_1,50.0,401,0.0,symmetric,0.0,50,severe,5d0baf11aedd37a87a5bbea1ffad27ab891be08c44f3cc71c964ff9bd2c45fa1,a83fecff3cea3c278733cfaf04821b91a81a55d51281b8623b19164eccb413ce,993c448af3185f955bea7f7718c1849837b7d9957366bbf3d8fcd618f208915b,0.0,0.0,0.0,0.0,0.0,1.0,0,torque_limited,0.06,1,9,9,1.0,0.007337730604512991
KIT_12_WalkingStraightBackwards01_poses_100_jpos,50.0,300,0.0,symmetric,0.0,50,severe,6cbf8de88c87c267cc0d414b4885ff1d04a410d2a32d2f148908eb815c8cb8e1,86b67b0a11363b398bacda41227eb32a2e560791fdb25cfb7a25bf3dc54a3d08,993c448af3185f955bea7f7718c1849837b7d9957366bbf3d8fcd618f208915b,0.0,0.0,0.0,0.0,0.0,1.0,0,torque_limited,0.06,1,6,6,1.0,0.0664523227871208
KIT_674_dry_back01_poses_100_jpos,50.0,696,0.0,symmetric,0.0,50,severe,0f8956b4fc89cc21ed1b7b3a79f08d21de3508b028abe3bb2e188f2d890286a7,f88aca845c72f893cbe4cdc0edf593f9a7ea43311fbc000637b3f22a0d6b9a05,993c448af3185f955bea7f7718c1849837b7d9957366bbf3d8fcd618f208915b,0.0,0.0,0.0,0.0,0.0,1.0,0,torque_limited,0.06,1,14,14,1.0,0.05442150198347135
KIT_442_Bouncen01_poses_100_jpos,50.0,288,0.0,symmetric,0.0,50,severe,282aea7b9d075e4c3570a39401f269f4be7ab82cea5c62a83fa5a4e50534ac8d,7648cb92c51a6aafce809e1a1b63199034dd2f61b702a5d134f9ad3391485d25,993c448af3185f955bea7f7718c1849837b7d9957366bbf3d8fcd618f208915b,0.0,0.0,0.0,0.0,0.0,1.0,0,torque_limited,0.06,1,6,6,1.0,0.018420761205079454
Eyes_Japan_Dataset_kanno_pose-14-look_up-kanno_poses_120_jpos,50.0,1488,0.0,symmetric,0.0,50,severe,c3672066569d06381161fda34a35b7dc47c5ddfe72725e026591796973ff3ae6,7533a9c60943b6b7552a0c0917b754b28155ac21b889a2cec9d7f3f12760cad6,993c448af3185f955bea7f7718c1849837b7d9957366bbf3d8fcd618f208915b,0.0,0.0,0.0,0.0,0.0,1.0,0,torque_limited,0.06,1,30,30,1.0,0.045234051789070584
KIT_9_WalkInCounterClockwiseCircle08_poses_100_jpos,50.0,390,0.0,symmetric,0.0,50,severe,ade6230f3f76e8303265ce733c59829477d84910edaf1b1bf405c968fe5ab3da,3b852b60c03abe0bb9eac97bf04da51abbcc042b255a8d51b761c36b7dead5e7,993c448af3185f955bea7f7718c1849837b7d9957366bbf3d8fcd618f208915b,0.0,0.0,0.0,0.0,0.0,1.0,0,torque_limited,0.06,1,8,8,1.0,0.028464279970006615
KIT_3_walking_medium06_poses_100_jpos,50.0,241,0.0,symmetric,0.0,50,severe,8503a70f72d656b63c2b3432009098344260e861ca394bbe5aa0be85bcf48166,cfd0bcc730473a71f9ee9927c70a2125ed444ccb19119398f35fc2d9ebe23b43,993c448af3185f955bea7f7718c1849837b7d9957366bbf3d8fcd618f208915b,0.0,0.0,0.0,0.0,0.0,1.0,0,torque_limited,0.06,1,5,5,1.0,0.0733773060451299
KIT_1297_wipe08_poses_100_jpos,50.0,836,0.0,symmetric,0.0,50,severe,52f856d71a8f2cb658e153a268e2a57eb1d6c40e6b0b586577b46a4062e5b183,c72224d52ec058c0bebb412c7a826daf74b110c034a96273860a24e57dca24f8,993c448af3185f955bea7f7718c1849837b7d9957366bbf3d8fcd618f208915b,0.0,0.0,0.0,0.0,0.0,1.0,0,torque_limited,0.06,1,17,17,1.0,0.05014115913083877
GRAB_s1_binoculars_see_1,50.0,785,0.0,symmetric,0.0,50,severe,2a1693f4e9749ba03781ba43d7d101b5b2bcba9f3086f0f30caf11bf4f320c0b,814f01de4337b48dbfe315b10eb0df9c138ca81aa22fd0c946bf1db58209002f,993c448af3185f955bea7f7718c1849837b7d9957366bbf3d8fcd618f208915b,0.0,0.0,0.0,0.0,0.0,1.0,0,torque_limited,0.06,1,16,16,1.0,0.058640697081066305
Eyes_Japan_Dataset_shiono_throw_toss-19-pass_to_front_light-shiono_poses_120_jpos,50.0,1417,0.0,symmetric,0.0,50,severe,2b3cf888f458438ebf0c5e4fecc3087a85401ffce71d635db1d5012e237fce12,0fbe16db6490ffdd31df40d8033cb7ff7c82d0fe14cc8f00ad6dadd5f14a9b36,993c448af3185f955bea7f7718c1849837b7d9957366bbf3d8fcd618f208915b,0.0,0.0,0.0,0.0,0.0,1.0,0,torque_limited,0.06,1,29,29,1.0,0.05081378443625248
KIT_9_WalkInCounterClockwiseCircle09_poses_100_jpos,50.0,420,0.0,symmetric,0.0,50,severe,36cf0e5d4c9ac44e890c4879b87f7eae241e2d6d22bc1aeb935d0f34bab528ba,6d2ffe793456ffbef9ff29971820f91e8821df192081521203b85a9c936ba0a3,993c448af3185f955bea7f7718c1849837b7d9957366bbf3d8fcd618f208915b,0.0,0.0,0.0,0.0,0.0,1.0,0,torque_limited,0.06,1,9,9,1.0,0.03456376853500805
KIT_421_push_recovery_stand_front03_poses_100_jpos,50.0,250,0.0,symmetric,0.0,50,severe,f2d54ffb4ef273039508fa2a6eba65d8e134f3695430f121374b7e34e1b66dc3,e881ee97e1bed7e62459ba7cb33a79f8241891b58f49ec951049cf69c057c09a,993c448af3185f955bea7f7718c1849837b7d9957366bbf3d8fcd618f208915b,0.0,0.0,0.0,0.0,0.0,1.0,0,torque_limited,0.06,1,5,5,1.0,0.08887826194716353
KIT_9_WalkInClockwiseCircle04_poses_100_jpos,50.0,430,0.0,symmetric,0.0,50,severe,98449eb7b2fc46a6747a13e0f112154789d92e8b4756f31ac547359878379375,ed0c8091963e9c700486ae2cefc4f6b8fadabefca151e506a31f1516bb42fce8,993c448af3185f955bea7f7718c1849837b7d9957366bbf3d8fcd618f208915b,0.0,0.0,0.0,0.0,0.0,1.0,0,torque_limited,0.06,1,9,9,1.0,0.0215698705895163
KIT_576_MarcusS_AdrianM09_poses_100_jpos,50.0,3749,0.0,symmetric,0.0,50,severe,b4196ff621bc90f988102517ca31604871aa509fa246def4684be78495d6f9da,c275e9b90083b175bf6026406e010a5d9860a8dd0c205b8ef151ff74833a9446,993c448af3185f955bea7f7718c1849837b7d9957366bbf3d8fcd618f208915b,0.0,0.0,0.0,0.0,0.0,1.0,0,torque_limited,0.06,1,75,75,1.0,0.04543278199294291
KIT_513_evasion05_poses_100_jpos,50.0,195,0.0,symmetric,0.0,50,severe,07002fdf9a22e45c8f949aea763b3e1116d0e9425f34241bc6ec5e0344ee998b,193fc1b89909bbedb3599d4613cacaa1497082102b8b2c75642e081603a2a7f5,993c448af3185f955bea7f7718c1849837b7d9957366bbf3d8fcd618f208915b,0.0,0.0,0.0,0.0,0.0,1.0,0,torque_limited,0.06,1,4,4,1.0,0.14015065454619793
KIT_513_seesaw_up03_poses_100_jpos,50.0,452,0.0,symmetric,0.0,50,severe,126d276c4979bb4395bcf3f40a68cbd005162eb691a2fb467e152a371b9e3fc3,954679aea8966e256da881c017dd5167b3bf421b25482d932c609adba8856419,993c448af3185f955bea7f7718c1849837b7d9957366bbf3d8fcd618f208915b,0.2323008849557522,0.2323008849557522,0.0,0.2323008849557522,0.2323008849557522,0.7676991150442478,1,torque_limited,0.06,2,10,7,0.7,1.012239936892567
KIT_551_sponge_big01_poses_100_jpos,50.0,428,0.0,symmetric,0.0,50,severe,5988f8a2fa637bd721108bf850e34f39997afd9c97190caa5a43f62b889ccd53,3796f7c55f3b172f4a7e91af9876602632312bbe85c531b4cf3efab5c3b21b52,993c448af3185f955bea7f7718c1849837b7d9957366bbf3d8fcd618f208915b,0.0,0.0,0.0,0.0,0.0,1.0,0,torque_limited,0.06,1,9,9,1.0,0.03902755465275347
KIT_9_bend_left09_poses_100_jpos,50.0,250,0.0,symmetric,0.0,50,severe,f41fe62af99c39fa7ac7663612692c64101d6561818a07eec97fc59c16cb20e8,0144766610092874a45fa14f48961dad27f929430b209673a60f86abd5993243,993c448af3185f955bea7f7718c1849837b7d9957366bbf3d8fcd618f208915b,0.0,0.0,0.0,0.0,0.0,1.0,0,torque_limited,0.06,1,5,5,1.0,0.06023053871204413
KIT_3_bend_right05_poses_100_jpos,50.0,257,0.0,symmetric,0.0,50,severe,9568abe238523e0bd53971ad660a523f579dc1fc4b18ebd93fe1b7d25a04b074,601569f220e04ab844631d850584302132a040bfa38842446ef1a36084bd21e3,993c448af3185f955bea7f7718c1849837b7d9957366bbf3d8fcd618f208915b,0.0,0.0,0.0,0.0,0.0,1.0,0,torque_limited,0.06,1,6,6,1.0,0.055094127288885
KIT_424_bend_left08_poses_100_jpos,50.0,266,0.0,symmetric,0.0,50,severe,c47d0253ba60451ff452c636e8241a2edd98d99873f56a098867bec95d304c4f,a9ba5faf472dee9c429fbcf0b36ff36327699a0ba8e085ab429ed294ae78066d,993c448af3185f955bea7f7718c1849837b7d9957366bbf3d8fcd618f208915b,0.0,0.0,0.0,0.0,0.0,1.0,0,torque_limited,0.06,1,6,6,1.0,0.04891820403008661
KIT_3_kneel_down_with_left_hand04_poses_100_jpos,50.0,453,0.0,symmetric,0.0,50,severe,c0191b48175adfb2db8b1d3186a9c16461a627c0f2dde97f6bed3cd9a68020ec,4a774b1e63f63350d6d732e1313b8cab3eca30ef8a4945d7e22896f16a534d2a,993c448af3185f955bea7f7718c1849837b7d9957366bbf3d8fcd618f208915b,0.037527593818984545,0.037527593818984545,0.0,0.037527593818984545,0.037527593818984545,0.9624724061810155,1,torque_limited,0.06,2,10,9,0.9,0.33019787720308413
KIT_9_bend_right08_poses_100_jpos,50.0,250,0.0,symmetric,0.0,50,severe,eca28cd2ece6c5f0c3bf79be825d86c645e038003b776ed2ed3d2241bbf49767,dc28b242925fd9179d2c7b49f87b03047a5804e4b56dc32f9e3bf280f7d8d6cb,993c448af3185f955bea7f7718c1849837b7d9957366bbf3d8fcd618f208915b,0.0,0.0,0.0,0.0,0.0,1.0,0,torque_limited,0.06,1,5,5,1.0,0.08057745420080828
BMLmovi_Subject_57_F_MoSh_Subject_57_F_14_poses_120_jpos,50.0,577,0.0,symmetric,0.0,50,severe,3b0f17ab593515167368ef51c4e0c3de29820cbb1691c0e2e274a6d1f772af16,66b0711479e27d7fab33a34b2517be639574ff171d4f5f1e1856642dae234761,993c448af3185f955bea7f7718c1849837b7d9957366bbf3d8fcd618f208915b,0.0,0.0,0.0,0.0,0.0,1.0,0,torque_limited,0.06,1,12,12,1.0,0.06726253054136908
KIT_424_seesaw04_poses_100_jpos,50.0,409,0.0,symmetric,0.0,50,severe,c8f0ddb0ab648afd2e3370fe9e158f355304232423456a26ee5e90391505bf61,529535e19ef1baec2d85233b283370946a055a96132a9f18423c7caf1cb35b2b,993c448af3185f955bea7f7718c1849837b7d9957366bbf3d8fcd618f208915b,0.2273838630806846,0.2273838630806846,0.0,0.2273838630806846,0.2273838630806846,0.7726161369193154,3,torque_limited,0.06,4,9,5,0.5555555555555556,1.0220235776985844
KIT_421_push_recovery_back07_poses_100_jpos,50.0,250,0.0,symmetric,0.0,50,severe,9c41e68461fad258986e9bd4949adff7898254bbafd3f289365db7e7ec10cbcf,89d73ecc1e891cc0614da639d4e7cbb80dc7684058435a307c2e1d3be552997a,993c448af3185f955bea7f7718c1849837b7d9957366bbf3d8fcd618f208915b,0.0,0.0,0.0,0.0,0.0,1.0,0,torque_limited,0.06,1,5,5,1.0,0.06310448319881168
KIT_11_WalkingStraightForwards02_poses_100_jpos,50.0,271,0.0,symmetric,0.0,50,severe,b96a03e5494637e32fa40de45ad1c9307c799d8fa3dc156dbe0bd33305853518,bf3dd6157718d7c8b2b7c5d1eb0c58c5c8842bbbba718505de90541e2bf7e1a9,993c448af3185f955bea7f7718c1849837b7d9957366bbf3d8fcd618f208915b,0.0,0.0,0.0,0.0,0.0,1.0,0,torque_limited,0.06,1,6,6,1.0,0.026446404053765568
KIT_10_RightTurn05_poses_100_jpos,50.0,314,0.0,symmetric,0.0,50,severe,2880ec038a614383dd10e6ddd4962f500b2458992a5d59f16a2ff71c1b22bbcb,465dc61f29d2bed5d2eb48325d59b7d90b2abff6a436771eb4aabdf8624f320d,993c448af3185f955bea7f7718c1849837b7d9957366bbf3d8fcd618f208915b,0.0,0.0,0.0,0.0,0.0,1.0,0,torque_limited,0.06,1,7,7,1.0,0.06798101666306097
Eyes_Japan_Dataset_aita_gesture_etc-48-medium_drum-aita_poses_120_jpos,50.0,1500,0.0,symmetric,0.0,50,severe,562fb65725bd518af1bff1d614984a7fc6fd7f7614d8ce0acf51ca1054ef3f6e,b05c82c72f72744c72d0b6931349b60525dc05283f60fc34277a63fa512b4773,993c448af3185f955bea7f7718c1849837b7d9957366bbf3d8fcd618f208915b,0.0,0.0,0.0,0.0,0.0,1.0,0,torque_limited,0.06,1,30,30,1.0,0.004295629791391966
KIT_421_push_recovery_stand_right08_poses_100_jpos,50.0,300,0.0,symmetric,0.0,50,severe,a50db9b4c4c774648099186fa73fd049598358a423d3d74fbc7dcf6059af5ab5,3a1830b0fc0fa1cbfb150c06414f982723b0d5eb8fa3096f9e31e098ab71e79d,993c448af3185f955bea7f7718c1849837b7d9957366bbf3d8fcd618f208915b,0.0,0.0,0.0,0.0,0.0,1.0,0,torque_limited,0.06,1,6,6,1.0,0.06802687747933922
Eyes_Japan_Dataset_kaiwa_walk-24-listless-kaiwa_poses_120_jpos,50.0,1480,0.0,symmetric,0.0,50,severe,1853eea29966aec024809796339752b282e5e702cfb10817fc98d5e8729de86a,d9d5c477f849f23c9ff7e208225f97b555baa919ea4ffd775703d73f0e82a387,993c448af3185f955bea7f7718c1849837b7d9957366bbf3d8fcd618f208915b,0.0,0.0,0.0,0.0,0.0,1.0,0,torque_limited,0.06,1,30,30,1.0,0.042512976689897126
KIT_3_stomp_right02_poses_100_jpos,50.0,258,0.0,symmetric,0.0,50,severe,ec06d8182004908b85fe08691c5dce75ddbeada2ef05f3ea76273633ee31a7bd,71197af4a7d84817d12ca0a4c7f47a9e7b481be19421be3900c1e414f99eedc6,993c448af3185f955bea7f7718c1849837b7d9957366bbf3d8fcd618f208915b,0.0,0.0,0.0,0.0,0.0,1.0,0,torque_limited,0.06,1,6,6,1.0,0.06814917298941436
KIT_10_WalkingStraightBackwards07_poses_100_jpos,50.0,252,0.0,symmetric,0.0,50,severe,f9148ffd7e3c17074be0c52b9ce382d8e4afcadbf6c955335fe041ddfa66d2cf,0658f5d882c9c7d388e5fae232e46fda88472d6ae759f14a30cd4ac39aac2b1e,993c448af3185f955bea7f7718c1849837b7d9957366bbf3d8fcd618f208915b,0.0,0.0,0.0,0.0,0.0,1.0,0,torque_limited,0.06,1,6,6,1.0,0.06684978319486518
CMU_28_28_16_poses_120_jpos,50.0,2334,0.0,symmetric,0.0,50,severe,663c81d00ecae8bef1671041c7858d624854755cc7d15c755d48cc27b53f8492,7d142dce5f8e6479845b202c9430030929f00f4b957189d999a18fa668443abc,993c448af3185f955bea7f7718c1849837b7d9957366bbf3d8fcd618f208915b,0.0,0.0,0.0,0.0,0.0,1.0,0,torque_limited,0.06,1,47,47,1.0,0.0646178901359925
CMU_27_27_11_poses_120_jpos,50.0,807,0.0,symmetric,0.0,50,severe,2a44629ee7d5889101c436706e47440a0e403f4414b07aa86b205c5c4cb076dc,be21a2f059813786ad2b0ddf1025320d798e8095f3112e0c2bf7d8d6532a85fe,993c448af3185f955bea7f7718c1849837b7d9957366bbf3d8fcd618f208915b,0.0,0.0,0.0,0.0,0.0,1.0,0,torque_limited,0.06,1,17,17,1.0,0.07258238522964096
KIT_6_WalkInCounterClockwiseCircle01_1_poses_100_jpos,50.0,410,0.0,symmetric,0.0,50,severe,cfc2e95d46563d3b35b831580a7acfb917c0188782623877a43c393133521861,67aae23d5e95df1f5059fa220c5fdec990c9b9263e07e061f7ab97786d1a0be8,993c448af3185f955bea7f7718c1849837b7d9957366bbf3d8fcd618f208915b,0.0,0.0,0.0,0.0,0.0,1.0,0,torque_limited,0.06,1,9,9,1.0,0.04907107341768049
KIT_291_push_recovery_back05_poses_100_jpos,50.0,375,0.0,symmetric,0.0,50,severe,76aafe5da36b4eac199ff73d855ebdb4e244433e7eb84859323f45a19babd1c7,64ecd15383c7039906ba995b197e84b58eb2d36d8f0fa16d86f24bed3ad19a6c,993c448af3185f955bea7f7718c1849837b7d9957366bbf3d8fcd618f208915b,0.0,0.0,0.0,0.0,0.0,1.0,0,torque_limited,0.06,1,8,8,1.0,0.03613832322722649
BMLmovi_Subject_29_F_MoSh_Subject_29_F_21_poses_120_jpos,50.0,272,0.0,symmetric,0.0,50,severe,7c7e88298abdeaa7719ffe9df15e5cded9a92c1b88ae507ac598786cd325987f,ef494a79789f41f1aac9aa852411a6176dc4aa7a86d87f4e5b6b51288aad6ec0,993c448af3185f955bea7f7718c1849837b7d9957366bbf3d8fcd618f208915b,0.0,0.0,0.0,0.0,0.0,1.0,0,torque_limited,0.06,1,6,6,1.0,0.13038230067894022
Eyes_Japan_Dataset_hamada_gesture_etc-48-medium_drum-hamada_poses_120_jpos,50.0,1488,0.0,symmetric,0.0,50,severe,e055446caea9562636c241ee0b2968e911b8ca64c59db58dbf048cd57a6e2d8f,64ee13444d9f4bddd95fa0b8f9ca610b8845aad15827cddb8dc5f56d7eabbb08,993c448af3185f955bea7f7718c1849837b7d9957366bbf3d8fcd618f208915b,0.0,0.0,0.0,0.0,0.0,1.0,0,torque_limited,0.06,1,30,30,1.0,0.08947445255878024
GRAB_s8_doorknob_use_2,50.0,503,0.0,symmetric,0.0,50,severe,251f04ddd10ecc220b8b4a84139ad2e60eff6bfa875f5fdb88829584c37a3978,06d913c76ce8c844923c2cc6d1e6f30b8614d003888415ded8c619c76c603eb6,993c448af3185f955bea7f7718c1849837b7d9957366bbf3d8fcd618f208915b,0.0,0.0,0.0,0.0,0.0,1.0,0,torque_limited,0.06,1,11,11,1.0,0.020790236712786805
ACCAD_Female1General_c3d_A5_-_pick_up_box_poses_120_jpos,50.0,314,0.0,symmetric,0.0,50,severe,d52f5a5a6638e93f6ef4d01143f72a1edb3df2980c660d3f0417db85bbc29b8f,2938d9c859f9bcb798b0552ade25be5e550e4e3a17828630612bf79f665184ca,993c448af3185f955bea7f7718c1849837b7d9957366bbf3d8fcd618f208915b,0.20382165605095542,0.20382165605095542,0.0,0.20382165605095542,0.20382165605095542,0.7961783439490446,1,torque_limited,0.06,2,7,5,0.7142857142857143,1.1604162342874507
KIT_3_lean_on_table01_poses_100_jpos,50.0,353,0.0,symmetric,0.0,50,severe,f334388e2587e379faa9400ba71b39ae1231cc025b0e0d3a6bd72e30a8e3fddd,4a969a93ade388ff5755b2b3bd1aa8981b4816401dc5b88073b9ec50d9bedd24,993c448af3185f955bea7f7718c1849837b7d9957366bbf3d8fcd618f208915b,0.08781869688385269,0.08781869688385269,0.0,0.08781869688385269,0.08781869688385269,0.9121813031161473,1,torque_limited,0.06,2,8,6,0.75,0.9257158635143513
GRAB_s6_duck_pass_1,50.0,324,0.0,symmetric,0.0,50,severe,e7a96bd2708c3f433780bb0894d40306e2a2997c852c993872db942603bcd0c2,2e44b10b903487d44d3db3abbee06a185bbf9a497f9fb33892529d2b0c281419,993c448af3185f955bea7f7718c1849837b7d9957366bbf3d8fcd618f208915b,0.0,0.0,0.0,0.0,0.0,1.0,0,torque_limited,0.06,1,7,7,1.0,0.022960982016621837
KIT_7_WalkInCounterClockwiseCircle04_poses_100_jpos,50.0,361,0.0,symmetric,0.0,50,severe,3b3200be4340dc1de68c3b7c20984112aa2107d8c80f7d0c77f31ffbb0a962fa,d67dc70c114934ea21432ed51be82a2dffde24239142aa55a6efcaf6794fe201,993c448af3185f955bea7f7718c1849837b7d9957366bbf3d8fcd618f208915b,0.0,0.0,0.0,0.0,0.0,1.0,0,torque_limited,0.06,1,8,8,1.0,0.04800098770452248
KIT_572_dance_waltz_01_poses_100_jpos,50.0,462,0.0,symmetric,0.0,50,severe,3854b2d69fd0a2304eaf356b5c55036fdb6ebc3e7ecf440f1a235d92a1cd29a1,6553f21eb658df464d69e40a1f71077727426bc493027b03f176cc8706fb5f8c,993c448af3185f955bea7f7718c1849837b7d9957366bbf3d8fcd618f208915b,0.0,0.010822510822510822,0.0,0.010822510822510822,0.010822510822510822,0.9891774891774892,1,torque_limited,0.06,2,10,9,0.9,0.06814917298941439
CMU_133_133_25_poses_120_jpos,50.0,171,0.0,symmetric,0.0,50,severe,444c4d1af6848a70ec95b8dbf7c5bae4aef6bfbd912c8ea097cbb2f50c01e0a9,a8085faa24c5e945f3c97f65e1d0a37d3f00fef9fc46b3753918bf4100d8ea8d,993c448af3185f955bea7f7718c1849837b7d9957366bbf3d8fcd618f208915b,0.0,0.0,0.0,0.0,0.0,1.0,0,torque_limited,0.06,1,4,4,1.0,0.2505529262665998
KIT_674_shower_right_arm02_poses_100_jpos,50.0,509,0.0,symmetric,0.0,50,severe,060c580a01fa0b95aefbfdb7205e18ef0d7f144219586b056792eaf03d8b3b47,177a431396747648561b73a61f34a60b7438d3545b7540c22ea1490548bceacb,993c448af3185f955bea7f7718c1849837b7d9957366bbf3d8fcd618f208915b,0.0,0.0,0.0,0.0,0.0,1.0,0,torque_limited,0.06,1,11,11,1.0,0.026171239156096322
Eyes_Japan_Dataset_kawaguchi_gesture_etc-42-hung_over-kawaguchi_poses_120_jpos,50.0,897,0.0,symmetric,0.0,50,severe,ed21add5bf9773141848f1cd0110d971df3a36aefbaeb3a54fc010fb417274cc,96b932f00486d7f4765d18bd4243e100ecfedbd91aafb3ad51f98f5fbf2c1977,993c448af3185f955bea7f7718c1849837b7d9957366bbf3d8fcd618f208915b,0.0,0.0,0.0,0.0,0.0,1.0,0,torque_limited,0.06,1,18,18,1.0,0.02904518364286392
GRAB_s5_camera_takepicture_3,50.0,388,0.0,symmetric,0.0,50,severe,32203ca61b88f65b481cfa99de3122040ee8903d715536f8031afcdd7c02decf,d76d592177c035cabde2148531372ec590b1da5b5e40a2620c41b7331902a4ed,993c448af3185f955bea7f7718c1849837b7d9957366bbf3d8fcd618f208915b,0.0,0.0,0.0,0.0,0.0,1.0,0,torque_limited,0.06,1,8,8,1.0,0.015791407738462323
KIT_513_seesaw_up10_poses_100_jpos,50.0,458,0.0,symmetric,0.0,50,severe,7e39fe2aa89e25704d0626df2d673ea35abd726d8a1e5bdaec8d6cf8a7d2a22e,111e2f57e57f1fee3005390a4fe00876faf921dbcf23b736eb58873928cb9257,993c448af3185f955bea7f7718c1849837b7d9957366bbf3d8fcd618f208915b,0.17467248908296942,0.1812227074235808,0.0,0.1812227074235808,0.1812227074235808,0.8187772925764192,1,torque_limited,0.06,2,10,7,0.7,1.026808389530277
CMU_22_23_justin_22_06_poses_120_jpos,50.0,210,0.0,symmetric,0.0,50,severe,bacff40afe9a4814e7f2f3861edda72d9359b7a76cd82c419d4295547da4bb94,931c952a61c09c11fab73f824ba1ca3029c1936e793dd311f0afdf937595845f,993c448af3185f955bea7f7718c1849837b7d9957366bbf3d8fcd618f208915b,0.0,0.0,0.0,0.0,0.0,1.0,0,torque_limited,0.06,1,5,5,1.0,0.05567503096174231
GRAB_s5_toothpaste_pass_1,50.0,240,0.0,symmetric,0.0,50,severe,5a336034b2f35919bc21a0819bc2b48d7b59a7d953f285cfa32789e59166c0ce,222f3dd72f96d203cd6a338a285970e92546c61906b6fe9048d2e40c69fe29e5,993c448af3185f955bea7f7718c1849837b7d9957366bbf3d8fcd618f208915b,0.0,0.0,0.0,0.0,0.0,1.0,0,torque_limited,0.06,1,5,5,1.0,0.03702496567527178
CMU_29_29_24_poses_120_jpos,50.0,1772,0.0,symmetric,0.0,50,severe,ba45a0bc9e019b2c430f91fed3a47af7fa4d27c2c540dbd4a276771079f27c74,d3f8ff9ba5cc2393c8842dc5bbfa4f1323eb8bd525b4ce478ff5baf1839cfb39,993c448af3185f955bea7f7718c1849837b7d9957366bbf3d8fcd618f208915b,0.0,0.0,0.0,0.0,0.0,1.0,0,torque_limited,0.06,1,36,36,1.0,0.022930408139103096
GRAB_s1_scissors_pass_1,50.0,431,0.0,symmetric,0.0,50,severe,c2b818099c5d178c2a1891378dc6df852aadc9685f7fafd0a115634ebf092d4e,b311c53b5127f56edb61163cfd5924d84c3cc9f11ce98c1e71d936d89e70a452,993c448af3185f955bea7f7718c1849837b7d9957366bbf3d8fcd618f208915b,0.0,0.0,0.0,0.0,0.0,1.0,0,torque_limited,0.06,1,9,9,1.0,0.032714048945120415
GRAB_s7_banana_peel_2,50.0,515,0.0,symmetric,0.0,50,severe,1f998924d5c4e606cea960a0fcc2acfb4b3bcb8e52336225b072b7274e161a45,29e52172325a3233f77baf72e79936df0d060bfbf58b65a470720faaa009a19e,993c448af3185f955bea7f7718c1849837b7d9957366bbf3d8fcd618f208915b,0.0,0.0,0.0,0.0,0.0,1.0,0,torque_limited,0.06,1,11,11,1.0,0.021585157528275688
KIT_348_turn_left06_poses_100_jpos,50.0,317,0.0,symmetric,0.0,50,severe,c06701ff7879a8adf5f4d3959cd9ff0e4d006cfe3cda99dc2c9bd13112a9074e,26c49f404e5e8f4e0ca511bd435fad00768184b2c70b12be7f539fd10cf505c0,993c448af3185f955bea7f7718c1849837b7d9957366bbf3d8fcd618f208915b,0.0,0.0,0.0,0.0,0.0,1.0,0,torque_limited,0.06,1,7,7,1.0,0.05277051259745591
KIT_317_walking_fast09_poses_100_jpos,50.0,250,0.0,symmetric,0.0,50,severe,5890e7efa9ad23a0d197cb2f1e8c3acb972bf76816e3c95b25fb00b6c65b1807,e7e36d78aa6eba3314e7a489a23419b59727a48a9d1920ab8f54ea8b036f8b40,993c448af3185f955bea7f7718c1849837b7d9957366bbf3d8fcd618f208915b,0.0,0.0,0.0,0.0,0.0,1.0,0,torque_limited,0.06,1,5,5,1.0,0.05917573993764538
KIT_291_push_recovery_back07_poses_100_jpos,50.0,282,0.0,symmetric,0.0,50,severe,7d63594a6f327be29956429b023267904c4dad931d03987e9d40308009a0dd67,5cd9f48e660a17b8a00066bd36e930b708eac8ff4f9b9842e5454bf648e3487a,993c448af3185f955bea7f7718c1849837b7d9957366bbf3d8fcd618f208915b,0.0,0.0,0.0,0.0,0.0,1.0,0,torque_limited,0.06,1,6,6,1.0,0.08086790603723688
GRAB_s3_toruslarge_inspect_1,50.0,446,0.0,symmetric,0.0,50,severe,d82e2b98fc672c4461966a566cf79b5d63427daf4479cb0d4b9cb13bde3acf0c,211cf5dd29b1bc489880ee55d4406a2643653433ab7e892a7bc40f54ece53c7a,993c448af3185f955bea7f7718c1849837b7d9957366bbf3d8fcd618f208915b,0.0,0.0,0.0,0.0,0.0,1.0,0,torque_limited,0.06,1,9,9,1.0,0.04471429587125104
KIT_348_bend_right04_poses_100_jpos,50.0,252,0.0,symmetric,0.0,50,severe,45daf0d0d7f758ad4900b7b3a65a9c40969a31f7928cd2d3c1ce9343a78228be,d886b708885e18179663323e7239e47926f1550c05e984c7c7fb05915acca8e7,993c448af3185f955bea7f7718c1849837b7d9957366bbf3d8fcd618f208915b,0.0,0.0,0.0,0.0,0.0,1.0,0,torque_limited,0.06,1,6,6,1.0,0.03512938526910594
GRAB_s1_mouse_offhand_1,50.0,362,0.0,symmetric,0.0,50,severe,0ae6c7c06d6fd3387b8c51ed48247d2a5eac8b7c7f4f97c7a35fb27fec4f5256,8c684fad4b76133412e149b88bcf2d7d02d5413c6f9a33799346843135ba280f,993c448af3185f955bea7f7718c1849837b7d9957366bbf3d8fcd618f208915b,0.0,0.0,0.0,0.0,0.0,1.0,0,torque_limited,0.06,1,8,8,1.0,0.04217666403719029
KIT_675_dry_left_arm_14_poses_100_jpos,50.0,1090,0.0,symmetric,0.0,50,severe,59e1fa7bfaa7bce7edd75d43fe953cd5b90f81afccd784cfaffee3e93c1f963a,b7a1605a779a9bd548635aa86240723e61e0c8666e7f1888f0e5f57404a0e66d,993c448af3185f955bea7f7718c1849837b7d9957366bbf3d8fcd618f208915b,0.01651376146788991,0.04128440366972477,0.0,0.04128440366972477,0.04128440366972477,0.9587155963302753,2,torque_limited,0.06,3,22,20,0.9090909090909091,0.13015299659754898
KIT_167_bend_right09_poses_100_jpos,50.0,289,0.0,symmetric,0.0,50,severe,d4ef1d4d6fc3bba265f09074386910cf7043e50140018f4f5052e829e3087809,90eb6443945abe1897dcada5a893e12fc4d610d3c6bc1f36f48d85d5de549dd2,993c448af3185f955bea7f7718c1849837b7d9957366bbf3d8fcd618f208915b,0.0,0.0,0.0,0.0,0.0,1.0,0,torque_limited,0.06,1,6,6,1.0,0.06261530115851083
KIT_551_cutting_banana02_poses_100_jpos,50.0,557,0.0,symmetric,0.0,50,severe,b7d46d645a99bf27378a4aefe99867141a3de986f7836ad4a157348eaacabe79,ee1b2b217405684d8b5be74c44781ee1cd3a1ed208855c416e47db162624bddc,993c448af3185f955bea7f7718c1849837b7d9957366bbf3d8fcd618f208915b,0.0,0.0,0.0,0.0,0.0,1.0,0,torque_limited,0.06,1,12,12,1.0,0.02421451099489285
CMU_115_115_06_poses_60_jpos,50.0,297,0.0,symmetric,0.0,50,severe,35f0d715b644642c9be8618fbd9eaca9d1474225d50c2c8eec46b6d2ccc8cac5,de49831ce97cc3c62b424500f967c03277561c38041e4d5bcfab1a005d54cef9,993c448af3185f955bea7f7718c1849837b7d9957366bbf3d8fcd618f208915b,0.2053872053872054,0.2053872053872054,0.0,0.2053872053872054,0.2053872053872054,0.7946127946127947,1,torque_limited,0.06,2,6,4,0.6666666666666666,1.123406555550939
KIT_348_turn_left05_poses_100_jpos,50.0,309,0.0,symmetric,0.0,50,severe,5be38b74e0b6ab56688d05e1cfbcc7c7fc00b26b23f7c6cd80ca58783180808f,b4bca9573022518a1e66f6d8864d2d9b90fbaf4e65e7f2e1b9f24b526690ea4c,993c448af3185f955bea7f7718c1849837b7d9957366bbf3d8fcd618f208915b,0.0,0.0,0.0,0.0,0.0,1.0,0,torque_limited,0.06,1,7,7,1.0,0.055277570553997825
BMLmovi_Subject_74_F_MoSh_Subject_74_F_5_poses_120_jpos,50.0,299,0.0,symmetric,0.0,50,severe,cee244ce31639197c4ecf8b80ab5c0f3c03aca0190202d25a957bc9015c84651,711f100cf638a4ce1bb21c10642e326067d260f4b03c42eb938468cf05516619,993c448af3185f955bea7f7718c1849837b7d9957366bbf3d8fcd618f208915b,0.4180602006688963,0.4180602006688963,0.0,0.4180602006688963,0.4180602006688963,0.5819397993311036,2,torque_limited,0.06,3,6,1,0.16666666666666666,1.1760547726383195
GRAB_s5_cubelarge_inspect_1,50.0,433,0.0,symmetric,0.0,50,severe,b1020b5db2af8045e8ebafaa7960f9f508ce2bb8db5bbcded9ffb182aade4736,b7758ac0d07ae1ef5a5b9dce478c9da3f3ea0a4a765621f694d1a2a55cc98b8a,993c448af3185f955bea7f7718c1849837b7d9957366bbf3d8fcd618f208915b,0.0,0.0,0.0,0.0,0.0,1.0,0,torque_limited,0.06,1,9,9,1.0,0.012046107742408819
CMU_22_23_justin_22_22_poses_120_jpos,50.0,75,0.0,symmetric,0.0,50,severe,023dbde506574b46699e619486478490742d6748c881144bf3feade165ad5bc1,59b860ec0526b2706737764da2fe536425f5f9fac3ee329b59b1627f90e07617,993c448af3185f955bea7f7718c1849837b7d9957366bbf3d8fcd618f208915b,0.0,0.0,0.0,0.0,0.0,1.0,0,torque_limited,0.06,1,2,2,1.0,0.11639475171408727
HUMAN4D_Subject2_Aude_RGB_Talking_S2_01_poses_120_jpos,50.0,1010,0.0,symmetric,0.0,50,severe,17fa2086a6513a78bd6008a3b73b92606b65b5ecd81834f0df0e26898fb02b24,7c95726d8f06898bd116d7c7d35313c95384e5af521c67fe7e1e7e1314ced547,993c448af3185f955bea7f7718c1849837b7d9957366bbf3d8fcd618f208915b,0.0,0.0,0.0,0.0,0.0,1.0,0,torque_limited,0.06,1,21,21,1.0,0.08944387868126147
KIT_674_shower_right_arm03_poses_100_jpos,50.0,399,0.0,symmetric,0.0,50,severe,50bb998c4434b07c8f9d3738a4d64dffa10b76a4699491e8319b0e284c35ecb9,9665fd23633aa229a6a7d1c6e377430e1d291fe478781e4a632ef70aae7a2447,993c448af3185f955bea7f7718c1849837b7d9957366bbf3d8fcd618f208915b,0.0,0.0,0.0,0.0,0.0,1.0,0,torque_limited,0.06,1,8,8,1.0,0.0437206448518899
Eyes_Japan_Dataset_hamada_throw_toss-14-pass_to_right_heavy-hamada_poses_120_jpos,50.0,1500,0.0,symmetric,0.0,50,severe,010d300c5b4ed9f8e28c00507d340a6a4e55ce9b3c9fcb6f475323ecdac77cff,1792f0b31dc47b620ed91f0f5ba4559b83737f6ef2d4898d8d69790b22219f53,993c448af3185f955bea7f7718c1849837b7d9957366bbf3d8fcd618f208915b,0.0,0.0,0.0,0.0,0.0,1.0,0,torque_limited,0.06,1,30,30,1.0,0.11130420110720642
GRAB_s3_torusmedium_inspect_1,50.0,456,0.0,symmetric,0.0,50,severe,08e91a72a99f8d9b8d98dd02f1f25a15d6a7721577342d83ce4683055a56e4ae,0ebf8f9096e9509e0d1dd3f33f04f8aa191105efefa61b02ffd3748e2960bd2e,993c448af3185f955bea7f7718c1849837b7d9957366bbf3d8fcd618f208915b,0.0,0.0,0.0,0.0,0.0,1.0,0,torque_limited,0.06,1,10,10,1.0,0.024764840790231342
BMLmovi_Subject_6_F_MoSh_Subject_6_F_2_poses_120_jpos,50.0,119,0.0,symmetric,0.0,50,severe,bc1ece7ac9396fdd9b433b8416f8c9f792f9fca49155dec535c5c1fbba1e2d59,46bf47baedecf4b0d38ee61b6be5bf4ff8be3076904e18c429430745cec7ca44,993c448af3185f955bea7f7718c1849837b7d9957366bbf3d8fcd618f208915b,0.03361344537815126,0.0,0.0,0.0,0.0,1.0,0,torque_limited,0.06,1,3,3,1.0,0.06698736564369973
KIT_348_bend_left08_poses_100_jpos,50.0,256,0.0,symmetric,0.0,50,severe,62979409f7c5aff1aaa6315bedc8cf510d32f0d1476dd9a03f6699cfd27ce38d,ec8ab7d6e7bbfbb2b0c29f68f0047aeb3342207d017f9fae54346768c426f527,993c448af3185f955bea7f7718c1849837b7d9957366bbf3d8fcd618f208915b,0.0,0.0,0.0,0.0,0.0,1.0,0,torque_limited,0.06,1,6,6,1.0,0.027898663235908765
Eyes_Japan_Dataset_aita_greeting-10-card_exchange-aita_poses_120_jpos,50.0,1500,0.0,symmetric,0.0,50,severe,0d2c7803b9adbdc0f8576f38dce927d730c26684662b7c62ea97e748419e47b2,8bbd394cd66e1e361835deaad7026a2e1d5cd109654e8d05e50eb42765632eb4,993c448af3185f955bea7f7718c1849837b7d9957366bbf3d8fcd618f208915b,0.0,0.0,0.0,0.0,0.0,1.0,0,torque_limited,0.06,1,30,30,1.0,0.10256007213682833
KIT_3_step_over_gap02_poses_100_jpos,50.0,280,0.0,symmetric,0.0,50,severe,39bd4864e23c77c75e2324173cd6190d52c9f6cbad67de669253a3e584a42fd3,6f5870c3a3191d17bdbb63c8b3b79ec41d3e69e67fd4b7beee1bfdf529a6707f,993c448af3185f955bea7f7718c1849837b7d9957366bbf3d8fcd618f208915b,0.0,0.0,0.0,0.0,0.0,1.0,0,torque_limited,0.06,1,6,6,1.0,0.07643469379701032
KIT_675_walk_with_table_left10_poses_100_jpos,50.0,368,0.0,symmetric,0.0,50,severe,9026b2d6b5f386d29c54fea0d9cfad8daf08bed27419e328b42d0cd8d38ccfbd,9f1837bc60c7ecf849cd6ee9b918f100ba8819b2a440d8da921fc2ff5fe4c75f,993c448af3185f955bea7f7718c1849837b7d9957366bbf3d8fcd618f208915b,0.0,0.0,0.0,0.0,0.0,1.0,0,torque_limited,0.06,1,8,8,1.0,0.317341561706427
KIT_3_jump_up04_poses_100_jpos,50.0,291,0.0,symmetric,0.0,50,severe,f798b0616775909cb03bd52e65a96074a0eeace4effbf577a07a1d49b6e20095,d2bb42a7d91f8108589f2de307cb1562476f2b98206e18c4fe376a540c3529ed,993c448af3185f955bea7f7718c1849837b7d9957366bbf3d8fcd618f208915b,0.07216494845360824,0.01718213058419244,0.0,0.01718213058419244,0.01718213058419244,0.9828178694158075,2,torque_limited,0.06,3,6,5,0.8333333333333334,0.23603033444516788
GRAB_s10_cylindermedium_inspect_1,50.0,320,0.0,symmetric,0.0,50,severe,ac96f2a08b051f6a70a5a410d99dcc1af8799228aa24085134cd31b2225bc1bf,cb561eb0b8ec3324670d2ad115ac8e73a7774a51aa9b3d8fdde7d5b100aca8b3,993c448af3185f955bea7f7718c1849837b7d9957366bbf3d8fcd618f208915b,0.0,0.0,0.0,0.0,0.0,1.0,0,torque_limited,0.06,1,7,7,1.0,0.026614560380118994
CMU_55_55_10_poses_120_jpos,50.0,568,0.0,symmetric,0.0,50,severe,00540d12498307a9fb8cf1b41d12ad6bfdb396a1ccf04e7ae08309c90cc5d04e,cc3f4ca8ba5d0988cfd450e0f92b3ebbd51f17747fb961a64bbf630dfe243f7c,993c448af3185f955bea7f7718c1849837b7d9957366bbf3d8fcd618f208915b,0.0,0.0,0.0,0.0,0.0,1.0,0,torque_limited,0.06,1,12,12,1.0,0.11954386109852415
GRAB_s1_cubelarge_pass_1,50.0,338,0.0,symmetric,0.0,50,severe,5d655d380d19d68367cda6e6345855eadf30a48634f7da4b733274e3096de8f0,3d0a2a5d2476ca6d00a8deaa7af9b0f3a9062605b5f499bbcbd1405f14b49a19,993c448af3185f955bea7f7718c1849837b7d9957366bbf3d8fcd618f208915b,0.0,0.0,0.0,0.0,0.0,1.0,0,torque_limited,0.06,1,7,7,1.0,0.04700733668516131
KIT_291_push_recovery_stand_left01_poses_100_jpos,50.0,249,0.0,symmetric,0.0,50,severe,5a3c444793bf957ff75fc244f582d592f1bca89d9a3f1417ef237786e0f420bb,6770da277611778429a814a1305561984171d79864a9d63c83e3f210646a3903,993c448af3185f955bea7f7718c1849837b7d9957366bbf3d8fcd618f208915b,0.0,0.0,0.0,0.0,0.0,1.0,0,torque_limited,0.06,1,5,5,1.0,0.06500006360497755
KIT_317_bend_left01_poses_100_jpos,50.0,164,0.0,symmetric,0.0,50,severe,6410036cf30ae76b058e544727075249421841745dcaf03a67ddbe62001d7a57,c93415195f5871354e1ffb529e3afe3790e5b195853ab50a245b18d93f68572c,993c448af3185f955bea7f7718c1849837b7d9957366bbf3d8fcd618f208915b,0.0,0.0,0.0,0.0,0.0,1.0,0,torque_limited,0.06,1,4,4,1.0,0.05101251464012465
KIT_3_kneel_down_with_stool_left_hand08_poses_100_jpos,50.0,248,0.0,symmetric,0.0,50,severe,07a44ba63dc3b7e5bf7f8cef0ba06a72d6a665dbd22b035055826228a9bd468a,f4c2a717934d7a9fd3cef72a12c94c9ac55cc18a97b846b0cdd33e045b6143c4,993c448af3185f955bea7f7718c1849837b7d9957366bbf3d8fcd618f208915b,0.0967741935483871,0.0967741935483871,0.0,0.0967741935483871,0.0967741935483871,0.9032258064516129,1,torque_limited,0.06,2,5,4,0.8,0.9666389985732707
KIT_6_WalkInClockwiseCircle07_1_poses_100_jpos,50.0,359,0.0,symmetric,0.0,50,severe,0ac601f9605416bf17a2597874e7f808f1f16ad071f1fedd1b947c788fb8c295,d1ebc14c0b0b08155eb71bd2d3e679c795b367725a7fe61641d2f2493d504d1b,993c448af3185f955bea7f7718c1849837b7d9957366bbf3d8fcd618f208915b,0.0,0.0,0.0,0.0,0.0,1.0,0,torque_limited,0.06,1,8,8,1.0,0.02571263099331426
KIT_12_WalkingStraightBackwards02_poses_100_jpos,50.0,289,0.0,symmetric,0.0,50,severe,d94f5667ab314d37bec9f8575a8a90030f55518eba4fe4d78aa5ad2f92f44f34,ac4f53049566dcad0c0fa1fb603816703eb0b4e7e92d3f5171771d07f8afb965,993c448af3185f955bea7f7718c1849837b7d9957366bbf3d8fcd618f208915b,0.0,0.0,0.0,0.0,0.0,1.0,0,torque_limited,0.06,1,6,6,1.0,0.08866424480453192
KIT_675_wash_left_arm_04_poses_100_jpos,50.0,4003,0.0,symmetric,0.0,50,severe,93c3e758b4f1deb6c61dbe4f8ba569fa027333f9e537f118feaf876abe05c4f6,2208470cc697e69bfe1852e65d07dfb27937de6ebeddafaf2dcb514c913d2cbd,993c448af3185f955bea7f7718c1849837b7d9957366bbf3d8fcd618f208915b,0.0022483137646764927,0.002498126405196103,0.0,0.002498126405196103,0.002498126405196103,0.9975018735948039,3,torque_limited,0.06,4,81,79,0.9753086419753086,0.09661345295942105
KIT_675_dry_left_arm_15_poses_100_jpos,50.0,1269,0.0,symmetric,0.0,50,severe,66332f657fdfdeeda557ea61e6d710d1fe474a0d2001e834e48b2cb83e26b028,fa4f7b8b73940216985ac8cc221d55cc9431b603d4d55ca1fff413ffaa79f54c,993c448af3185f955bea7f7718c1849837b7d9957366bbf3d8fcd618f208915b,0.0,0.014972419227738377,0.0,0.014972419227738377,0.014972419227738377,0.9850275807722616,1,torque_limited,0.06,2,26,24,0.9230769230769231,0.10278937621821943
KIT_378_push_recovery_stand_left01_poses_100_jpos,50.0,186,0.0,symmetric,0.0,50,severe,d622106308db2e9524f113260220be8328c65cd871c9cb1a72b8f0982e5614e0,ba68d87d28190504284cb1b8abfac250815178bc5f3d3f163d48b5fdd0bfbfd9,993c448af3185f955bea7f7718c1849837b7d9957366bbf3d8fcd618f208915b,0.06989247311827956,0.08064516129032258,0.0,0.08064516129032258,0.08064516129032258,0.9193548387096774,2,torque_limited,0.06,3,4,2,0.5,0.8102841889421064
KIT_317_walking_medium07_poses_100_jpos,50.0,182,0.0,symmetric,0.0,50,severe,c7d2fd0f085aec13ea78a18c4bbd4d9ef11ba9e6eb8e17c88b6fc12befd66aaa,be355841e80281647cafa088828a158e4ba948cc73b7608b421c54a60dbdf0e1,993c448af3185f955bea7f7718c1849837b7d9957366bbf3d8fcd618f208915b,0.0,0.0,0.0,0.0,0.0,1.0,0,torque_limited,0.06,1,4,4,1.0,0.03575614975824142
CMU_122_122_09_poses_120_jpos,50.0,188,0.0,symmetric,0.0,50,severe,e54c7e5088bdeea8384450aef3955875063c15feb752fbb49cd478a7c4ae1174,c535d3cd33c9e15b1c7f99b9385fe179e73899d06d19734e686db91e2b05ec18,993c448af3185f955bea7f7718c1849837b7d9957366bbf3d8fcd618f208915b,0.3723404255319149,0.3723404255319149,0.0,0.3723404255319149,0.3723404255319149,0.6276595744680851,1,torque_limited,0.06,1,4,2,0.5,1.0076079944484684
CMU_29_29_15_poses_120_jpos,50.0,1845,0.0,symmetric,0.0,50,severe,c9bb5c2d0e59be89edf5a5ac9b45e191549bd87f9e713183c164f9ffe1285841,47a84689663d42488cb9bab7b7d73940cb8080434b2d744fbab32a1d45ff9496,993c448af3185f955bea7f7718c1849837b7d9957366bbf3d8fcd618f208915b,0.0,0.0,0.0,0.0,0.0,1.0,0,torque_limited,0.06,1,37,37,1.0,0.04855131749986094
CMU_32_32_01_poses_120_jpos,50.0,201,0.0,symmetric,0.0,50,severe,f6d94a92ed840c7600a05bf8dda2650c026a3573d08e6cd7921f7a8971f59714,be0e93efe4e6e73ac7deb701cfc23dacf831f6158d5636d05d98caba1d592f7f,993c448af3185f955bea7f7718c1849837b7d9957366bbf3d8fcd618f208915b,0.0,0.0,0.0,0.0,0.0,1.0,0,torque_limited,0.06,1,5,5,1.0,0.040968995875197534
KIT_3_seesaw01_poses_100_jpos,50.0,287,0.0,symmetric,0.0,50,severe,3932b69f7d036de865f8c6f99433ac84ce82ad6f5a6dbe1a9987dec103ec04a6,af574e38425c85fd0ad491be17385f47c19ea9cda4bde57e3507fa924f5b69cd,993c448af3185f955bea7f7718c1849837b7d9957366bbf3d8fcd618f208915b,0.08362369337979095,0.08362369337979095,0.0,0.08362369337979095,0.08362369337979095,0.9163763066202091,1,torque_limited,0.06,2,6,5,0.8333333333333334,0.8875596643708837
KIT_421_push_recovery_back03_poses_100_jpos,50.0,275,0.0,symmetric,0.0,50,severe,83c9c0fdadc69b791739a511f17cb498af114c441746a7b490e316c46b698777,1f6c727b9bef8d04bfc870094885a1aaaad8913206f9641a8ee4dd678845081d,993c448af3185f955bea7f7718c1849837b7d9957366bbf3d8fcd618f208915b,0.01818181818181818,0.01818181818181818,0.0,0.01818181818181818,0.01818181818181818,0.9818181818181818,1,torque_limited,0.06,2,6,5,0.8333333333333334,0.07001417951806145
KIT_317_go_over_beam08_poses_100_jpos,50.0,309,0.0,symmetric,0.0,50,severe,e356f57aa63e9a0a612e7cebc558c614bf2262942da873346b72e79e7d2bbd16,95f7e7b6e09e037ebfba1488624c3cab52e30d36b4e35cbba80e5ab831a73c13,993c448af3185f955bea7f7718c1849837b7d9957366bbf3d8fcd618f208915b,0.44660194174757284,0.4563106796116505,0.0,0.4563106796116505,0.4563106796116505,0.5436893203883495,1,torque_limited,0.06,2,7,3,0.42857142857142855,1.0803585360044625
GRAB_s6_hammer_use_1,50.0,420,0.0,symmetric,0.0,50,severe,4b926405b318691f05b1379fa6203ab1960e9e4f79764b8199dd9005674a60b1,6fa83f2ce3be9f5caa0fdf58a706e65e15614d5ea5437897c15472ef4280e9f4,993c448af3185f955bea7f7718c1849837b7d9957366bbf3d8fcd618f208915b,0.0,0.0,0.0,0.0,0.0,1.0,0,torque_limited,0.06,1,9,9,1.0,0.04557036444177754
KIT_674_dry_front08_poses_100_jpos,50.0,523,0.0,symmetric,0.0,50,severe,2c99e48d94148099b20ebc8d6ff96b24112d4c0a091e05499c31520600b3ca99,2ed65d09d62be0060a65f42ad351d649fc8e40781362bb7c6a704c5303def94a,993c448af3185f955bea7f7718c1849837b7d9957366bbf3d8fcd618f208915b,0.0,0.0,0.0,0.0,0.0,1.0,0,torque_limited,0.06,1,11,11,1.0,0.0614534938127963
KIT_3_walking_fast02_poses_100_jpos,50.0,261,0.0,symmetric,0.0,50,severe,e3a73cb3f57ed6380f7f2fd4008d575cf3195484df7d43d3d13690f87281fe78,caa842ffbb05d81d09fea4d9c36a38768d197fa8d78e1be279ae48b566049537,993c448af3185f955bea7f7718c1849837b7d9957366bbf3d8fcd618f208915b,0.0,0.0,0.0,0.0,0.0,1.0,0,torque_limited,0.06,1,6,6,1.0,0.05809036728572784
KIT_513_seesaw_up08_poses_100_jpos,50.0,512,0.0,symmetric,0.0,50,severe,a475b7244a6ffd329c522c3d207bbbecd6238ac7511f5d3378ac5e2d088b26f6,91c600bc84df48235e4b442e654b5265d4d44857c9f7553b62dd656b200438c1,993c448af3185f955bea7f7718c1849837b7d9957366bbf3d8fcd618f208915b,0.263671875,0.263671875,0.0,0.263671875,0.263671875,0.736328125,2,torque_limited,0.06,3,11,8,0.7272727272727273,1.0216108303520806
KIT_317_go_over_beam06_poses_100_jpos,50.0,292,0.0,symmetric,0.0,50,severe,833cd02fd54526aac6bceec416b755d19873cc7e88cb1908b0bd7c2faf1f9cc2,cff957aa82e95215ef87586ee1107ecbac78e6fc6551d56571fefe8945b48a2e,993c448af3185f955bea7f7718c1849837b7d9957366bbf3d8fcd618f208915b,0.4554794520547945,0.4623287671232877,0.0,0.4623287671232877,0.4623287671232877,0.5376712328767124,1,torque_limited,0.06,2,6,2,0.3333333333333333,1.0773928698851387
GRAB_s7_apple_pick_all,50.0,800,0.0,symmetric,0.0,50,severe,9136bbf7c45a24e4c559862680cf78029b23b52cdd513e9d3e774960f09df9fb,0c1cecc1eaef58c908041f5223b5cf182c7724dcc953f47449b43ed93b7b0753,993c448af3185f955bea7f7718c1849837b7d9957366bbf3d8fcd618f208915b,0.0,0.0,0.0,0.0,0.0,1.0,0,torque_limited,0.06,1,16,16,1.0,0.002507057956541883
BMLhandball_S08_Novice_Trial_upper_right_086_poses_120_jpos,50.0,679,0.0,symmetric,0.0,50,severe,e593601133361d171439e8f257118896d7e40fae4f46bfa689188e7277b31a40,da4f582f96c2ec331dbcccc3e180dfeb745f2ad08258536cc322f494e12edb12,993c448af3185f955bea7f7718c1849837b7d9957366bbf3d8fcd618f208915b,0.005891016200294551,0.013254786450662739,0.0,0.013254786450662739,0.013254786450662739,0.9867452135493373,1,torque_limited,0.06,2,14,13,0.9285714285714286,0.187937625108089
KIT_513_seesaw_down09_poses_100_jpos,50.0,313,0.0,symmetric,0.0,50,severe,8a3a5b63c1e65a1d9a02b684dfece1bb78d395c9f67d9da79c616c6ea0c5a774,43c95fb4f749bc4501b414b79e74a556674ecff4c357ad373a5e03a9185b9fbc,993c448af3185f955bea7f7718c1849837b7d9957366bbf3d8fcd618f208915b,0.09584664536741214,0.10543130990415335,0.0,0.10543130990415335,0.10543130990415335,0.8945686900958466,2,torque_limited,0.06,3,7,5,0.7142857142857143,0.981788354883838
KIT_11_WalkingStraightForwards05_poses_100_jpos,50.0,244,0.0,symmetric,0.0,50,severe,f9c6b72ca486fdaecb2bd86058c2f25254e19e1a1a50cb529d3cf9869b19d8f5,16d98596822ac380e6dc4cc2cd3a7bbaaaeba7ada2c1d7bd63d62d3aa9b744d2,993c448af3185f955bea7f7718c1849837b7d9957366bbf3d8fcd618f208915b,0.0,0.0,0.0,0.0,0.0,1.0,0,torque_limited,0.06,1,5,5,1.0,0.03817148608222695
GRAB_s3_pyramidmedium_inspect_1,50.0,409,0.0,symmetric,0.0,50,severe,e2f246a4ac32907345ae5ab98a9d7dafc959c77d2a4085d33ecb393e7f73abdc,207cafc5510b1ec9f98dd69ee7b06e821c9b393cfab3fbbfdacea1dfdc76a786,993c448af3185f955bea7f7718c1849837b7d9957366bbf3d8fcd618f208915b,0.0,0.0,0.0,0.0,0.0,1.0,0,torque_limited,0.06,1,9,9,1.0,0.042986871791438536
HumanEva_S1_Box_1_poses_120_jpos,50.0,1143,0.0,symmetric,0.0,50,severe,f3cba5d05758045746f59d8be6e429a3b0cc1231940c238cdff7a61c9b13a468,c91cd376f0b168977ca788ca11bc2cab546bb182a79b176a3bcc20bfc5f0f6c8,993c448af3185f955bea7f7718c1849837b7d9957366bbf3d8fcd618f208915b,0.022747156605424323,0.022747156605424323,0.0,0.022747156605424323,0.022747156605424323,0.9772528433945756,2,torque_limited,0.06,3,23,21,0.9130434782608695,0.2017570177465884
CMU_122_122_44_poses_120_jpos,50.0,275,0.0,symmetric,0.0,50,severe,d14a79783b8e8fc7dc877a3afcfb998c29329de91d28c8ad0cff00205a4800a3,998550c9a5d7824740a0426bf1aee11ab16f16bc14c7db0f92955ad712b5c96b,993c448af3185f955bea7f7718c1849837b7d9957366bbf3d8fcd618f208915b,0.0,0.0,0.0,0.0,0.0,1.0,0,torque_limited,0.06,1,6,6,1.0,0.05362658116798247
Eyes_Japan_Dataset_kudo_greeting-03-election-kudo_poses_250_jpos,50.0,1650,0.0,symmetric,0.0,50,severe,d296f8d5517b71cf7c1d714e291f836332b134c01c2b19947e2d17f6d7d2389a,7dd04c42219a96b879ee7e1fa0a4bfef5f8c88a3ca8eaeaf6e0e1abbe4ab3853,993c448af3185f955bea7f7718c1849837b7d9957366bbf3d8fcd618f208915b,0.0,0.0,0.0,0.0,0.0,1.0,0,torque_limited,0.06,1,33,33,1.0,0.05336670320907259
BMLhandball_S02_Novice_Trial_upper_left_012_poses_120_jpos,50.0,338,0.0,symmetric,0.0,50,severe,5b47436cbde30525d4a213f9fe2063fec59c5eecb9d7312b4556d616de4ca66e,fc138b58f908a7391df65c093e5d68eb1f29b15149b5abf3c64a79bfc6743b05,993c448af3185f955bea7f7718c1849837b7d9957366bbf3d8fcd618f208915b,0.0,0.0,0.0,0.0,0.0,1.0,0,torque_limited,0.06,1,7,7,1.0,0.1566452614675929
KIT_3_kneel_down_with_stool_right_hand04_poses_100_jpos,50.0,325,0.0,symmetric,0.0,50,severe,7d6b55ba3cbe7a6fead5f70e7b72a2811a3bce6255f0b9206d931e6ffb3cd2f6,60ef313a695ecca2accd66a7feb3ce9ae7eb098715bbc96020dcc913b0dd1dc3,993c448af3185f955bea7f7718c1849837b7d9957366bbf3d8fcd618f208915b,0.05846153846153846,0.05846153846153846,0.0,0.05846153846153846,0.05846153846153846,0.9415384615384615,1,torque_limited,0.06,2,7,6,0.8571428571428571,0.9556782634827795
CMU_29_29_13_poses_120_jpos,50.0,6111,0.0,symmetric,0.0,50,severe,6f13bcda21fd3af3854d3d4a018fe926a8af303e99d834578263581d00a4b297,fd458cc0a0232be35e1ee35ce8ca4ee904ac92aabbb73b481ad7bbecee868cbd,993c448af3185f955bea7f7718c1849837b7d9957366bbf3d8fcd618f208915b,0.0,0.0,0.0,0.0,0.0,1.0,0,torque_limited,0.06,1,123,123,1.0,0.0874412897037798
KIT_314_walking_fast05_poses_100_jpos,50.0,250,0.0,symmetric,0.0,50,severe,e2216ca5724f71e6ac041548684fee7c70e44ce3087e7b4aa561d82038588f8a,ae8d891401471acf2823b8b8e0a139406a11a398b722b2dac6dc60d213b10c1d,993c448af3185f955bea7f7718c1849837b7d9957366bbf3d8fcd618f208915b,0.0,0.0,0.0,0.0,0.0,1.0,0,torque_limited,0.06,1,5,5,1.0,0.04469900893249151
KIT_359_walking_slow06_poses_100_jpos,50.0,267,0.0,symmetric,0.0,50,severe,34669928a4d541105ddf5cc15feea9a2ebe2c0b67e5dace162922a3feb4f7b68,fa758b3d944bfdcddcd61eef2cf295276b3f05d931c343aa7af7e3910a84a10d,993c448af3185f955bea7f7718c1849837b7d9957366bbf3d8fcd618f208915b,0.0299625468164794,0.0299625468164794,0.0,0.0299625468164794,0.0299625468164794,0.9700374531835206,1,torque_limited,0.06,2,6,5,0.8333333333333334,0.2758375229746508
KIT_3_stomp_right04_poses_100_jpos,50.0,229,0.0,symmetric,0.0,50,severe,df25ae9cba227c185d92ab38b9fb75aaa48e636ba6c6172dfc1a75b0c14d4271,4fea52904f8cca2a45b15e658912b067c90a90b1f03b81cbfef9c35443c5e661,993c448af3185f955bea7f7718c1849837b7d9957366bbf3d8fcd618f208915b,0.0,0.0,0.0,0.0,0.0,1.0,0,torque_limited,0.06,1,5,5,1.0,0.0523424783121926
KIT_12_WalkInCounterClockwiseCircle05_poses_100_jpos,50.0,378,0.0,symmetric,0.0,50,severe,bb266f56a48524e8780deed297f2b8ddd5be9fde05b86b6f64b1d490729139b0,f0fec72b642dca10ec04cbab871718626010c6cc249398e2354b5b82ba2ef306,993c448af3185f955bea7f7718c1849837b7d9957366bbf3d8fcd618f208915b,0.0,0.0,0.0,0.0,0.0,1.0,0,torque_limited,0.06,1,8,8,1.0,0.04717549301151475
GRAB_s4_doorknob_pick_all,50.0,888,0.0,symmetric,0.0,50,severe,f38da3d118ae9ceda0d788993ef666f81dc390c8d226566398c5a1ebfc419b76,fcab61fc4276e475fcdc8be868bccb1e86b56453fcc458a2508308728a43effa,993c448af3185f955bea7f7718c1849837b7d9957366bbf3d8fcd618f208915b,0.0,0.0,0.0,0.0,0.0,1.0,0,torque_limited,0.06,1,18,18,1.0,0.018848795490342737
KIT_167_bend_right01_poses_100_jpos,50.0,276,0.0,symmetric,0.0,50,severe,58605046fc050af4e9a647df88d9156b09698d524d384fd09a24f568b16bdf74,86ffbde49cc1a26becd8937bbe903ed26b6e38d5b7678fb10d8e1436333a077c,993c448af3185f955bea7f7718c1849837b7d9957366bbf3d8fcd618f208915b,0.0,0.0,0.0,0.0,0.0,1.0,0,torque_limited,0.06,1,6,6,1.0,0.06863835502971527
GRAB_s9_spheresmall_pass_1,50.0,317,0.0,symmetric,0.0,50,severe,277dbf42c7df7c730fc1c44b8bcc43ffc065bd5d96642438d6157c396f800367,8d0f043f51577b8e1b6e140b5ae0ad0b12934eb2bfb03af56dd89f7d3d560ee7,993c448af3185f955bea7f7718c1849837b7d9957366bbf3d8fcd618f208915b,0.0,0.006309148264984227,0.0,0.006309148264984227,0.006309148264984227,0.9936908517350158,1,torque_limited,0.06,2,7,6,0.8571428571428571,0.45273797829845147
KIT_167_walking_slow04_poses_100_jpos,50.0,325,0.0,symmetric,0.0,50,severe,8d57ee7737f224a686b79cddc991c63cf017e50d32537afbb63e02cbf5fd67b1,5685df3ee15c43ec6e6295865d4bd9c7f968549c71cba4eba0485aff8a7d083b,993c448af3185f955bea7f7718c1849837b7d9957366bbf3d8fcd618f208915b,0.0,0.0,0.0,0.0,0.0,1.0,0,torque_limited,0.06,1,7,7,1.0,0.13489194761296383
KIT_513_turn_left03_poses_100_jpos,50.0,317,0.0,symmetric,0.0,50,severe,08e609a6b70aeb33e3d75c99ff400ddb745bbafa7c2e88a98d15a129c03fb9b2,a284e3841e3ff9ecf0c971d47c07aab31a932abbca7e89561cb6d3c7b960a5d6,993c448af3185f955bea7f7718c1849837b7d9957366bbf3d8fcd618f208915b,0.0,0.0,0.0,0.0,0.0,1.0,0,torque_limited,0.06,1,7,7,1.0,0.040235222814746216
KIT_167_bend_right04_poses_100_jpos,50.0,258,0.0,symmetric,0.0,50,severe,64dc09fec00a87641d06cce5392ac2d3f2ee3c3ef7aa5645f8a4622ed79b156d,7618ce9d21989f8e27ccdf20fbd4cb382e4849a8c1db61fbaeba6d47a984cba5,993c448af3185f955bea7f7718c1849837b7d9957366bbf3d8fcd618f208915b,0.0,0.0,0.0,0.0,0.0,1.0,0,torque_limited,0.06,1,6,6,1.0,0.060673859936066776
KIT_11_WalkInCounterClockwiseCircle02_poses_100_jpos,50.0,382,0.0,symmetric,0.0,50,severe,61cf3d6093955b9cd9a9433e3554deb3a0e391f4412a5cb8334a327c7688415d,347a23a27b7be007bb1489fd4d9eb4ae4334d6c0defff3b0384e16be3c95d13d,993c448af3185f955bea7f7718c1849837b7d9957366bbf3d8fcd618f208915b,0.0,0.0,0.0,0.0,0.0,1.0,0,torque_limited,0.06,1,8,8,1.0,0.03908870240779107
KIT_317_step_over_gap05_poses_100_jpos,50.0,232,0.0,symmetric,0.0,50,severe,87b585db3d3dd4c86f973d904b756b6bbaaec4dfdd9be6660abc306cd60750e5,3f86dd8631b6e7768e52856eeaacf3391047d18112857db1043b6a0d4e31bac0,993c448af3185f955bea7f7718c1849837b7d9957366bbf3d8fcd618f208915b,0.0,0.0,0.0,0.0,0.0,1.0,0,torque_limited,0.06,1,5,5,1.0,0.045463355870461714
BMLmovi_Subject_18_F_MoSh_Subject_18_F_1_poses_120_jpos,50.0,277,0.0,symmetric,0.0,50,severe,0d377ff8f7875e9092a046abd63dc955e3b0749fdc83bccc0b65abdf31130db4,a3220612b572f97f26d00cb34e5ccd073effde7dadd5c3decf6bb3f601d6fd16,993c448af3185f955bea7f7718c1849837b7d9957366bbf3d8fcd618f208915b,0.0,0.0,0.0,0.0,0.0,1.0,0,torque_limited,0.06,1,6,6,1.0,0.08536226603250112
BMLmovi_Subject_72_F_MoSh_Subject_72_F_15_poses_120_jpos,50.0,204,0.0,symmetric,0.0,50,severe,1eec5fd1406c65d50cd428180bec37ac2ba4f0ee5c2e29b8db1bc16c9b954488,20a9e8291545ac6279ead69cff414d8dfbabc454d51a50cf6f7b09c1e8372b6a,993c448af3185f955bea7f7718c1849837b7d9957366bbf3d8fcd618f208915b,0.0,0.0,0.0,0.0,0.0,1.0,0,torque_limited,0.06,1,5,5,1.0,0.03598545383963246
KIT_3_kneel_down_with_both_hands08_poses_100_jpos,50.0,288,0.0,symmetric,0.0,50,severe,0bcf3edb386d8348cecfd8b27141c9576839fb531c1ec3e7c48aef889297adcd,0e7e8bc950b32bfbfd92c3883c9db17b0fb8ded2bc0f3b67955fc2d1c8a19495,993c448af3185f955bea7f7718c1849837b7d9957366bbf3d8fcd618f208915b,0.07291666666666667,0.07291666666666667,0.0,0.07291666666666667,0.07291666666666667,0.9270833333333334,1,torque_limited,0.06,2,6,5,0.8333333333333334,1.004642328329144
GRAB_s3_bowl_drink_1,50.0,362,0.0,symmetric,0.0,50,severe,20eeb41dde8495ab2f427141a096b1fa8b5d459cef5a5cd0fb4a8dd95eb96fae,7c83335ea277a9f8b5d3ea9db585093bbd53fe89f50682af4958ae39f9e29843,993c448af3185f955bea7f7718c1849837b7d9957366bbf3d8fcd618f208915b,0.0,0.0,0.0,0.0,0.0,1.0,0,torque_limited,0.06,1,8,8,1.0,0.05014115913083877
CMU_35_35_14_poses_120_jpos,50.0,171,0.0,symmetric,0.0,50,severe,e8c173da1205f7cce7fd84e397eeafcaf21785d6eba38248c8ec228025bd116b,8b0e40e8a887a4840f12873100df82f35b9f74a3da5a5ebd103fb45a93a224d9,993c448af3185f955bea7f7718c1849837b7d9957366bbf3d8fcd618f208915b,0.0,0.0,0.0,0.0,0.0,1.0,0,torque_limited,0.06,1,4,4,1.0,0.06481662033986475
KIT_4_WalkInCounterClockwiseCircle03_poses_100_jpos,50.0,392,0.0,symmetric,0.0,50,severe,2eaf38ee01ff7feb00a16652af1413cfe7f28050cc1b5d6f0740e7f6787a9ed2,aec909dc59e2e8a1761f48a67ef23a196b12010497ba05b5ced64c734bddb4ee,993c448af3185f955bea7f7718c1849837b7d9957366bbf3d8fcd618f208915b,0.0,0.0,0.0,0.0,0.0,1.0,0,torque_limited,0.06,1,8,8,1.0,0.05364186810674184
GRAB_s3_cylindersmall_pass_1,50.0,353,0.0,symmetric,0.0,50,severe,378abbe6340fce086b6e881b0fae34b9530bbee394e577f2ffdf222fcca4dd02,d846a007dc9d1fa135385af23fc8f48fef0522108251d69698cd4de84b968afd,993c448af3185f955bea7f7718c1849837b7d9957366bbf3d8fcd618f208915b,0.0,0.0,0.0,0.0,0.0,1.0,0,torque_limited,0.06,1,8,8,1.0,0.04323146281158902
KIT_441_synchron04_poses_100_jpos,50.0,569,0.0,symmetric,0.0,50,severe,cdcdd9579b2cd4346fdaf116da77b60ebdfc5a9f7b416142f47fbab05cb6e833,9ebf43f5335d3e4089772243dd3f4415555de563f8038ef61e79dfdd3b7545a5,993c448af3185f955bea7f7718c1849837b7d9957366bbf3d8fcd618f208915b,0.08260105448154657,0.050966608084358524,0.0,0.050966608084358524,0.050966608084358524,0.9490333919156415,2,torque_limited,0.06,3,12,10,0.8333333333333334,0.5265433186288497
GRAB_s6_cup_pass_1,50.0,338,0.0,symmetric,0.0,50,severe,159a636b1bdc8f6baa0b9d9c21462af120ff6602ec39551c555b06b87d97bc56,13ea5a7020200726318ba76906c18a1078e8fd4683fc113c128dd3fb6313f1c7,993c448af3185f955bea7f7718c1849837b7d9957366bbf3d8fcd618f208915b,0.0,0.0,0.0,0.0,0.0,1.0,0,torque_limited,0.06,1,7,7,1.0,0.022976268955381296
GRAB_s10_cylindersmall_pass_1,50.0,280,0.0,symmetric,0.0,50,severe,3bf37d2cd71f27e181471432289c2d0d2accdca2227c373b98b6baa5d85960bd,12a8031af48ec0b2b01c072bd23adeae0d35cd100330889bf5400f4900488d3e,993c448af3185f955bea7f7718c1849837b7d9957366bbf3d8fcd618f208915b,0.0,0.0,0.0,0.0,0.0,1.0,0,torque_limited,0.06,1,6,6,1.0,0.025391605279366836
KIT_6_WalkInClockwiseCircle10_poses_100_jpos,50.0,362,0.0,symmetric,0.0,50,severe,b9f59117507dc6d64804002f9fea2ec6a728c72034e84d68708aa8aac97b0feb,ec690d7686565f017a94ec9f811a88ac0211abbfb8fc10aa8d56560f8b73da58,993c448af3185f955bea7f7718c1849837b7d9957366bbf3d8fcd618f208915b,0.0,0.0,0.0,0.0,0.0,1.0,0,torque_limited,0.06,1,8,8,1.0,0.03269876200636101
CMU_62_62_05_poses_60_jpos,50.0,965,0.0,symmetric,0.0,50,severe,e9d8efd838924b66a90c6bfdb4fa64e6cf0e5af558c00d4fe76391bec525adb5,b1c8274af38abbd6290e3305d06b50ccee458ef9c6c1db8235dbfe613ca80aeb,993c448af3185f955bea7f7718c1849837b7d9957366bbf3d8fcd618f208915b,0.0,0.0,0.0,0.0,0.0,1.0,0,torque_limited,0.06,1,20,20,1.0,0.2910633139790153
KIT_425_bend_right06_poses_100_jpos,50.0,359,0.0,symmetric,0.0,50,severe,b0aaabd2d81ecce79cc0c42893d6d4e2e68807657c2fc77d892ffabf08854ecc,7f9e3493d6b010287f43d15d05df03c9a12412ffa9385d8252bef5b05ce5aa82,993c448af3185f955bea7f7718c1849837b7d9957366bbf3d8fcd618f208915b,0.0,0.0,0.0,0.0,0.0,1.0,0,torque_limited,0.06,1,8,8,1.0,0.035526845676850376
HUMAN4D_Subject4_Carine_RGB_Bending_S4_01_poses_120_jpos,50.0,1178,0.0,symmetric,0.0,50,severe,b2f51b31dffe66d4c241e3ca8bb1aadf29019421f027ed46a8f0333e8b38fdb6,7e5a8c715f3f2401fd7c4aef3608cf880732fe7638186bc820ca218f90dba89b,993c448af3185f955bea7f7718c1849837b7d9957366bbf3d8fcd618f208915b,0.023769100169779286,0.023769100169779286,0.04159592529711375,0.06536502546689305,0.06536502546689305,0.934634974533107,13,torque_limited,0.06,14,24,11,0.4583333333333333,0.2170745303835093
GRAB_s5_binoculars_see_1,50.0,502,0.0,symmetric,0.0,50,severe,45d8a044f249898bfee66b9a172f0fbb7809df87e10908e6d8f45b1ffe633ac8,78b46af02f6cfb45e79591a6ef241f18ffbdf4a58733e299fac1e16d44ccd7c7,993c448af3185f955bea7f7718c1849837b7d9957366bbf3d8fcd618f208915b,0.0,0.0,0.0,0.0,0.0,1.0,0,torque_limited,0.06,1,11,11,1.0,0.04216137709843088
KIT_167_walking_slow02_poses_100_jpos,50.0,377,0.0,symmetric,0.0,50,severe,6547a2fa7ea0e551a18dab6371326851c26c9d418639ebea6822eab77ec24c47,9e8c196d8424b2c5979946f512a3459c171efc00514bf85b6c3e19a8eeee8095,993c448af3185f955bea7f7718c1849837b7d9957366bbf3d8fcd618f208915b,0.0,0.0,0.0,0.0,0.0,1.0,0,torque_limited,0.06,1,8,8,1.0,0.2077800716177928
Eyes_Japan_Dataset_shiono_gesture_etc-10-snip_nail-shiono_poses_120_jpos,50.0,1500,0.0,symmetric,0.0,50,severe,d87654b438ac74a82648b8ae59181b64fffab53c630069ddcfbdd5671c99c8d2,2932ee8378837a04aa115f0e804c1a3db4de619ba912207726c11c56a2d16280,993c448af3185f955bea7f7718c1849837b7d9957366bbf3d8fcd618f208915b,0.058666666666666666,0.058666666666666666,0.0,0.058666666666666666,0.058666666666666666,0.9413333333333334,2,torque_limited,0.06,3,30,26,0.8666666666666667,0.9212826512741247
CMU_107_107_01_poses_60_jpos,50.0,442,0.0,symmetric,0.0,50,severe,6c780ba77e055ae71c2be010194dde1ca013e89a19b030c34e2f6d003d1c09a5,508c946906abe4eec6b1fbd462dd0e7b8089ba6002ec017566b0957e6fac035f,993c448af3185f955bea7f7718c1849837b7d9957366bbf3d8fcd618f208915b,0.0,0.0,0.0,0.0,0.0,1.0,0,torque_limited,0.06,1,9,9,1.0,0.028708870990157072
KIT_3_tennis_forehand_left05_poses_100_jpos,50.0,297,0.0,symmetric,0.0,50,severe,3bc098fd263c02d9f2401c64659893de87a2a770bf9ccd7c58f1ea38e50e8278,55bc5edd87e917cdfd55db816e2e0bc76d1016690121f04c7048f1e3795ebe0f,993c448af3185f955bea7f7718c1849837b7d9957366bbf3d8fcd618f208915b,0.0,0.0,0.0,0.0,0.0,1.0,0,torque_limited,0.06,1,6,6,1.0,0.0824271737906959
KIT_378_push_recovery_stand_right08_poses_100_jpos,50.0,226,0.0,symmetric,0.0,50,severe,e63dcfdfe2380de3cae73aa334985b118beec62557800442e6fc3b95590a469e,18f503692443904e55d1c3d393511b506542ed4a6c757b4d38edd06185606d14,993c448af3185f955bea7f7718c1849837b7d9957366bbf3d8fcd618f208915b,0.04424778761061947,0.04424778761061947,0.0,0.04424778761061947,0.04424778761061947,0.9557522123893806,1,torque_limited,0.06,2,5,4,0.8,0.3066559915136054
KIT_9_walking_run01_poses_100_jpos,50.0,241,0.0,symmetric,0.0,50,severe,23ec4bdc4cf175a26c1fe710f1a14b44a4b56d04a6c5fa45e55503834da6e08f,9a1c9040fcd9b2be479257e453ef25b595cdcec0dabb174f40f3eee8b07dd795,993c448af3185f955bea7f7718c1849837b7d9957366bbf3d8fcd618f208915b,0.0,0.0,0.0,0.0,0.0,1.0,0,torque_limited,0.06,1,5,5,1.0,0.09049867745566022
KIT_8_RightTurn06_poses_100_jpos,50.0,256,0.0,symmetric,0.0,50,severe,b9697d2be0974fe43a7dc3a5cbd7287135eb0f0bb9db33c7652d697d4778ccd8,0c4cdcdd021afb0df9208743145c9548b3edd491a389d5b3ac1cfd6950283038,993c448af3185f955bea7f7718c1849837b7d9957366bbf3d8fcd618f208915b,0.0,0.0,0.0,0.0,0.0,1.0,0,torque_limited,0.06,1,6,6,1.0,0.027287185685532685
CMU_35_35_06_poses_120_jpos,50.0,183,0.0,symmetric,0.0,50,severe,d6ced5fd231e237bf61a1a1a35d885f4bc204e14b0d570773954e5c289e5f4c1,f0798e5814be944c454419575ded1f309a681eedd3f5dba7648d8a042e174213,993c448af3185f955bea7f7718c1849837b7d9957366bbf3d8fcd618f208915b,0.0,0.0,0.0,0.0,0.0,1.0,0,torque_limited,0.06,1,4,4,1.0,0.043659497096852316
KIT_291_cal03_poses_100_jpos,50.0,212,0.0,symmetric,0.0,50,severe,e9db46a67db4c67b762857fc70323d04b9111789df04f2b41e52ca2ebb4d8d8a,8acbd5632eb82a0b727d0dd5edec9fc59326195d134262732a04b0ed05786ff4,993c448af3185f955bea7f7718c1849837b7d9957366bbf3d8fcd618f208915b,0.0,0.0,0.0,0.0,0.0,1.0,0,torque_limited,0.06,1,5,5,1.0,0.1695627247192876
KIT_183_step_over_gap05_poses_100_jpos,50.0,259,0.0,symmetric,0.0,50,severe,a502603bda01e51697358f5531f7c44bdc2b45d6360a5c2224acecddc69dd935,be45b554d07db8dd3bce786e2fc1e76b35a311dd5cd733d94547a7fddf92c3fe,993c448af3185f955bea7f7718c1849837b7d9957366bbf3d8fcd618f208915b,0.0,0.0,0.0,0.0,0.0,1.0,0,torque_limited,0.06,1,6,6,1.0,0.04674745872625145
KIT_317_bend_right03_poses_100_jpos,50.0,187,0.0,symmetric,0.0,50,severe,9b4c81ce01537703ff31dfc97faf4dfd114a24654aabf6e636fc97c5509dc9d7,6706dcb7907b425551de7b0f6e21f85bf3dd7e832ee5ae50519581bb8042e696,993c448af3185f955bea7f7718c1849837b7d9957366bbf3d8fcd618f208915b,0.0,0.0,0.0,0.0,0.0,1.0,0,torque_limited,0.06,1,4,4,1.0,0.04109129138527274
KIT_572_dance_chacha06_poses_100_jpos,50.0,580,0.0,symmetric,0.0,50,severe,06038368f13c246aa0922b53bc9ab883c7316b14f6c97b13d9a0197948d9f582,9ea3aea9ff9b6a139a36d25b8cf2ec2d3954fe64cc50baa7739cfa811c721f86,993c448af3185f955bea7f7718c1849837b7d9957366bbf3d8fcd618f208915b,0.0,0.0,0.0,0.0,0.0,1.0,0,torque_limited,0.06,1,12,12,1.0,0.12014005171014056
KIT_3_kick_high_right03_poses_100_jpos,50.0,227,0.0,symmetric,0.0,50,severe,0796fc629d36d0310cc1dd20c0cebde2107c0abe5b1e8941f27ab47e0bec68d2,442f7fc4c52dbda9a3741dc94233efdd3ebb277960bb8681ed11a1681209a940,993c448af3185f955bea7f7718c1849837b7d9957366bbf3d8fcd618f208915b,0.1762114537444934,0.1762114537444934,0.0,0.1762114537444934,0.1762114537444934,0.8237885462555066,1,torque_limited,0.06,2,5,4,0.8,1.0104360781189576
KIT_7_WalkInClockwiseCircle06_poses_100_jpos,50.0,366,0.0,symmetric,0.0,50,severe,4d6d49ba734768a0e0c02ffd328331ca3dbea97db0048a55d3f503ece7733d46,d47b13c4fecef9d202020e1826b6d4545206a0225223e90fe6a21848f654f348,993c448af3185f955bea7f7718c1849837b7d9957366bbf3d8fcd618f208915b,0.0,0.0,0.0,0.0,0.0,1.0,0,torque_limited,0.06,1,8,8,1.0,0.07299513257614484
KIT_513_turn_left08_poses_100_jpos,50.0,286,0.0,symmetric,0.0,50,severe,8339e3a4445dcfde0dc6f28922c286a2add816fa164786e3abbc77297e30abec,b4a5feba7734d742fcb698c01e56e1f2d642c4bc6459fcd76da8b0ec1968d479,993c448af3185f955bea7f7718c1849837b7d9957366bbf3d8fcd618f208915b,0.0,0.0,0.0,0.0,0.0,1.0,0,torque_limited,0.06,1,6,6,1.0,0.04540220811542413
BMLhandball_S06_Novice_Trial_upper_left_right_123_poses_120_jpos,50.0,543,0.0,symmetric,0.0,50,severe,eacf9b7060fd9794995cf00c66ad79d230c112672c92292a991b4d1cd66c161f,cb9480cd4bf6dea788968db7bb08b398ad408ed284e3e6df5b56b051e58874e2,993c448af3185f955bea7f7718c1849837b7d9957366bbf3d8fcd618f208915b,0.05156537753222836,0.06445672191528545,0.0,0.06445672191528545,0.06445672191528545,0.9355432780847146,1,torque_limited,0.06,2,11,9,0.8181818181818182,0.9012567614993008
CMU_35_35_32_poses_120_jpos,50.0,163,0.0,symmetric,0.0,50,severe,056b8a07862cbbf0acd24ec4b6f87ea762c6b03cf4f0ef47ff1649ef82d4a827,1ccc88541d82723016f4e47b5549c987742a8b4bea923409325ac40ebf2a1720,993c448af3185f955bea7f7718c1849837b7d9957366bbf3d8fcd618f208915b,0.0,0.0,0.0,0.0,0.0,1.0,0,torque_limited,0.06,1,4,4,1.0,0.06527522850264682
CMU_64_64_28_poses_120_jpos,50.0,215,0.0,symmetric,0.0,50,severe,892a82de91d20b17d53def77daab6f4d3f519eccab226aac7addcc6a432d0d64,1ca66bdb35461b9b371bd78665ea00bb3d88e8c3fa116880dc5c0af6d6f8becd,993c448af3185f955bea7f7718c1849837b7d9957366bbf3d8fcd618f208915b,0.0,0.0,0.0,0.0,0.0,1.0,0,torque_limited,0.06,1,5,5,1.0,0.11648647334664373
CMU_132_132_10_poses_120_jpos,50.0,677,0.0,symmetric,0.0,50,severe,2f030d4152f6161bcd5e2fccf8c799520c1254b9ac3feef84a1fb33cea15e43d,4efcdf57a6f504e8d7388de75e73e76a76fdc33836a45640b68cfaf1d3ca8f87,993c448af3185f955bea7f7718c1849837b7d9957366bbf3d8fcd618f208915b,0.0,0.0,0.0,0.0,0.0,1.0,0,torque_limited,0.06,1,14,14,1.0,0.0520367395370046
KIT_421_push_recovery_back06_poses_100_jpos,50.0,237,0.0,symmetric,0.0,50,severe,5ad0a550fd23ec2e7e87acb2ca518a449e0b670371065e927a84639179c43901,9e8e398f06e42d8552a34d07ec7a276c32ef1e8ec6653e46e4f31cdf0e5a1978,993c448af3185f955bea7f7718c1849837b7d9957366bbf3d8fcd618f208915b,0.0,0.0,0.0,0.0,0.0,1.0,0,torque_limited,0.06,1,5,5,1.0,0.13409702679747484
BMLmovi_Subject_85_F_MoSh_Subject_85_F_4_poses_120_jpos,50.0,347,0.0,symmetric,0.0,50,severe,1cdcafc4d7e182477e612afed53e21e51d389bf825e87ac9de3d117ab2f6c774,e29c07906474e1d23b3a2bd70b0f16c401618748d6fea624f342a1f08ecf0882,993c448af3185f955bea7f7718c1849837b7d9957366bbf3d8fcd618f208915b,0.0,0.0,0.0,0.0,0.0,1.0,0,torque_limited,0.06,1,7,7,1.0,0.037024965675271755
GRAB_s10_spheremedium_pick_all,50.0,337,0.0,symmetric,0.0,50,severe,fc685346bc5e270e5df5b0c2729a2bfe7ff4e874119dfab5d361af7c24351f89,c4c7a382401cac9c712cd7a822b65aa470758dc6ea9008645746900b75900b4c,993c448af3185f955bea7f7718c1849837b7d9957366bbf3d8fcd618f208915b,0.0,0.0,0.0,0.0,0.0,1.0,0,torque_limited,0.06,1,7,7,1.0,0.036077175472188854
KIT_3_throw_right03_poses_100_jpos,50.0,272,0.0,symmetric,0.0,50,severe,7a5f9d83d56aa9f14a32b449bdee65a9aa4b86b0470cf39820c93eaeafd5a391,b72748c259fe9df5efe8abea97a28ab5f83ef90d2ba070df13f9a1e5b222e321,993c448af3185f955bea7f7718c1849837b7d9957366bbf3d8fcd618f208915b,0.051470588235294115,0.051470588235294115,0.0,0.051470588235294115,0.051470588235294115,0.9485294117647058,1,torque_limited,0.06,2,6,5,0.8333333333333334,0.5823865059169356
ACCAD_MartialArtsWalksTurns_c3d_E16_-_block_right_middle_poses_120_jpos,50.0,125,0.0,symmetric,0.0,50,severe,5422ca0ec6ba31250e842efb8f3a36f6f5a3661b47c043114104922d24ad6e1f,79a566f9438fe90305c04bfffb9df17d7b3843be3ed0a8f6f383a3e306f29e76,993c448af3185f955bea7f7718c1849837b7d9957366bbf3d8fcd618f208915b,0.0,0.0,0.0,0.0,0.0,1.0,0,torque_limited,0.06,1,3,3,1.0,0.07282697624979141
CMU_114_114_04_poses_120_jpos,50.0,373,0.0,symmetric,0.0,50,severe,edd4f3856912d31b14f92ee30d2bbea9935d0333b6e858f52215d822aaf1edef,708d5bf4bd1ada99a2b3f2dd1612325229b22abf959bad25993d59f527df4ecf,993c448af3185f955bea7f7718c1849837b7d9957366bbf3d8fcd618f208915b,0.2359249329758713,0.2359249329758713,0.0,0.2359249329758713,0.2359249329758713,0.7640750670241286,1,torque_limited,0.06,1,8,6,0.75,1.0291778650379846
CMU_136_136_27_poses_120_jpos,50.0,453,0.0,symmetric,0.0,50,severe,ea5be51c6ffd1d005d88cf2cfba7612107dc0bc9aaf51f656aec2919bae41651,bb57ccf348f6c3b7846cf301ffdde3fd539f3539cf00a2630ef0244c0f802c94,993c448af3185f955bea7f7718c1849837b7d9957366bbf3d8fcd618f208915b,0.2141280353200883,0.2163355408388521,0.0,0.2163355408388521,0.2163355408388521,0.7836644591611479,8,torque_limited,0.06,9,10,4,0.4,1.0073481164895584
KIT_513_kick09_poses_100_jpos,50.0,383,0.0,symmetric,0.0,50,severe,bf9dc0add02ec2351386b9f43c1a2fe4b7e651aa7eb460b0e7581e844d358261,2296f2b82c3752e6cd18e5e8c971e6c298a8b1edf0db9017f7d95b709d138d9f,993c448af3185f955bea7f7718c1849837b7d9957366bbf3d8fcd618f208915b,0.04960835509138381,0.04960835509138381,0.0,0.04960835509138381,0.04960835509138381,0.9503916449086162,1,torque_limited,0.06,2,8,7,0.875,0.1651600863565797
GRAB_s3_piggybank_use_1,50.0,343,0.0,symmetric,0.0,50,severe,21859b27c18d419ac9966981ebc4fc4828a2d0a406f680a1b1790e1945b4f8c1,70eaaafad5ae5e9b7dea6779a6ef9640b4ffcb8f42522001a3d670c2ce33ef82,993c448af3185f955bea7f7718c1849837b7d9957366bbf3d8fcd618f208915b,0.0,0.0,0.0,0.0,0.0,1.0,0,torque_limited,0.06,1,7,7,1.0,0.04524933872783011
KIT_3_walk_with_left_support02_poses_100_jpos,50.0,377,0.0,symmetric,0.0,50,severe,e8448f6ec45b3987dad7013168919887a6a919b14f2bb6a89ef5a230eb9bd86f,f01614d9066266093d0e56fa2e1204065040036023d5ad84f5cb5d8e65aa84ae,993c448af3185f955bea7f7718c1849837b7d9957366bbf3d8fcd618f208915b,0.0,0.0,0.0,0.0,0.0,1.0,0,torque_limited,0.06,1,8,8,1.0,0.2504000568790057
KIT_6_WalkInClockwiseCircle03_1_poses_100_jpos,50.0,357,0.0,symmetric,0.0,50,severe,f153c90e95c5fbbe6c298bce9e677f9bf5fc323941c6eba4d6d32417ff218fe2,2e533e5e826de31e16a39006375af01ae5d5cef8cec239d867559f33bb30408d,993c448af3185f955bea7f7718c1849837b7d9957366bbf3d8fcd618f208915b,0.0,0.0,0.0,0.0,0.0,1.0,0,torque_limited,0.06,1,8,8,1.0,0.04109129138527274
KIT_10_WalkInClockwiseCircle09_poses_100_jpos,50.0,330,0.0,symmetric,0.0,50,severe,71bba042fa309c1a096a02085f83afdbc612937ca62fe089952fbca09e742e29,ba6b1839581b0f07d7011a99cf33bbaebdc57b904bce26df21194ca39b4d05a9,993c448af3185f955bea7f7718c1849837b7d9957366bbf3d8fcd618f208915b,0.0,0.0,0.0,0.0,0.0,1.0,0,torque_limited,0.06,1,7,7,1.0,0.07752006644892787
Eyes_Japan_Dataset_takiguchi_throw_toss-13-pass_to_right_light-takiguchi_poses_120_jpos,50.0,1199,0.0,symmetric,0.0,50,severe,7504a5ff71ed077a54dc7048bf878f688ea9de4af2ada355b216438142b54ad2,a406f3d967834576e60dd20c24c7eea0e15dbec322893b8ba42008e8e7036727,993c448af3185f955bea7f7718c1849837b7d9957366bbf3d8fcd618f208915b,0.0,0.0,0.0,0.0,0.0,1.0,0,torque_limited,0.06,1,24,24,1.0,0.1467851859677786
KIT_513_turn_left01_poses_100_jpos,50.0,354,0.0,symmetric,0.0,50,severe,8297bbc8fae7960e473ecccd66d58ed9d118820df7ca97fc471e76bf2d255fb6,d171c16b7c31e7bf69a148044b39eeee0a77ac490e8aa7259440a4b19ae3555a,993c448af3185f955bea7f7718c1849837b7d9957366bbf3d8fcd618f208915b,0.0,0.0,0.0,0.0,0.0,1.0,0,torque_limited,0.06,1,8,8,1.0,0.03384528241331615
KIT_359_walking_slow04_poses_100_jpos,50.0,313,0.0,symmetric,0.0,50,severe,9e854a172a3fec2007b0b78c54a178d5af6e2f32efb687bc174bd25acd824c54,94562758f462d05b3db7274e537ecdb51076705778db68661b68ff2d011ccc73,993c448af3185f955bea7f7718c1849837b7d9957366bbf3d8fcd618f208915b,0.038338658146964855,0.038338658146964855,0.0,0.038338658146964855,0.038338658146964855,0.9616613418530351,1,torque_limited,0.06,2,7,6,0.8571428571428571,0.3119758462018773
KIT_675_walk_with_handrail_right07_poses_100_jpos,50.0,191,0.0,symmetric,0.0,50,severe,b133be770e581137b3b060c2261293274dffdbfaa8c9e7d37a59b24b76950d39,385728da8427ef5175dc4b422dc4e63a2546aa6c8a77bededbe4b4d33611ca42,993c448af3185f955bea7f7718c1849837b7d9957366bbf3d8fcd618f208915b,0.0,0.0,0.0,0.0,0.0,1.0,0,torque_limited,0.06,1,4,4,1.0,0.09095728561844227
KIT_3_walking_medium01_poses_100_jpos,50.0,159,0.0,symmetric,0.0,50,severe,de1a6d5a50e1aeefd6e791e046e6540be9d11e92d49a1293e34cfbfd9418a45e,c1b64de665b44a6d80dd10feef6897a6832edecb07423cbd1a3670e428d1dcfd,993c448af3185f955bea7f7718c1849837b7d9957366bbf3d8fcd618f208915b,0.0,0.0,0.0,0.0,0.0,1.0,0,torque_limited,0.06,1,4,4,1.0,0.09199679745408161
GRAB_s6_mug_toast_1,50.0,372,0.0,symmetric,0.0,50,severe,c4fb9b7a912641cb992f02d40a01ce734a748c8903e9666d13aeba80ad6fef85,25bd0cd8c48250b456ffe164910d32b0019997808ae50ccc38821824874df28a,993c448af3185f955bea7f7718c1849837b7d9957366bbf3d8fcd618f208915b,0.0,0.0,0.0,0.0,0.0,1.0,0,torque_limited,0.06,1,8,8,1.0,0.022930408139103096
KIT_183_step_over_gap09_poses_100_jpos,50.0,263,0.0,symmetric,0.0,50,severe,6a83eae759ac334062f023ec0b9208db23d0712fe31fe8b0ef5df6bca788d407,1e50fa8f80ee36a3bcd5d8d174590d981868e971b1b9146eb21f60ab030857a8,993c448af3185f955bea7f7718c1849837b7d9957366bbf3d8fcd618f208915b,0.0,0.0,0.0,0.0,0.0,1.0,0,torque_limited,0.06,1,6,6,1.0,0.03454848159624867
KIT_572_dance_waltz06_poses_100_jpos,50.0,536,0.0,symmetric,0.0,50,severe,351efee7640ccb9ab6df65e4c064ab1cbca51d7e201960cd6fe772a8684fb785,03f9394233050f0cf3eb4e99c12be43088e4aa8938301e8b5f8caee9a7fbefd5,993c448af3185f955bea7f7718c1849837b7d9957366bbf3d8fcd618f208915b,0.0,0.0,0.0,0.0,0.0,1.0,0,torque_limited,0.06,1,11,11,1.0,0.06764470401035413
BMLhandball_S08_Novice_Trial_upper_right_left_090_poses_120_jpos,50.0,664,0.0,symmetric,0.0,50,severe,8797c7dda5da3880618d466a2c5624b1405271e3e5d90d86742fc7b34beeb17b,603466e1d97133b905592d22510fedce8f264ba83eadf4ba6d78ea2dbe7ec482,993c448af3185f955bea7f7718c1849837b7d9957366bbf3d8fcd618f208915b,0.03162650602409638,0.05120481927710843,0.0,0.05120481927710843,0.05120481927710843,0.9487951807228916,3,torque_limited,0.06,4,14,12,0.8571428571428571,0.5027568419192153
KIT_425_walking_slow05_poses_100_jpos,50.0,284,0.0,symmetric,0.0,50,severe,c1206548d9cbd326d074b8a286b184147ee40a635432d236a1b6f61bcd6996ae,6e7ca8e12ba87e15acbbddbc11317f5a925c023d08aaffea7bf341238e6c2dd3,993c448af3185f955bea7f7718c1849837b7d9957366bbf3d8fcd618f208915b,0.0,0.0,0.0,0.0,0.0,1.0,0,torque_limited,0.06,1,6,6,1.0,0.0558126134105769
GRAB_s3_eyeglasses_offhand_1,50.0,494,0.0,symmetric,0.0,50,severe,d776a258e16400ba58d223027a592c6228613838ff2259c6070bfeb98496a777,8bfeeeb917e49fed11306c220f764e80e01b8b37c037a5fd9e8634f5b99686cd,993c448af3185f955bea7f7718c1849837b7d9957366bbf3d8fcd618f208915b,0.0,0.0,0.0,0.0,0.0,1.0,0,torque_limited,0.06,1,10,10,1.0,0.039241571795385094
KIT_425_bend_left03_poses_100_jpos,50.0,223,0.0,symmetric,0.0,50,severe,a720c0cbfa55521a6050a520b7036f17660bd2e0974ffe194c25a5a5550ad5cc,22ce0fb56123ce6732c10dbf7c08cce9218eb3e8adbd66d7df57caeacb2074b1,993c448af3185f955bea7f7718c1849837b7d9957366bbf3d8fcd618f208915b,0.0,0.0,0.0,0.0,0.0,1.0,0,torque_limited,0.06,1,5,5,1.0,0.04454613954489759
BMLhandball_S05_Novice_Trial_upper_left_061_poses_120_jpos,50.0,265,0.0,symmetric,0.0,50,severe,16df66b125e426de192a780e3fcb7e4f3463b8c0d32a11cc17018d1f8507786a,860b4d4eec26292e954a80775ec76833f284695ca72f75064505afe690b6f02d,993c448af3185f955bea7f7718c1849837b7d9957366bbf3d8fcd618f208915b,0.0,0.0,0.0,0.0,0.0,1.0,0,torque_limited,0.06,1,6,6,1.0,0.11190039171882309
CMU_35_35_07_poses_120_jpos,50.0,150,0.0,symmetric,0.0,50,severe,60ad78c4fda837630b4a6835df59c175df3e150aee5daa0d06804f1f8b67b4d1,6c7aea5b8c1ff7a348d35493d39bd4a5a4aa3acb211d53ee550e817f36d5f039,993c448af3185f955bea7f7718c1849837b7d9957366bbf3d8fcd618f208915b,0.0,0.0,0.0,0.0,0.0,1.0,0,torque_limited,0.06,1,3,3,1.0,0.05767761993922397
KIT_12_WalkInCounterClockwiseCircle08_poses_100_jpos,50.0,363,0.0,symmetric,0.0,50,severe,b852074efbab0e18d62bc517226d633531c1104b22df51884c5eb7865805bee2,7f003873bc95d6cf105f04a5ae2f20d2c70cc6ccac2ae348036e904ec120bab9,993c448af3185f955bea7f7718c1849837b7d9957366bbf3d8fcd618f208915b,0.0,0.0,0.0,0.0,0.0,1.0,0,torque_limited,0.06,1,8,8,1.0,0.04913222117271822
CMU_62_62_19_poses_60_jpos,50.0,549,0.0,symmetric,0.0,50,severe,794c10d3d31ca13126d8d1f9757919bea9264fd2508e4d01512806ed36fffc95,3be355b0cbad296172081cb733c7aaac7355ff7dfd2f7acc3d694b2ef0808da7,993c448af3185f955bea7f7718c1849837b7d9957366bbf3d8fcd618f208915b,0.0,0.0,0.0,0.0,0.0,1.0,0,torque_limited,0.06,1,11,11,1.0,0.10725316233596491
Eyes_Japan_Dataset_hamada_gesture_etc-41-mosh-hamada_poses_120_jpos,50.0,1488,0.0,symmetric,0.0,50,severe,f5a5235a69960271351f00dfdfecf5646179806acb939df1c414979e470dda77,c311c667f04840d0ee9e70b1d32888b3f19fb783e200a2c48abca10d9932d813,993c448af3185f955bea7f7718c1849837b7d9957366bbf3d8fcd618f208915b,0.0,0.0,0.0,0.0,0.0,1.0,0,torque_limited,0.06,1,30,30,1.0,0.07796338767295052
KIT_421_push_recovery_stand_front06_poses_100_jpos,50.0,175,0.0,symmetric,0.0,50,severe,8cb4715903e8c33fbaee55dec410bdb3816c2d98ae9e1307cdcdfe694ea601b5,3aaddd223fe4aae4e4229a596a935e18b0aa19e4d6c347ec4a24c98aae459190,993c448af3185f955bea7f7718c1849837b7d9957366bbf3d8fcd618f208915b,0.0,0.0,0.0,0.0,0.0,1.0,0,torque_limited,0.06,1,4,4,1.0,0.09835616397799278
KIT_3_walk_with_left_support_table01_poses_100_jpos,50.0,356,0.0,symmetric,0.0,50,severe,3bb030c6dbd225d5070f67fad012f4fb319ef5860e4d69f377de9664753a1799,4e6f41b714fa8bf2b7cdaff73611e2557697143510bf5b2261a6c9f36a1ff54e,993c448af3185f955bea7f7718c1849837b7d9957366bbf3d8fcd618f208915b,0.0028089887640449437,0.0028089887640449437,0.0,0.0028089887640449437,0.0028089887640449437,0.9971910112359551,1,torque_limited,0.06,2,8,7,0.875,0.2651519527818288
CMU_80_80_47_poses_60_jpos,50.0,836,0.0,symmetric,0.0,50,severe,9f9e7c2fedd32b320fe865935837d7cdeb10b5c2ee5da8d650160bb47f521f83,c7219f8f0f8e221a52151c8ea8da4760f3f1fd97f6c590b5bdc2ff237228bcd5,993c448af3185f955bea7f7718c1849837b7d9957366bbf3d8fcd618f208915b,0.0,0.0,0.0,0.0,0.0,1.0,0,torque_limited,0.06,1,17,17,1.0,0.060994885650014236
KIT_379_push_recovery_stand_back06_poses_100_jpos,50.0,138,0.0,symmetric,0.0,50,severe,4fc2964af89651eddbf22661f505cb8c13dd01b2e8fd388c7e1ddbec985dbd7a,94f8d468c8200afc5fa045bf575c51611f37f7533aaf29055424adaa71b965a3,993c448af3185f955bea7f7718c1849837b7d9957366bbf3d8fcd618f208915b,0.0,0.0,0.0,0.0,0.0,1.0,0,torque_limited,0.06,1,3,3,1.0,0.18864082429102155
CMU_105_105_21_poses_120_jpos,50.0,1613,0.0,symmetric,0.0,50,severe,f753b34038d3d1553f23d6f1db4a211c25a4ad8fe11fe4f3606ddc68919182f0,b6bafad8e4a9597ae3b88f3cd3617a4cc27818ffe85efaf5e1466e09e13dfab3,993c448af3185f955bea7f7718c1849837b7d9957366bbf3d8fcd618f208915b,0.0,0.0,0.0,0.0,0.0,1.0,0,torque_limited,0.06,1,33,33,1.0,0.04261998526121291
Eyes_Japan_Dataset_aita_gesture_etc-20-swing_chair-aita_poses_120_jpos,50.0,1500,0.0,symmetric,0.0,50,severe,8553316181e3b85eb5bdeffbbb61a4e9bade330f615c977ffc64b306eddf0905,c361e6dabdd5f190d8378fa8ad350e0bbe7d8f74ea47682702968303e24b0520,993c448af3185f955bea7f7718c1849837b7d9957366bbf3d8fcd618f208915b,0.44,0.44,0.0,0.44,0.44,0.56,4,torque_limited,0.06,5,30,14,0.4666666666666667,1.1654914979555726
CMU_35_35_33_poses_120_jpos,50.0,175,0.0,symmetric,0.0,50,severe,06f10e2b101b50d15fd3a1c2bf0bbe2d24d7cdf8ff91354bc8a5bc738231da6e,3c05934cc9e19c43746fb9615db7962cfb92e98013c6cb1ef40db257888ae316,993c448af3185f955bea7f7718c1849837b7d9957366bbf3d8fcd618f208915b,0.0,0.0,0.0,0.0,0.0,1.0,0,torque_limited,0.06,1,4,4,1.0,0.05601134361444909
KIT_317_bend_right08_poses_100_jpos,50.0,179,0.0,symmetric,0.0,50,severe,da38e22a614bcd1e183bf0113b6de1d2ed352d9aa4d130913fb1e1e2d631efd6,0dfd9cda23a077cd5f3cd54201c76538e265dd0bd13b70093a101e953fc3d864,993c448af3185f955bea7f7718c1849837b7d9957366bbf3d8fcd618f208915b,0.0,0.0,0.0,0.0,0.0,1.0,0,torque_limited,0.06,1,4,4,1.0,0.048948777907605406
KIT_359_walking_medium10_poses_100_jpos,50.0,258,0.0,symmetric,0.0,50,severe,d56d85c41ba5e28d2988f2e714f050b69015ffb5fe2b400d71a3e64bb68884c4,921632a2a5723537f456e4cd2ca6f2ca3c8c8c08e9104b58651fda2560bb0531,993c448af3185f955bea7f7718c1849837b7d9957366bbf3d8fcd618f208915b,0.031007751937984496,0.031007751937984496,0.0,0.031007751937984496,0.031007751937984496,0.9689922480620154,1,torque_limited,0.06,2,6,5,0.8333333333333334,0.3593959302335423
CMU_122_122_48_poses_120_jpos,50.0,185,0.0,symmetric,0.0,50,severe,dea53f96e01a72939fe4e034673ba25927d2cd1ba8c02ee93cd7f3b8481cf3fb,f97885fdf8a6c31a425ef14ca5ede3f2fa36d44e27e36140c749c30d12e2204c,993c448af3185f955bea7f7718c1849837b7d9957366bbf3d8fcd618f208915b,0.06486486486486487,0.005405405405405406,0.0,0.005405405405405406,0.005405405405405406,0.9945945945945946,1,torque_limited,0.06,2,4,3,0.75,0.26311878992682813
KIT_167_step_over_gap11_poses_100_jpos,50.0,276,0.0,symmetric,0.0,50,severe,bcac6c1d268408f12218f9c54eea4aa44738d4bb1302caaa1ab0b56051988f59,7afab177deafc3f3a7cce17b75ddb6181e0ce31c915e9f78f27e030ca8e709b4,993c448af3185f955bea7f7718c1849837b7d9957366bbf3d8fcd618f208915b,0.0,0.0,0.0,0.0,0.0,1.0,0,torque_limited,0.06,1,6,6,1.0,0.12267768354420157
KIT_675_walk_with_handrail_right01_poses_100_jpos,50.0,200,0.0,symmetric,0.0,50,severe,ea4ac34399ae9b175923e14d5b516d8a6d20efbe78b52f7e7a54a5187c3f4d6c,3dc7a308f2319c34251d7d42d16633d1f004c5b2c08887e8d87aff67ec9ac7e7,993c448af3185f955bea7f7718c1849837b7d9957366bbf3d8fcd618f208915b,0.0,0.0,0.0,0.0,0.0,1.0,0,torque_limited,0.06,1,4,4,1.0,0.09297516153468334
KIT_425_bend_right04_poses_100_jpos,50.0,238,0.0,symmetric,0.0,50,severe,b3ee6592dedfdfda5889361866c9f923238f3d5f06f236fa26c5acd37873ad92,80464fe6322370ddf5d8ed3cf6ba221bfadcf611346c1c7351aaba83193b1765,993c448af3185f955bea7f7718c1849837b7d9957366bbf3d8fcd618f208915b,0.0,0.0,0.0,0.0,0.0,1.0,0,torque_limited,0.06,1,5,5,1.0,0.0403728052635808
KIT_9_turn_left07_poses_100_jpos,50.0,267,0.0,symmetric,0.0,50,severe,7973fc004123b9f388096c56faf81c0b570c92168a474878523c791072fcb3c6,ca806ae01b45aeaf9d7bc716df656cb7957ff0709b24bef6db968380161c9680,993c448af3185f955bea7f7718c1849837b7d9957366bbf3d8fcd618f208915b,0.0,0.0,0.0,0.0,0.0,1.0,0,torque_limited,0.06,1,6,6,1.0,0.11801516722258387
GRAB_s7_spheremedium_inspect_1,50.0,323,0.0,symmetric,0.0,50,severe,bc7fd5b1d90c47c1828e191d3754e7b9b9a65d605cb7903e547d1224ab2dffab,639338fb6514698c524704f98f9731e400874cc5886bc70e08d35ff3dfdc58e6,993c448af3185f955bea7f7718c1849837b7d9957366bbf3d8fcd618f208915b,0.0,0.0,0.0,0.0,0.0,1.0,0,torque_limited,0.06,1,7,7,1.0,0.04075497873256585
Eyes_Japan_Dataset_takiguchi_turn-01-call-takiguchi_poses_120_jpos,50.0,1250,0.0,symmetric,0.0,50,severe,c5300174f6280df344f976b9f269a42a63a90527e2941f8bf26cc27dbb79d97c,e8cad108ef4f8ecf6beff2492e7e8b84ea6429a856b254e7101ddd86c0829d13,993c448af3185f955bea7f7718c1849837b7d9957366bbf3d8fcd618f208915b,0.0,0.0,0.0,0.0,0.0,1.0,0,torque_limited,0.06,1,25,25,1.0,0.1051741386646862
CMU_143_143_10_poses_60_jpos,50.0,479,0.0,symmetric,0.0,50,severe,48f1eb007fbb9060ce63c2901b16569e6cdbe6b0fd7bdeb6dca54c8472c7c181,89376ce9e57707d37432787695fdba3fdc9f6ed0c0645f388dfcf0eebc2f159f,993c448af3185f955bea7f7718c1849837b7d9957366bbf3d8fcd618f208915b,0.029227557411273485,0.029227557411273485,0.0,0.029227557411273485,0.029227557411273485,0.9707724425887265,1,torque_limited,0.06,2,10,9,0.9,0.2674602805344982
KIT_425_bend_left10_poses_100_jpos,50.0,254,0.0,symmetric,0.0,50,severe,f81154354936b9d4b16f56652d0eec64debe9f5b517c8ab72ba11541dfcb3941,44b851c356b6765d9eaae9d63506ae4d3be8b394ffcfa3cdbedda47c6c3f23cf,993c448af3185f955bea7f7718c1849837b7d9957366bbf3d8fcd618f208915b,0.0,0.0,0.0,0.0,0.0,1.0,0,torque_limited,0.06,1,6,6,1.0,0.03742242608301624
KIT_424_step_stones03_poses_100_jpos,50.0,592,0.0,symmetric,0.0,50,severe,6c80b3cc525722045535083c9d2fdcae330d5e611c6535d0903fbf0637605f3c,8a76312419a657eb0f4c041f340be5d2f3ebf6513e0962d5520d70766c72b4bf,993c448af3185f955bea7f7718c1849837b7d9957366bbf3d8fcd618f208915b,0.2939189189189189,0.2939189189189189,0.0,0.2939189189189189,0.2939189189189189,0.706081081081081,2,torque_limited,0.06,3,12,7,0.5833333333333334,1.0250503915729459
KIT_12_RightTurn02_poses_100_jpos,50.0,462,0.0,symmetric,0.0,50,severe,79fceb0ffa94cba40ece152361fca9625ef9e83487e0e5b58c5f81f5f6f1c98b,410463134272474e818b1cdbc7bcdc50d31d95d786761453516ab463ed6ea52e,993c448af3185f955bea7f7718c1849837b7d9957366bbf3d8fcd618f208915b,0.0,0.0,0.0,0.0,0.0,1.0,0,torque_limited,0.06,1,10,10,1.0,0.06418985585072925
KIT_3_jump_left05_poses_100_jpos,50.0,218,0.0,symmetric,0.0,50,severe,4f15e6eafe9f555cc8eb4b80c0bdbb569e90299ac8fafb650f9925cb025774ce,53deae8593bc81ad5f52650af2d0ea7efd41c2e1f5057fb9cac70721d2ea9ec6,993c448af3185f955bea7f7718c1849837b7d9957366bbf3d8fcd618f208915b,0.07339449541284404,0.027522935779816515,0.0,0.027522935779816515,0.027522935779816515,0.9724770642201835,2,torque_limited,0.06,3,5,3,0.6,0.2876237527581493
KIT_12_RightTurn05_poses_100_jpos,50.0,177,0.0,symmetric,0.0,50,severe,feee458136729a2f8991181afd3510a2f1d8f67571b13ce90d08442d2655fbce,8b6b3e6c99e0ae1be0035c62e91f92a5944c53e0b94ef22e434a7dbde47660fc,993c448af3185f955bea7f7718c1849837b7d9957366bbf3d8fcd618f208915b,0.0,0.0,0.0,0.0,0.0,1.0,0,torque_limited,0.06,1,4,4,1.0,0.09832559010047406
DFaust_67_50004_50004_knees_poses_60_jpos,50.0,609,0.0,symmetric,0.0,50,severe,30cb701f91bb2b7254edaca2a610701c0a9abd2d7684b227b44cb1d635469c70,e78d42d2bc75ec3257fb3a971a73efeb8c85097cd1f95de80b93b1e3a23057aa,993c448af3185f955bea7f7718c1849837b7d9957366bbf3d8fcd618f208915b,0.2348111658456486,0.2348111658456486,0.0,0.2348111658456486,0.2348111658456486,0.7651888341543513,3,torque_limited,0.06,4,13,8,0.6153846153846154,1.0063697524089565
KIT_572_dance_chacha15_poses_100_jpos,50.0,834,0.0,symmetric,0.0,50,severe,c7f9572003be73f78e990c5f4232f6e11ed1e4d6feb662d74a59bcff610aac0d,1bbc5541c8d859af59bfa2352178c91fd5edd6ecf902a616fb590bb27a854dba,993c448af3185f955bea7f7718c1849837b7d9957366bbf3d8fcd618f208915b,0.004796163069544364,0.004796163069544364,0.0,0.004796163069544364,0.004796163069544364,0.9952038369304557,2,torque_limited,0.06,3,17,14,0.8235294117647058,0.3413573424974472
BMLmovi_Subject_34_F_MoSh_Subject_34_F_20_poses_120_jpos,50.0,284,0.0,symmetric,0.0,50,severe,b1601c9186f96253122c916d0470e9d0ba37e693021c0b23fbf2670a3494edb4,6b5d3e101f25d8058c799212bd843bb39c410350067b9cb8586747b4c4510827,993c448af3185f955bea7f7718c1849837b7d9957366bbf3d8fcd618f208915b,0.0,0.0,0.0,0.0,0.0,1.0,0,torque_limited,0.06,1,6,6,1.0,0.030742033845157515
KIT_3_parkour05_poses_100_jpos,50.0,722,0.0,symmetric,0.0,50,severe,68164515ab952c9dfc2ee3ec7dd287c61cc2b69ce87c2204a2aa2feea8d24d71,351b970d4e75f48a129a0a65f949adfac82879dab86ab5ab22a68feb4f05c9a5,993c448af3185f955bea7f7718c1849837b7d9957366bbf3d8fcd618f208915b,0.0,0.0,0.0,0.0,0.0,1.0,0,torque_limited,0.06,1,15,15,1.0,0.09600197540904495
KIT_359_walking_fast01_poses_100_jpos,50.0,188,0.0,symmetric,0.0,50,severe,7e2f302ad78c1313f5e98ff812bb1cab20e84cb2b630fe48f9e4f9ea0ac2875b,ff38a7cd7c00b94f3ffb6deedca562635aa01c713afffc6a943e35c23691b3ae,993c448af3185f955bea7f7718c1849837b7d9957366bbf3d8fcd618f208915b,0.10106382978723404,0.11170212765957446,0.0,0.11170212765957446,0.11170212765957446,0.8882978723404256,4,torque_limited,0.06,5,4,1,0.25,1.0090449666918522
CMU_122_122_34_poses_120_jpos,50.0,403,0.0,symmetric,0.0,50,severe,bded7962988650949096a7ed2685e92a0a81d1767a501b20728d0aaa93f68a96,de4a8e0d029be3c297de8a4b4ceb531325d22b910ddf418e38d566f6f7ab9c4c,993c448af3185f955bea7f7718c1849837b7d9957366bbf3d8fcd618f208915b,0.4317617866004963,0.4317617866004963,0.0,0.4317617866004963,0.4317617866004963,0.5682382133995038,1,torque_limited,0.06,1,9,4,0.4444444444444444,1.1117579082162738
GRAB_s2_camera_pass_1,50.0,363,0.0,symmetric,0.0,50,severe,9ec1228d2d2e87c1f0d2f1c3c88a37c7894a89373109ff5babf9470ab3b04d1c,c58a94771809b005558a8862cd5e0b350b736540628fc4ba915749bceb22d069,993c448af3185f955bea7f7718c1849837b7d9957366bbf3d8fcd618f208915b,0.0,0.0,0.0,0.0,0.0,1.0,0,torque_limited,0.06,1,8,8,1.0,0.012596437537747245
KIT_424_step_over_gap05_poses_100_jpos,50.0,260,0.0,symmetric,0.0,50,severe,45872cbff59a711c5a0b7b1a432937c968f31f3c59d72c27a829878152e0cc46,1446ca1ca9113a6a60df7ed5512252fef0a7dd345d36b501c789fae9724c5b7a,993c448af3185f955bea7f7718c1849837b7d9957366bbf3d8fcd618f208915b,0.0,0.0,0.0,0.0,0.0,1.0,0,torque_limited,0.06,1,6,6,1.0,0.06049041667095388
GRAB_s3_toothbrush_brush_1,50.0,323,0.0,symmetric,0.0,50,severe,75f2c209992146a8c9757e7b2b48d6a23245ea1b927683d284db2b1fb6e8ed72,6c60506d7497866205d385f456302995ea10171de664b9b4814d9e36452b6a79,993c448af3185f955bea7f7718c1849837b7d9957366bbf3d8fcd618f208915b,0.0,0.0,0.0,0.0,0.0,1.0,0,torque_limited,0.06,1,7,7,1.0,0.0519450179044482
KIT_4_WalkInClockwiseCircle07_poses_100_jpos,50.0,403,0.0,symmetric,0.0,50,severe,b9d6766ea32d6b12ba9bf55f7a2b73e5283ac0bf32d9448da2f77156f54b51c2,734bc9edabff33b69a8e37a8c6fd22c694effd64c4c929235b820066756b9269,993c448af3185f955bea7f7718c1849837b7d9957366bbf3d8fcd618f208915b,0.0,0.0,0.0,0.0,0.0,1.0,0,torque_limited,0.06,1,9,9,1.0,0.04124416077286676
KIT_291_push_recovery_right03_poses_100_jpos,50.0,283,0.0,symmetric,0.0,50,severe,3da08fe1186f7c381989cc50b11a377cd64cb6be566f939eb019b46d76cea8d2,7575e0257ff468b461690da3223feab97caf53040a67047376cb3fec229eda5a,993c448af3185f955bea7f7718c1849837b7d9957366bbf3d8fcd618f208915b,0.0,0.0,0.0,0.0,0.0,1.0,0,torque_limited,0.06,1,6,6,1.0,0.09190507582152518
KIT_675_walk_with_handrail_table_right009_poses_100_jpos,50.0,285,0.0,symmetric,0.0,50,severe,c62b2d8f1b03f534487eaffb78b603fb65043e49a1198910844672795fe31f57,99d6f0457e94a71ae8706e02db7e7adbd5aaf9cb0ba76b2f2896bba12d4bb507,993c448af3185f955bea7f7718c1849837b7d9957366bbf3d8fcd618f208915b,0.031578947368421054,0.031578947368421054,0.0,0.031578947368421054,0.031578947368421054,0.968421052631579,1,torque_limited,0.06,2,6,5,0.8333333333333334,0.4575686509464229
Eyes_Japan_Dataset_takiguchi_throw_toss-16-pass_to_left_heavy-takiguchi_poses_120_jpos,50.0,1244,0.0,symmetric,0.0,50,severe,86b8627793ba56adfcd9a28e300a8f44422270fa4a0c6b2d3e8351eab090cfdf,677f4901fba88a957d279c076884b1ac0f863b29f51c30983874453bfe3fb499,993c448af3185f955bea7f7718c1849837b7d9957366bbf3d8fcd618f208915b,0.0,0.0,0.0,0.0,0.0,1.0,0,torque_limited,0.06,1,25,25,1.0,0.25498613850682644
KIT_167_parkour04_poses_100_jpos,50.0,455,0.0,symmetric,0.0,50,severe,8f8de67421893ea08e8115a1481f1fe3f9b4a7b7182a6e16505947466b5dcaa5,5938ab26e8c52c9a0db40e72c0bd9cf1a3aceb6dba191b2ba16052d6f162e9b2,993c448af3185f955bea7f7718c1849837b7d9957366bbf3d8fcd618f208915b,0.041758241758241756,0.041758241758241756,0.0,0.041758241758241756,0.041758241758241756,0.9582417582417583,4,torque_limited,0.06,5,10,7,0.7,0.32013907149939796
KIT_3_tennis_smash_right05_poses_100_jpos,50.0,295,0.0,symmetric,0.0,50,severe,ee3fa031cb4722d73250324c680fa2ba01e55fecb62fe627f93c0370b9b66e73,b47e4c8eafc79b33d00079441f94c2a72b6e47881d7d931811dc766611d98e62,993c448af3185f955bea7f7718c1849837b7d9957366bbf3d8fcd618f208915b,0.020338983050847456,0.04406779661016949,0.0,0.04406779661016949,0.04406779661016949,0.9559322033898305,4,torque_limited,0.06,5,6,4,0.6666666666666666,0.4633471137974767
KIT_3_golf_drive01_poses_100_jpos,50.0,315,0.0,symmetric,0.0,50,severe,c856d6ba5d6b54e4201f4199906cf63dc6fe0ed515bf461db52f7cd622b739d3,486c11ffa0c40f07e53901af90bcb9c64ba7bdffa09de231ba4b895f376eca43,993c448af3185f955bea7f7718c1849837b7d9957366bbf3d8fcd618f208915b,0.0,0.015873015873015872,0.006349206349206349,0.022222222222222223,0.022222222222222223,0.9777777777777777,1,torque_limited,0.06,2,7,6,0.8571428571428571,0.39030612040505347
BMLmovi_Subject_41_F_MoSh_Subject_41_F_17_poses_120_jpos,50.0,129,0.0,symmetric,0.0,50,severe,0d50194d2728baf074a6f52019992985aea31922ec472cd692662188e15a7b6a,dad5c214b843c6675bac368cce78654b8afbb4f20bc4053b88c1ac0366a444f9,993c448af3185f955bea7f7718c1849837b7d9957366bbf3d8fcd618f208915b,0.3875968992248062,0.3875968992248062,0.0,0.3875968992248062,0.3875968992248062,0.6124031007751938,1,torque_limited,0.06,2,3,1,0.3333333333333333,1.0545541833785919
Eyes_Japan_Dataset_kanno_greeting-03-election-kanno_poses_120_jpos,50.0,1687,0.0,symmetric,0.0,50,severe,42c8238213b6b08ff1b4803bb5d03858af4c663de589f0bc08abf952aa6afb2e,8ed0541f1e4f46544b75d6410f9104ae28b28f7c2c3e15fabb44b3120fb376a4,993c448af3185f955bea7f7718c1849837b7d9957366bbf3d8fcd618f208915b,0.007113218731475993,0.007113218731475993,0.0,0.007113218731475993,0.007113218731475993,0.992886781268524,1,torque_limited,0.06,2,34,33,0.9705882352941176,0.07888060399851465
KIT_183_parkour02_poses_100_jpos,50.0,664,0.0,symmetric,0.0,50,severe,20c13cb5b4c4877ed23b813cf8c47cb7c6127b68e0bd2a2cf353a39abb1b6512,3fb8d9db207f70e1d7e5bb522608c3601077e4f66fbf52617e4a61a3ee3a69d3,993c448af3185f955bea7f7718c1849837b7d9957366bbf3d8fcd618f208915b,0.0,0.0030120481927710845,0.0,0.0030120481927710845,0.0030120481927710845,0.9969879518072289,1,torque_limited,0.06,2,14,13,0.9285714285714286,0.06629945339952677
BMLhandball_S09_Novice_Trial_upper_right_left_234_poses_120_jpos,50.0,492,0.0,symmetric,0.0,50,severe,569631a68f6ae64a8fa1d2d9830acc4c8db97dfb02707d245a6c8c6f50869516,c0e1aafb59710d8eea7de291de49a43383066a3dee44398733a7f95d696844f5,993c448af3185f955bea7f7718c1849837b7d9957366bbf3d8fcd618f208915b,0.0,0.0,0.0,0.0,0.0,1.0,0,torque_limited,0.06,1,10,10,1.0,0.12559748884724733
DFaust_67_50020_50020_knees_poses_60_jpos,50.0,429,0.0,symmetric,0.0,50,severe,8511600733bbba46c24e8cd0d84601c11dfffdb170d3cb18571873c2a347692e,7b58c11e624525bf63fe36661a6cc045792a4629fa83ae7358288d16d37cd327,993c448af3185f955bea7f7718c1849837b7d9957366bbf3d8fcd618f208915b,0.0,0.0,0.0,0.0,0.0,1.0,0,torque_limited,0.06,1,9,9,1.0,0.05228133055715506
GRAB_s7_pyramidlarge_inspect_1,50.0,404,0.0,symmetric,0.0,50,severe,8366728a94a5bbb98b29602e18fb6c2597215d80b6751c7699cb37c042189a16,a51840d9534a7cae267119766c9d6c9b75cc2c19f63423d2db28a1fc5024d981,993c448af3185f955bea7f7718c1849837b7d9957366bbf3d8fcd618f208915b,0.0,0.0,0.0,0.0,0.0,1.0,0,torque_limited,0.06,1,9,9,1.0,0.05070677586493664
CMU_120_120_21_poses_120_jpos,50.0,1297,0.0,symmetric,0.0,50,severe,50bb15490996f54b5765565b162c5a981788e922232d1b873c9c14e0ebd0130a,c2a03038b690e67b102db105f4b49942434409b26ec89541af7991a94a2b041c,993c448af3185f955bea7f7718c1849837b7d9957366bbf3d8fcd618f208915b,0.2413261372397841,0.2413261372397841,0.0,0.2413261372397841,0.2413261372397841,0.7586738627602159,7,torque_limited,0.06,8,26,15,0.5769230769230769,1.0215955434133213
Eyes_Japan_Dataset_kanno_accident-13-damage_back-kanno_poses_120_jpos,50.0,1488,0.0,symmetric,0.0,50,severe,4ff31257a44ef94c77c3fc2ce61a09e73bb59945286f87ac35b02c4dabfb36c6,9c63f464cb6db966ee76a3661b7509b9165bf9a060a8faab82f515b19cf2eb00,993c448af3185f955bea7f7718c1849837b7d9957366bbf3d8fcd618f208915b,0.009408602150537635,0.009408602150537635,0.0,0.009408602150537635,0.009408602150537635,0.9905913978494624,2,torque_limited,0.06,3,30,29,0.9666666666666667,0.13217087251379014
KIT_314_walking_run04_poses_100_jpos,50.0,192,0.0,symmetric,0.0,50,severe,6f8bbd47775abe1ee402d4bb85619cbc89a0681aaa0838f755e9b12e692c36e5,f3898dfb0d39d445729b1847bc3b533ee4095a2d877ca848e274ae8967ae948d,993c448af3185f955bea7f7718c1849837b7d9957366bbf3d8fcd618f208915b,0.11458333333333333,0.057291666666666664,0.0,0.057291666666666664,0.057291666666666664,0.9427083333333334,2,torque_limited,0.06,3,4,2,0.5,0.6670761466440245
CMU_40_40_11_poses_120_jpos,50.0,2508,0.0,symmetric,0.0,50,severe,8e476b59513cf07e7ffe2214ea593157afa759fa108b55d7d6c433c42e7d0fc1,5bc0b84cef244d2b3ee8f5cecb2e8582712640f737e306598f74b6d0ed570aae,993c448af3185f955bea7f7718c1849837b7d9957366bbf3d8fcd618f208915b,0.0,0.0,0.0,0.0,0.0,1.0,0,torque_limited,0.06,1,51,51,1.0,0.04586081627820619
KIT_9_walking_run05_poses_100_jpos,50.0,228,0.0,symmetric,0.0,50,severe,95079b745906920e5da5b027c50dc9628c98bc489cb26b8ad348df078dd4ff34,c732f6c9bfb5525857cc2d4536f707f9cefd27a6a29bbf472adb41d5a8de6bf1,993c448af3185f955bea7f7718c1849837b7d9957366bbf3d8fcd618f208915b,0.0,0.0,0.0,0.0,0.0,1.0,0,torque_limited,0.06,1,5,5,1.0,0.13715441454935529
GRAB_s6_train_pass_1,50.0,411,0.0,symmetric,0.0,50,severe,e597fbd22491030a0be12f1b11a1920ffaf4538ba1314d33139f64243414bd7d,a38666d3d25b3e7ffcabb8af179fbd296e15d360721fa8c9d2ed1564932b0c68,993c448af3185f955bea7f7718c1849837b7d9957366bbf3d8fcd618f208915b,0.0,0.0,0.0,0.0,0.0,1.0,0,torque_limited,0.06,1,9,9,1.0,0.04769524892933444
BMLhandball_S09_Novice_Trial_upper_left_209_poses_120_jpos,50.0,415,0.0,symmetric,0.0,50,severe,47e00a578fff5fceea0bc09888b90fba98e01754b9661f8ef6c662bec9eea391,1e9cf112ca62b54a5b4f914c2311a90cf2697892b03e60abd624b99eb5c6de4f,993c448af3185f955bea7f7718c1849837b7d9957366bbf3d8fcd618f208915b,0.0,0.012048192771084338,0.0,0.012048192771084338,0.012048192771084338,0.9879518072289156,2,torque_limited,0.06,3,9,8,0.8888888888888888,0.22114085609351025
Eyes_Japan_Dataset_kawaguchi_throw_toss-17-pass_to_back_light-kawaguchi_poses_120_jpos,50.0,996,0.0,symmetric,0.0,50,severe,8f13162305d42b4a3c43b75dc6953cad93aa756443f683f87ade3abf1a3db310,7d9ebd4a70755ab1a0c7d3bc65670823528251a1bf350d9d0fb296871d527d49,993c448af3185f955bea7f7718c1849837b7d9957366bbf3d8fcd618f208915b,0.0,0.0,0.0,0.0,0.0,1.0,0,torque_limited,0.06,1,20,20,1.0,0.10058805703686557
KIT_572_jump_right03_poses_100_jpos,50.0,264,0.0,symmetric,0.0,50,severe,5ec4330f72cc3d6590d23f5f535034f52a13dbb71f82ba8746e55d1fd9bdcf8a,d24fe894cc54501fdf8e73759490e5dc5d3bb8a60fe2cdf9cd862dad2e43fba2,993c448af3185f955bea7f7718c1849837b7d9957366bbf3d8fcd618f208915b,0.056818181818181816,0.007575757575757576,0.0,0.007575757575757576,0.007575757575757576,0.9924242424242424,1,torque_limited,0.06,2,6,5,0.8333333333333334,0.30436295069969505
BMLhandball_S09_Novice_Trial_upper_right_left_181_poses_120_jpos,50.0,456,0.0,symmetric,0.0,50,severe,9c4563e07337e3f48ad9ff596a329aad429448bf0b7643fd7ea3cbf73d3af85c,68ec90be894fcdc7019a89cee3ecdee723d11ebe2e1bf5e1d5df3cf608e735f6,993c448af3185f955bea7f7718c1849837b7d9957366bbf3d8fcd618f208915b,0.0,0.0,0.0,0.0,0.0,1.0,0,torque_limited,0.06,1,10,10,1.0,0.15371016922578776
GRAB_s3_hand_pass_1,50.0,366,0.0,symmetric,0.0,50,severe,ceb16a3c345543c6a5737e95335242dd210993ebf3d31a34d399f082b7df765c,252393346e52a10ef33c3e1b53e1d1fcaaecf0bebba69c7bd0bc3e914a694482,993c448af3185f955bea7f7718c1849837b7d9957366bbf3d8fcd618f208915b,0.0,0.0,0.0,0.0,0.0,1.0,0,torque_limited,0.06,1,8,8,1.0,0.08308451215735022
KIT_3_kneel_up_with_left_hand05_poses_100_jpos,50.0,193,0.0,symmetric,0.0,50,severe,314874706168016df1dcfb82c59693b510ecaf853c29e7f1fc555ad8d3e1b228,618c9ca7b916b8f10eb61be1eae95ff2a4d89bfa987a150de38e478a01002e25,993c448af3185f955bea7f7718c1849837b7d9957366bbf3d8fcd618f208915b,0.03626943005181347,0.03626943005181347,0.0,0.03626943005181347,0.03626943005181347,0.9637305699481865,1,torque_limited,0.06,2,4,3,0.75,0.17732848960906336
KIT_317_walking_run09_poses_100_jpos,50.0,200,0.0,symmetric,0.0,50,severe,ef0f05d20456a47b5597d52b8ae4fe3a6f5df7122f73907fbe7094dccfedaab3,b85abaea12357ef49e8a8176c62703978020b7e62f28e7e152330c27cf58ffae,993c448af3185f955bea7f7718c1849837b7d9957366bbf3d8fcd618f208915b,0.03,0.03,0.0,0.03,0.03,0.97,1,torque_limited,0.06,2,4,2,0.5,0.1909338651049317
CMU_132_132_43_poses_120_jpos,50.0,335,0.0,symmetric,0.0,50,severe,edee0ed8373d0e2c3415e70eb00f560be955718a3c5f2934973870b65f70a197,0f87a869b2eed761492c491a5e409be34013d78f2aa75bf506a8b43b9b23e65b,993c448af3185f955bea7f7718c1849837b7d9957366bbf3d8fcd618f208915b,0.0,0.0,0.0,0.0,0.0,1.0,0,torque_limited,0.06,1,7,7,1.0,0.09743894765242879
CMU_30_30_09_poses_120_jpos,50.0,1566,0.0,symmetric,0.0,50,severe,89efa2780990fad739580ddedc2907250dce3f37e2be409439469848ea298818,f6ea57ed2850eb0e0ca497c012bcd333f85af4ac25708db778ad41b76bd0ac6c,993c448af3185f955bea7f7718c1849837b7d9957366bbf3d8fcd618f208915b,0.0,0.0,0.0,0.0,0.0,1.0,0,torque_limited,0.06,1,32,32,1.0,0.05916045299888598
KIT_379_push_recovery_front01_poses_100_jpos,50.0,200,0.0,symmetric,0.0,50,severe,7bcf9f52791cb322855c2f2a5a0e2369c7b54c1b399a4c221a42681c366dc0f5,4448f98faee8180a949add95ab0005c370949755481a638fdc5dc71a6ed037b6,993c448af3185f955bea7f7718c1849837b7d9957366bbf3d8fcd618f208915b,0.0,0.01,0.0,0.01,0.01,0.99,1,torque_limited,0.06,2,4,3,0.75,0.30477569804619875
BMLmovi_Subject_53_F_MoSh_Subject_53_F_3_poses_120_jpos,50.0,259,0.0,symmetric,0.0,50,severe,b57570a4f860ca9351fe0464dec47f51c5b251ca56ad67b87a8dc5320f81ce41,b35f03c1aa4ebd4d96a24953739adceb9f08bbb8d6d5f521fc7acffccc02ba01,993c448af3185f955bea7f7718c1849837b7d9957366bbf3d8fcd618f208915b,0.019305019305019305,0.019305019305019305,0.0,0.019305019305019305,0.019305019305019305,0.9806949806949807,1,torque_limited,0.06,2,6,5,0.8333333333333334,0.11908525293574207
KIT_167_walking_run08_poses_100_jpos,50.0,218,0.0,symmetric,0.0,50,severe,488fb67a683cd7e4f1b2ca0f0e690b114a43bec8e71127c5d5264ed9173983c8,e98ce38da1eee934d1d9cb6e52eb553d9d6ee7a9d3829765fb96dac2b3a497ee,993c448af3185f955bea7f7718c1849837b7d9957366bbf3d8fcd618f208915b,0.0779816513761468,0.03211009174311927,0.0,0.03211009174311927,0.03211009174311927,0.9678899082568807,2,torque_limited,0.06,3,5,3,0.6,0.29962399968428044
ACCAD_MartialArtsWalksTurns_c3d_E2_-_Turn_around_left_poses_120_jpos,50.0,654,0.0,symmetric,0.0,50,severe,34e95f913226b3066fde3a2411ae6edb79bde210d5883bd950c628b35bdc8f59,f24f217efaf89f1469c406c085465f821ea1ce1225bef69ce12cc8ba5d49b3ee,993c448af3185f955bea7f7718c1849837b7d9957366bbf3d8fcd618f208915b,0.0,0.0,0.0,0.0,0.0,1.0,0,torque_limited,0.06,1,14,14,1.0,0.012061394681168278
BMLhandball_S05_Novice_Trial_upper_left_right_013_poses_120_jpos,50.0,345,0.0,symmetric,0.0,50,severe,215afdc43f88beffa0d7034e41110efcd5cdbfd7ebc933b96d36118cb3ca88ee,e1f6d799d04486f555ea913aade25aff363deff8948e96be5ed66f20d9bff974,993c448af3185f955bea7f7718c1849837b7d9957366bbf3d8fcd618f208915b,0.0,0.008695652173913044,0.0,0.008695652173913044,0.008695652173913044,0.991304347826087,1,torque_limited,0.06,2,7,6,0.8571428571428571,0.3978272942746794
KIT_425_step_over_gap05_poses_100_jpos,50.0,284,0.0,symmetric,0.0,50,severe,ecf6ddf06febf815e847f6bfde340fdf5d9c57a7b87ab8003fafdf0e69ac81eb,b5ac376de54016030d725f1e9cc373dc4d3b01286eef3b2d0d6c392c989787a2,993c448af3185f955bea7f7718c1849837b7d9957366bbf3d8fcd618f208915b,0.0,0.0,0.0,0.0,0.0,1.0,0,torque_limited,0.06,1,6,6,1.0,0.06562682809411276
CMU_132_132_19_poses_120_jpos,50.0,113,0.0,symmetric,0.0,50,severe,f874f1a8bc1ac66b47f8e64095378c7d97be5a3c569350dc34f9496b96dc1c47,f05b2512af568997d0600cc29e010b4be01699f656a66a474154446f61dece54,993c448af3185f955bea7f7718c1849837b7d9957366bbf3d8fcd618f208915b,0.0,0.0,0.0,0.0,0.0,1.0,0,torque_limited,0.06,1,3,3,1.0,0.10456266111431006
KIT_379_push_recovery_stand_right07_poses_100_jpos,50.0,175,0.0,symmetric,0.0,50,severe,2510847b09b4d3cefbefc5d373c851229e109ebe7d515b6c4814bdc1c7eb091c,d420a614df06921a7d2d74eae901d968b1bcdaa78ccb7ee245a5dff8f487532e,993c448af3185f955bea7f7718c1849837b7d9957366bbf3d8fcd618f208915b,0.05714285714285714,0.02857142857142857,0.0,0.02857142857142857,0.02857142857142857,0.9714285714285714,2,torque_limited,0.06,3,4,2,0.5,0.3191301335412772
KIT_183_walking_run02_poses_100_jpos,50.0,210,0.0,symmetric,0.0,50,severe,0c17ac153e2d6a6ab3891267d999b3a8fa0d14189318206dcf2e8dcb963e1f0c,e52323ac02696bcd0586636b8728e8994c1cef4e8bffe7bbb026a392f46b80af,993c448af3185f955bea7f7718c1849837b7d9957366bbf3d8fcd618f208915b,0.19523809523809524,0.17142857142857143,0.0,0.17142857142857143,0.17142857142857143,0.8285714285714286,5,torque_limited,0.06,6,5,3,0.6,1.4380881899132303
CMU_18_19_Justin_18_15_poses_120_jpos,50.0,640,0.0,symmetric,0.0,50,severe,181629764bea486d85ad94582ddeb05f5a11cdedcb2293190c2fac4ee22891b4,64c1a8d8d81712d199f696a889fcc1cdd98246357e4ceaffd315d067ee973b5b,993c448af3185f955bea7f7718c1849837b7d9957366bbf3d8fcd618f208915b,0.109375,0.11875,0.0,0.11875,0.11875,0.88125,4,torque_limited,0.06,5,13,9,0.6923076923076923,1.1173682147409747
KIT_183_walking_run06_poses_100_jpos,50.0,183,0.0,symmetric,0.0,50,severe,459d9993398e78bfc04a78cc80730fce45de6d863b4b6e5010faa5de998e1866,68b05c6920e157c74ce890b66c9c6be66af3b7b129466fb42e66506c96d628b9,993c448af3185f955bea7f7718c1849837b7d9957366bbf3d8fcd618f208915b,0.0546448087431694,0.04918032786885246,0.0,0.04918032786885246,0.04918032786885246,0.9508196721311475,3,torque_limited,0.06,4,4,2,0.5,0.35303656370963205
BMLhandball_S06_Novice_Trial_upper_right_217_poses_120_jpos,50.0,411,0.0,symmetric,0.0,50,severe,5c603d9caccd039de5f96f7efce1a949a72885421960e6cc60595766e1be0cbc,a45d36d6c6799f9b2efa39a2bc3e6441161216538d75ec0ccf3addd6c87c6bd0,993c448af3185f955bea7f7718c1849837b7d9957366bbf3d8fcd618f208915b,0.0,0.0267639902676399,0.0,0.0267639902676399,0.0267639902676399,0.9732360097323601,1,torque_limited,0.06,2,9,8,0.8888888888888888,0.2820440201109681
KIT_3_turn_right10_poses_100_jpos,50.0,259,0.0,symmetric,0.0,50,severe,e06d42c9b1582eab6ee2133735de9ac6e82e714790d17f7052f2a815c4c32c1e,cdfac2643aaca40f27b0d83e9986f8d66cd9ce322be94ca0e5fe05f362c0c143,993c448af3185f955bea7f7718c1849837b7d9957366bbf3d8fcd618f208915b,0.0,0.0,0.0,0.0,0.0,1.0,0,torque_limited,0.06,1,6,6,1.0,0.09493188969588678
CMU_63_63_27_poses_120_jpos,50.0,237,0.0,symmetric,0.0,50,severe,7fb877451fff099702a630f865f7ecba530c613736706f878485be15fb3c2f01,5ecc72a1048fdb3f6b770c3ef5b828a4fec5d094cbd58610788ec1f4a53fe819,993c448af3185f955bea7f7718c1849837b7d9957366bbf3d8fcd618f208915b,0.04219409282700422,0.04219409282700422,0.0,0.04219409282700422,0.04219409282700422,0.9578059071729957,1,torque_limited,0.06,2,5,4,0.8,0.127798808028601
KIT_379_push_recovery_back10_poses_100_jpos,50.0,200,0.0,symmetric,0.0,50,severe,70faedc10e904ead8ec1822d3c7850ac151c2814e400225db9dec007049a6896,6c03e3780b8435c0d1e17db4eb251cc5e187035f4aa0f3d715ee989ae18ba3e4,993c448af3185f955bea7f7718c1849837b7d9957366bbf3d8fcd618f208915b,0.0,0.0,0.0,0.0,0.0,1.0,0,torque_limited,0.06,1,4,4,1.0,0.07458497420712257
KIT_421_push_recovery_front02_poses_100_jpos,50.0,375,0.0,symmetric,0.0,50,severe,a513c7d2ab3dfc5c7cb554345e74b5309e6277e39b4f12da0f349f2bec207c36,4dfb3b8e93d59b7695d2e8fc325d7ca54fe54e7ed1dea684bec686b542351a64,993c448af3185f955bea7f7718c1849837b7d9957366bbf3d8fcd618f208915b,0.0,0.0,0.0,0.0,0.0,1.0,0,torque_limited,0.06,1,8,8,1.0,0.06460260319723313
BMLmovi_Subject_32_F_MoSh_Subject_32_F_19_poses_120_jpos,50.0,285,0.0,symmetric,0.0,50,severe,75839586df33bff27c78190679fecfd0e495435037d793f0c30fc51e990f1bdb,6c93c3d0161621316ee367686f78f44576c312ac744e4fdc495cfddd144dd2f4,993c448af3185f955bea7f7718c1849837b7d9957366bbf3d8fcd618f208915b,0.0,0.0,0.0,0.0,0.0,1.0,0,torque_limited,0.06,1,6,6,1.0,0.16858436063868598
BMLmovi_Subject_72_F_MoSh_Subject_72_F_5_poses_120_jpos,50.0,319,0.0,symmetric,0.0,50,severe,5864f06e9bfc55a8056b900f3a2e83b89bfbbe35891cdce97dac80201f349c41,81391505535443f5597b9a95cc5f1ff57e36ef5ff923e9ec3f1df117a3887a37,993c448af3185f955bea7f7718c1849837b7d9957366bbf3d8fcd618f208915b,0.02821316614420063,0.02821316614420063,0.0,0.02821316614420063,0.02821316614420063,0.9717868338557993,1,torque_limited,0.06,2,7,6,0.8571428571428571,0.1799272691981622
KIT_3_walking_fast05_poses_100_jpos,50.0,189,0.0,symmetric,0.0,50,severe,4587080d188b7adcfb624fb16725e1ccd71ad500786d09f1fafacdac9c189f6e,b0616a8575f3851d41eecf8c9ffd55ab9b7d34f586635aae2a63f973ed9266b3,993c448af3185f955bea7f7718c1849837b7d9957366bbf3d8fcd618f208915b,0.0,0.0,0.0,0.0,0.0,1.0,0,torque_limited,0.06,1,4,4,1.0,0.06059742524226978
CMU_02_02_08_poses_120_jpos,50.0,625,0.0,symmetric,0.0,50,severe,8b7e666a57469403a822ab2f49084f39c8939b59cdf9b2c435223caa94af1887,61f687cdcd684980275574bca7ce7419e17c781ea512110d355e9472458c0525,993c448af3185f955bea7f7718c1849837b7d9957366bbf3d8fcd618f208915b,0.1168,0.1168,0.0,0.1168,0.1168,0.8832,3,torque_limited,0.06,4,13,8,0.6153846153846154,1.0249586699403896
KIT_379_push_recovery_stand_left10_poses_100_jpos,50.0,138,0.0,symmetric,0.0,50,severe,d2ba3b4f6976236aac0e16a90039f136872ab99ce521470a5392e31ceef6192e,6dca7a2451ebb20351d583195d800d5288fc2203ea03052300e6a50bd6a1cae1,993c448af3185f955bea7f7718c1849837b7d9957366bbf3d8fcd618f208915b,0.014492753623188406,0.007246376811594203,0.0,0.007246376811594203,0.007246376811594203,0.9927536231884058,1,torque_limited,0.06,2,3,2,0.6666666666666666,0.21429230752929834
Eyes_Japan_Dataset_shiono_gesture_etc-35-west_side-shiono_poses_120_jpos,50.0,1500,0.0,symmetric,0.0,50,severe,fe2a2504402612080b06d5c0448b8a920ae4a28137e667380f9d4654a5308b04,8f545d99f4251ca2d86bc85764366c58a5aa509294d58f60abb9c60b1606586f,993c448af3185f955bea7f7718c1849837b7d9957366bbf3d8fcd618f208915b,0.002,0.002,0.0,0.002,0.002,0.998,1,torque_limited,0.06,2,30,29,0.9666666666666667,0.13055045700529364
HUMAN4D_Subject3_Medhi_RGB_TalkingWalking_S3_01_poses_120_jpos,50.0,1224,0.0,symmetric,0.0,50,severe,f3f0440cc49685fdbbb6163a332bac1d2af768375d132a2b50ea83351aa1b82f,ef7a648d6056c83c29f6db5bd29f9c3048fe279a162df6fb99128b93b4a62cb9,993c448af3185f955bea7f7718c1849837b7d9957366bbf3d8fcd618f208915b,0.11356209150326797,0.16666666666666666,0.0,0.16666666666666666,0.16666666666666666,0.8333333333333334,21,torque_limited,0.06,22,25,7,0.28,1.0212898046381331
KIT_378_push_recovery_front04_poses_100_jpos,50.0,350,0.0,symmetric,0.0,50,severe,979b23e30466279d52e81e92d9c52918e1228d0626f870e2f120599ea8c7a9e8,28d7313cae9b1303b3c2a6f0040954044ba67976e507fc0af9287e0c218be952,993c448af3185f955bea7f7718c1849837b7d9957366bbf3d8fcd618f208915b,0.0,0.0,0.0,0.0,0.0,1.0,0,torque_limited,0.06,1,7,7,1.0,0.139875489648529
ACCAD_MartialArtsWalksTurns_c3d_E1_-_Turn_around_right_poses_120_jpos,50.0,718,0.0,symmetric,0.0,50,severe,bd29075f2b7caf34eeced7ed0bed12c8c13452f962ef2f53efc40b86bfc91a7e,73d72e12c303c7070d33f45c963ff4610664aa241ee5d8f9f7038a06490927b0,993c448af3185f955bea7f7718c1849837b7d9957366bbf3d8fcd618f208915b,0.0,0.0,0.0,0.0,0.0,1.0,0,torque_limited,0.06,1,15,15,1.0,0.038798250571362394
CMU_06_06_01_poses_120_jpos,50.0,206,0.0,symmetric,0.0,50,severe,ea2457b4e131283541e98b396ddaf1812ed9f49d6f3b5d00b1a6e078bd5e7649,6184ae1200e1e44494b30f51e80591d1cdb8b8b97acdb7de1d3e1ef2f7f855c9,993c448af3185f955bea7f7718c1849837b7d9957366bbf3d8fcd618f208915b,0.0,0.0,0.0,0.0,0.0,1.0,0,torque_limited,0.06,1,5,5,1.0,0.07016704890565548
GRAB_s3_airplane_offhand_1,50.0,412,0.0,symmetric,0.0,50,severe,6aec07877b9e67b25cd569184a4a39f1cc3edbac31f36b87c4a7a920353868b9,86a37cc4856567977fcddfee8c85b4b2c229c2daaa66c658bf27e42a981961f2,993c448af3185f955bea7f7718c1849837b7d9957366bbf3d8fcd618f208915b,0.03640776699029126,0.03640776699029126,0.0,0.03640776699029126,0.03640776699029126,0.9635922330097088,1,torque_limited,0.06,2,9,7,0.7777777777777778,0.4897935178512421
KIT_167_walking_run10_poses_100_jpos,50.0,244,0.0,symmetric,0.0,50,severe,8c463043a60e1f3a72f8179dac42bba93e0155567c9f4e9da2ade896e989b838,45c49ffcedc15422c09c72d1066cd85d855e3de3419e00c2c0750a75f9b6d7a3,993c448af3185f955bea7f7718c1849837b7d9957366bbf3d8fcd618f208915b,0.11885245901639344,0.05737704918032787,0.0,0.05737704918032787,0.05737704918032787,0.9426229508196722,4,torque_limited,0.06,5,5,2,0.4,0.6120125932326616
CMU_83_83_15_poses_120_jpos,50.0,218,0.0,symmetric,0.0,50,severe,82f2a3e522db3d0156d60c049e48586438e128a194d4b865760222883bb329a5,c8d14cfcfcf9ed6406c8756d3ea9778b28b60b45b69608ae799ed3bedbaad96c,993c448af3185f955bea7f7718c1849837b7d9957366bbf3d8fcd618f208915b,0.4954128440366973,0.4954128440366973,0.0,0.4954128440366973,0.4954128440366973,0.5045871559633027,1,torque_limited,0.06,1,5,2,0.4,1.0031747822082415
BMLmovi_Subject_36_F_MoSh_Subject_36_F_21_poses_120_jpos,50.0,217,0.0,symmetric,0.0,50,severe,362deff25d367d13d2507a42d86f50b0aeba824cd69d54253613010ef3fed8ec,2a6d7f3dee056200d015cadf5cc5dd2ea6a8b357babd3f647d91deaa3eb9e4fc,993c448af3185f955bea7f7718c1849837b7d9957366bbf3d8fcd618f208915b,0.0,0.0,0.0,0.0,0.0,1.0,0,torque_limited,0.06,1,5,5,1.0,0.20301054672485921
KIT_359_bend_left06_poses_100_jpos,50.0,210,0.0,symmetric,0.0,50,severe,13245380633370359dd89812e1d95b7a4548dce651d8d7318fcd37d6d68c7362,5ae47dbd764dbb87e01a7081a5df3c3e0a7076dd719a47e9510b5f51be31e717,993c448af3185f955bea7f7718c1849837b7d9957366bbf3d8fcd618f208915b,0.06666666666666667,0.06666666666666667,0.0,0.06666666666666667,0.06666666666666667,0.9333333333333333,2,torque_limited,0.06,3,5,3,0.6,0.8999420847659995
KIT_11_WalkInCounterClockwiseCircle05_poses_100_jpos,50.0,348,0.0,symmetric,0.0,50,severe,1b72af6a6303b68ca34bc85e0a6c9ed31ea8456be97eb8851eb75fa33ddbd794,ca968475f527495e704fa6ec551806a6dc7ed18e797d51197fe8e77765a21800,993c448af3185f955bea7f7718c1849837b7d9957366bbf3d8fcd618f208915b,0.0,0.0,0.0,0.0,0.0,1.0,0,torque_limited,0.06,1,7,7,1.0,0.04503532158519846
ACCAD_Male2MartialArtsStances_c3d_D15_-_switch_stance_poses_120_jpos,50.0,153,0.0,symmetric,0.0,50,severe,6bb7417b8579275fe0919ef5579de4bddb14ce058767c65660681020e4758b09,74898d3316ff04e9a6d1c56f976079e57c1f1330a6288b7357b84202d54641e3,993c448af3185f955bea7f7718c1849837b7d9957366bbf3d8fcd618f208915b,0.0,0.0,0.0,0.0,0.0,1.0,0,torque_limited,0.06,1,4,4,1.0,0.13391358353236213
CMU_83_83_34_poses_120_jpos,50.0,403,0.0,symmetric,0.0,50,severe,9937a8ceb45174caf603ffa31a4e8f8dcb2596f27c96de289268feb07eecaedd,498ade2c19d5b5afa2da1f296614944a0944277f1c66c2f5d116ce65da37c48a,993c448af3185f955bea7f7718c1849837b7d9957366bbf3d8fcd618f208915b,0.4317617866004963,0.4317617866004963,0.0,0.4317617866004963,0.4317617866004963,0.5682382133995038,1,torque_limited,0.06,1,9,4,0.4444444444444444,1.1057654282225886
KIT_167_parkour06_poses_100_jpos,50.0,435,0.0,symmetric,0.0,50,severe,ac1acae2adf18112c4b7445b1a46f71c35afb483e87afb200a3a649905e6e17a,8e88c925d1064bd3c2a8c5b4f745e5fe2211d757a94f809cfeb567d728a21a24,993c448af3185f955bea7f7718c1849837b7d9957366bbf3d8fcd618f208915b,0.03908045977011494,0.041379310344827586,0.0,0.041379310344827586,0.041379310344827586,0.9586206896551724,3,torque_limited,0.06,4,9,7,0.7777777777777778,0.2760821139947995
KIT_3_throw_left02_poses_100_jpos,50.0,238,0.0,symmetric,0.0,50,severe,f6917395025d70e19745d91fbe16173f3451de4b1e350cb4aed08ef8afb18080,6a8a9cdc7e6bcdcdad831bfa3ee5eedc4a98642a067e6c7acfca25a070152059,993c448af3185f955bea7f7718c1849837b7d9957366bbf3d8fcd618f208915b,0.0,0.02100840336134454,0.0,0.02100840336134454,0.02100840336134454,0.9789915966386554,2,torque_limited,0.06,3,5,4,0.8,0.42346349057419636
KIT_3_kneel_up_from_crawl02_poses_100_jpos,50.0,223,0.0,symmetric,0.0,50,severe,44c8580c1275813852024b6a6d09b0fdbaf20b82169749b9482fcfb6a1a9e2c5,7d5ef3113617d9e10609b3761e3a7929e328fbac182e5e51673640350d1d9733,993c448af3185f955bea7f7718c1849837b7d9957366bbf3d8fcd618f208915b,0.026905829596412557,0.026905829596412557,0.0,0.026905829596412557,0.026905829596412557,0.9730941704035875,1,torque_limited,0.06,2,5,4,0.8,0.3122815849770653
BMLhandball_S07_Expert_Trial_upper_left_right_037_poses_120_jpos,50.0,666,0.0,symmetric,0.0,50,severe,399703c993ec37f4e15f7dfd63d2bb5f5f25a02f20356ced68fccfa0e2fad676,2f0e2d072481ec219b2430846b9d46922436493ecb6cc0b2dee9930b2084faa8,993c448af3185f955bea7f7718c1849837b7d9957366bbf3d8fcd618f208915b,0.0,0.012012012012012012,0.0,0.012012012012012012,0.012012012012012012,0.987987987987988,3,torque_limited,0.06,4,14,13,0.9285714285714286,0.3880589404074214
KIT_317_walking_run03_poses_100_jpos,50.0,174,0.0,symmetric,0.0,50,severe,3c946be66b5db47cc24d75455aa6820fd24791b6dc794e8e1db0cf6631dfbebc,e4fd143edc0033367ed672e320a07a6c59a881f5db16ec5f739aed953f121e73,993c448af3185f955bea7f7718c1849837b7d9957366bbf3d8fcd618f208915b,0.034482758620689655,0.028735632183908046,0.0,0.028735632183908046,0.028735632183908046,0.9712643678160919,1,torque_limited,0.06,2,4,3,0.75,0.20952278263636462
KIT_183_walking_run07_poses_100_jpos,50.0,191,0.0,symmetric,0.0,50,severe,664e285998b27573fd1645e2bbefeb9ea52eeb49ae9a97859fb563a026217063,bd56630935a6b67b4cb9c72001813611d6f05cbaf0c4cc08edaf7270ac228193,993c448af3185f955bea7f7718c1849837b7d9957366bbf3d8fcd618f208915b,0.24607329842931938,0.23036649214659685,0.0,0.23036649214659685,0.23036649214659685,0.7696335078534031,5,torque_limited,0.06,6,4,2,0.5,1.5178401494210307
SSM_synced_20161014_50033_ATUSquat_sync_poses_120_jpos,50.0,107,0.0,symmetric,0.0,50,severe,062c2c8012a80228afa185fbcc2c8f8fa24bd8a61c6ffb2077e3aa9728a3969e,a430efaf5841639205863fa78defc86d5e9bb07c21e4ad6dafaa1c2075532753,993c448af3185f955bea7f7718c1849837b7d9957366bbf3d8fcd618f208915b,0.2616822429906542,0.2616822429906542,0.0,0.2616822429906542,0.2616822429906542,0.7383177570093458,1,torque_limited,0.06,2,3,1,0.3333333333333333,1.554895688973821
KIT_425_walking_fast02_poses_100_jpos,50.0,211,0.0,symmetric,0.0,50,severe,100a886bbe98a553ce58485d17ec687b7b458a04b8a4cac898c295ed88b5688c,b5f7030e002aba30184934543440699733cf05066957d05b5d0759f5ef81202a,993c448af3185f955bea7f7718c1849837b7d9957366bbf3d8fcd618f208915b,0.0,0.0,0.0,0.0,0.0,1.0,0,torque_limited,0.06,1,5,5,1.0,0.06038340809963815
KIT_291_push_recovery_left07_poses_100_jpos,50.0,311,0.0,symmetric,0.0,50,severe,d89e5d282bc52dbbc88e6506012358b3dffd85bd7e62bb8ce27a8ce5792948f5,19b492fac7299ead27fe22f5afb8cfad705cd8ba46356c35ebe0d5e419f55a52,993c448af3185f955bea7f7718c1849837b7d9957366bbf3d8fcd618f208915b,0.0,0.0,0.0,0.0,0.0,1.0,0,torque_limited,0.06,1,7,7,1.0,0.061453493812796293
CMU_123_123_10_poses_120_jpos,50.0,333,0.0,symmetric,0.0,50,severe,462bf5f3ede3cb9e9184baf313eff3d0c15b651ba4e27f457805d133f60031ad,5939970dfc47e0c365f2471a2715fc753245362bb3d00832e99925e068afadf2,993c448af3185f955bea7f7718c1849837b7d9957366bbf3d8fcd618f208915b,0.0,0.0,0.0,0.0,0.0,1.0,0,torque_limited,0.06,1,7,7,1.0,0.04897935178512416
BMLhandball_S09_Novice_Trial_upper_left_188_poses_120_jpos,50.0,440,0.0,symmetric,0.0,50,severe,e6a43e22a7318f3b2f000246a0b7b2bf538da681c5d2da6709b058691fe050ac,0c095eb53df2dc866049c5c3e5735d7f715c733ad79d2a2dcb4e1bb10e27dd28,993c448af3185f955bea7f7718c1849837b7d9957366bbf3d8fcd618f208915b,0.0,0.011363636363636364,0.0,0.011363636363636364,0.011363636363636364,0.9886363636363636,1,torque_limited,0.06,2,9,8,0.8888888888888888,0.1943275655095186
BMLhandball_S09_Novice_Trial_upper_left_right_087_poses_120_jpos,50.0,523,0.0,symmetric,0.0,50,severe,ba1157ce17deffeeb756c25dfa9203e339390f818538999b80a44d0b1fc5fa68,e8db6353994246cf1f4345a700953c06dcd723f213513c33e2389d6f79423cb6,993c448af3185f955bea7f7718c1849837b7d9957366bbf3d8fcd618f208915b,0.05162523900573614,0.08221797323135756,0.0,0.08221797323135756,0.08221797323135756,0.9177820267686424,5,torque_limited,0.06,5,11,6,0.5454545454545454,0.8523079835916976
CMU_37_37_01_poses_120_jpos,50.0,213,0.0,symmetric,0.0,50,severe,bf39f4929044735c9868b7107e02b0741ad9c195dc1506c224aac648f2feb4b5,287352836204f9a14e37aa41e75c9f364113e3adf52d0657f202f83726709558,993c448af3185f955bea7f7718c1849837b7d9957366bbf3d8fcd618f208915b,0.0,0.0,0.0,0.0,0.0,1.0,0,torque_limited,0.06,1,5,5,1.0,0.07753535338768713
CMU_54_54_21_poses_120_jpos,50.0,2912,0.0,symmetric,0.0,50,severe,3f4deffe799babbab631c8b91597adde77f5f948d49708a0b25222d1b5f8adad,ecadaeb62a9bab5218a5a19a467130e923d58502bcee21c14a86deb83e8f4ba1,993c448af3185f955bea7f7718c1849837b7d9957366bbf3d8fcd618f208915b,0.11778846153846154,0.11778846153846154,0.0,0.11778846153846154,0.11778846153846154,0.8822115384615384,27,torque_limited,0.06,28,59,39,0.6610169491525424,0.9955924605835781
BMLhandball_S05_Novice_Trial_upper_left_right_007_poses_120_jpos,50.0,347,0.0,symmetric,0.0,50,severe,fb1118e44effd431f728051af27d2075e6acc08decd3a8df4809203dc2a086d4,220a5966bbb9eb359d5c804d3e6b4fc38653d1b2c21c8feed05118dfe0bfc4c6,993c448af3185f955bea7f7718c1849837b7d9957366bbf3d8fcd618f208915b,0.06051873198847262,0.069164265129683,0.0,0.069164265129683,0.069164265129683,0.930835734870317,4,torque_limited,0.06,5,7,5,0.7142857142857143,0.8589119411357643
KIT_425_walking_01_poses_100_jpos,50.0,330,0.0,symmetric,0.0,50,severe,e665f749324497e8387fb7fd9a7053710610a6ca0bfba0da544ac55c66c4c73a,4c0f40965fc8ae3289b0476e2ac561e6949affa765d5ebeb5a8ab7494b49c304,993c448af3185f955bea7f7718c1849837b7d9957366bbf3d8fcd618f208915b,0.10303030303030303,0.06666666666666667,0.0,0.06666666666666667,0.06666666666666667,0.9333333333333333,2,torque_limited,0.06,3,7,6,0.8571428571428571,0.9267400884112316
CMU_105_105_35_poses_120_jpos,50.0,1272,0.0,symmetric,0.0,50,severe,50c6ff0b6ea4cc097f8f5e1e285c823830dbfaab8660d2bc78546df98ab9f2da,4175b053fa814079657b655230ed0d7a02f2eb70ae4afa1d611f08b4a197b766,993c448af3185f955bea7f7718c1849837b7d9957366bbf3d8fcd618f208915b,0.0,0.0,0.0,0.0,0.0,1.0,0,torque_limited,0.06,1,26,26,1.0,0.06023053871204413
CMU_118_118_10_poses_120_jpos,50.0,218,0.0,symmetric,0.0,50,severe,54537c2f34542010bee001affc1bba6878c2f61589c8e8c94f0a183e76a1c669,4dde4a301e6903dbb503e77cc94a05fd34c733d9dda709bc0fc7f00147f42492,993c448af3185f955bea7f7718c1849837b7d9957366bbf3d8fcd618f208915b,0.06422018348623854,0.009174311926605505,0.0,0.009174311926605505,0.009174311926605505,0.9908256880733946,1,torque_limited,0.06,2,5,4,0.8,0.18292350919500508
CMU_118_118_19_poses_120_jpos,50.0,255,0.0,symmetric,0.0,50,severe,97de106944d5d93308fc711ef048708c4769caa6fc29958d607a11b13b96660f,f860b35a9bb6a55b6413b82e6b2299627f65190f4f1104d1cb419b80aa79436a,993c448af3185f955bea7f7718c1849837b7d9957366bbf3d8fcd618f208915b,0.07450980392156863,0.03137254901960784,0.0,0.03137254901960784,0.03137254901960784,0.9686274509803922,2,torque_limited,0.06,3,6,4,0.6666666666666666,0.25559761605720244
CMU_136_136_06_poses_120_jpos,50.0,393,0.0,symmetric,0.0,50,severe,50a3765514e5d0cade1d52ed658d5ffdc323c490cc5fbeb09f5b6340d879a10d,ef7bf9e4986ec2a3a8b23cce5e5af1ed205fb6f41197814fb971ad110bde19e8,993c448af3185f955bea7f7718c1849837b7d9957366bbf3d8fcd618f208915b,0.10687022900763359,0.17557251908396945,0.0,0.17557251908396945,0.17557251908396945,0.8244274809160306,8,torque_limited,0.06,9,8,3,0.375,0.9882088691627869
BMLmovi_Subject_69_F_MoSh_Subject_69_F_1_poses_120_jpos,50.0,722,0.0,symmetric,0.0,50,severe,42c6060fe30845aa11bdd1f46e3834dce4acb470f759693c47f086bd4e3a3d58,bc45988fcfdc6c5e7f864ff66971e0005d689e81f5a165ac9a488443dbf1c3ce,993c448af3185f955bea7f7718c1849837b7d9957366bbf3d8fcd618f208915b,0.018005540166204988,0.018005540166204988,0.0,0.018005540166204988,0.018005540166204988,0.981994459833795,1,torque_limited,0.06,2,15,14,0.9333333333333333,0.08523997052242581
KIT_348_parkour01_poses_100_jpos,50.0,606,0.0,symmetric,0.0,50,severe,7e0342e05835f33fbf44718aba1ad83db7a6a796fd15aec80601e81cc384cfdb,a5204ba2619aba933078dc5d9e710a467961a666685206e562a50f9fcedd2bd1,993c448af3185f955bea7f7718c1849837b7d9957366bbf3d8fcd618f208915b,0.0016501650165016502,0.0016501650165016502,0.0,0.0016501650165016502,0.0016501650165016502,0.9983498349834984,1,torque_limited,0.06,2,13,12,0.9230769230769231,0.06634531421580495
KIT_4_WalkInClockwiseCircle10_poses_100_jpos,50.0,389,0.0,symmetric,0.0,50,severe,8f565782bebda61e1bb93314c1c13504d95a0073337afbdd6bd58f6d61684dde,55ec4c87ea1c93cebb373e12857999f972265c9102e2eca2611ec29ff7e5a130,993c448af3185f955bea7f7718c1849837b7d9957366bbf3d8fcd618f208915b,0.0,0.0,0.0,0.0,0.0,1.0,0,torque_limited,0.06,1,8,8,1.0,0.057601185245426886
KIT_379_push_recovery_stand_right01_poses_100_jpos,50.0,275,0.0,symmetric,0.0,50,severe,2d10df74c7a4beacc333f8421b9be16663da5e34b39301dbd8c378c4e230149f,6345017d68c904d2a55fd7fb930cc7861cdb246fc49265ea945aedc2208de4ce,993c448af3185f955bea7f7718c1849837b7d9957366bbf3d8fcd618f208915b,0.04,0.05454545454545454,0.0,0.05454545454545454,0.05454545454545454,0.9454545454545454,2,torque_limited,0.06,3,6,4,0.6666666666666666,0.511409249257037
BMLmovi_Subject_67_F_MoSh_Subject_67_F_21_poses_120_jpos,50.0,562,0.0,symmetric,0.0,50,severe,fe21050788a84903ebb780a40613a6b4b803c0c33fc444e0fa8333beb10a63e4,25bf966189a227edf21bc364f4340ed2b6dcf117b5e582639b7366c95f5e13a4,993c448af3185f955bea7f7718c1849837b7d9957366bbf3d8fcd618f208915b,0.0,0.0,0.0,0.0,0.0,1.0,0,torque_limited,0.06,1,12,12,1.0,0.06840905094832413
DFaust_67_50009_50009_light_hopping_stiff_poses_60_jpos,50.0,211,0.0,symmetric,0.0,50,severe,f8f6304c9a09c2f873468853f8b49c44923471c9914bed10d5908c720ac93d83,72052681e14daeaf6fe9d73117a7f12fa65012301cba4687275cf35309f79c61,993c448af3185f955bea7f7718c1849837b7d9957366bbf3d8fcd618f208915b,0.0,0.0,0.0,0.0,0.0,1.0,0,torque_limited,0.06,1,5,5,1.0,0.060994885650014236
CMU_143_143_20_poses_60_jpos,50.0,542,0.0,symmetric,0.0,50,severe,bd63f2090141d3642c84f43186a7ab21454c5fca89be50baab87d9985183cd0d,5f4003c00ee9f44b8af6b9cd66ed34cbdaec50364db0feaf281f2022d1541857,993c448af3185f955bea7f7718c1849837b7d9957366bbf3d8fcd618f208915b,0.03136531365313653,0.03136531365313653,0.0,0.03136531365313653,0.03136531365313653,0.9686346863468634,1,torque_limited,0.06,2,11,10,0.9090909090909091,0.2560256503424651
KIT_425_walking_medium03_poses_100_jpos,50.0,227,0.0,symmetric,0.0,50,severe,bfd583e4f6d7d65e23f6ac7a52daa70284a9769d3897779c43868bccdf940031,2fd0c14b50e16ed450f82838561cd5e923f634dafabffe5f4439d09a2bb12554,993c448af3185f955bea7f7718c1849837b7d9957366bbf3d8fcd618f208915b,0.0,0.0,0.0,0.0,0.0,1.0,0,torque_limited,0.06,1,5,5,1.0,0.06331850034144333
CMU_138_138_23_poses_120_jpos,50.0,191,0.0,symmetric,0.0,50,severe,a4d35bdf7f20a6f17708add5495eefd793b603742b0889c293999cca5e87379c,d7dc234e38cb8b86dbe6454ed98889028bc848310fde1fbb7585a3298f6d99c6,993c448af3185f955bea7f7718c1849837b7d9957366bbf3d8fcd618f208915b,0.0,0.0,0.0,0.0,0.0,1.0,0,torque_limited,0.06,1,4,4,1.0,0.08025642848686083
KIT_314_turn_left04_poses_100_jpos,50.0,216,0.0,symmetric,0.0,50,severe,89b0f8516a0fd9d5c3e8245a2799623ff624215e5183a92f7789ece350811edf,f149368eec89d38b80a6d68a3caa12dc0feb97553d0a284c8ee95dd6b695b6c3,993c448af3185f955bea7f7718c1849837b7d9957366bbf3d8fcd618f208915b,0.0,0.0,0.0,0.0,0.0,1.0,0,torque_limited,0.06,1,5,5,1.0,0.07421808767689701
KIT_421_push_recovery_left06_poses_100_jpos,50.0,263,0.0,symmetric,0.0,50,severe,38d7b002547e8bb3d25d7253eb57a9bc16d119ec9de23ce352fa5fc4005f9a97,cff24bddfd78f2f1e537261ac46fbec9bdd619b3b48d2795a422a8006701f1d8,993c448af3185f955bea7f7718c1849837b7d9957366bbf3d8fcd618f208915b,0.015209125475285171,0.04182509505703422,0.0,0.04182509505703422,0.04182509505703422,0.9581749049429658,1,torque_limited,0.06,2,6,5,0.8333333333333334,0.2526319499378784
CMU_136_136_02_poses_120_jpos,50.0,358,0.0,symmetric,0.0,50,severe,3008f2dee56016d766cff1286b1bd2cf8d0db3314115beb3e5934faa97f19708,27701dadf4ef01b07c50cb91e59502d6c1c5a14e3ca1c9507ed3993d6b7ff2d4,993c448af3185f955bea7f7718c1849837b7d9957366bbf3d8fcd618f208915b,0.08379888268156424,0.08379888268156424,0.0,0.08379888268156424,0.08379888268156424,0.9162011173184358,2,torque_limited,0.06,3,8,6,0.75,0.9297363284080737
KIT_379_push_recovery_front06_poses_100_jpos,50.0,300,0.0,symmetric,0.0,50,severe,1e2ecbb58ae9ddd4a679eafaee748bd49d7451cdd50fd15f2024754bd9640337,f3c884ea4068ae8f029ebe7a1da3f96973c046a484f7c935ea40acc9e3e6c114,993c448af3185f955bea7f7718c1849837b7d9957366bbf3d8fcd618f208915b,0.0,0.01,0.0,0.01,0.01,0.99,1,torque_limited,0.06,2,6,5,0.8333333333333334,0.28497911235277334
BMLhandball_S07_Expert_Trial_upper_left_082_poses_120_jpos,50.0,441,0.0,symmetric,0.0,50,severe,0042e20ac4a5f8e8185fef4e5c20b1cf1411f135146389a2d4c380efda463b0f,1e668f33e14ca60e21ca55dd1367be4f92c69cc8e564f57595ee3a0e7f3b150e,993c448af3185f955bea7f7718c1849837b7d9957366bbf3d8fcd618f208915b,0.011337868480725623,0.022675736961451247,0.0,0.022675736961451247,0.022675736961451247,0.9773242630385488,2,torque_limited,0.06,3,9,8,0.8888888888888888,0.3992948403955819
KIT_167_turn_left04_poses_100_jpos,50.0,271,0.0,symmetric,0.0,50,severe,8b6f5453dbe0902db6b90699ba758bea1ce359694ec6f5252cdfe7d193568329,45203212735cf96b13803dbb7f47deb1a9430fc77506c58f96ab7c81266b1b6c,993c448af3185f955bea7f7718c1849837b7d9957366bbf3d8fcd618f208915b,0.014760147601476014,0.014760147601476014,0.0,0.014760147601476014,0.014760147601476014,0.985239852398524,1,torque_limited,0.06,2,6,5,0.8333333333333334,0.17579979573312374
CMU_38_38_02_poses_120_jpos,50.0,175,0.0,symmetric,0.0,50,severe,cefd7e64717fbcc300d5464892ca17790b029434241d0bba32a8fea23f6fe762,bfa216a5fed5d5e1f3f25bad601bf5ba3b8fc2ff7da97cfb0f660f1ba40e45bd,993c448af3185f955bea7f7718c1849837b7d9957366bbf3d8fcd618f208915b,0.0,0.017142857142857144,0.0,0.017142857142857144,0.017142857142857144,0.9828571428571429,1,torque_limited,0.06,1,4,3,0.75,0.1108608798831837
ACCAD_MartialArtsWalksTurns_c3d_E17_-_block_middle_high_poses_120_jpos,50.0,127,0.0,symmetric,0.0,50,severe,bed1384e4561617097c614d219a7cfaa156157cd9f1323d31c328bdee87ad4e0,cf6225da20dbe25d9e0571425bfda5fb1d5b27e3f46633c00d3c14f0fc21efc0,993c448af3185f955bea7f7718c1849837b7d9957366bbf3d8fcd618f208915b,0.0,0.0,0.0,0.0,0.0,1.0,0,torque_limited,0.06,1,3,3,1.0,0.04812328321459769
CMU_12_12_02_poses_120_jpos,50.0,280,0.0,symmetric,0.0,50,severe,e91e07490ac3fdcdf2a1b8535311e0e6e62d98b5d878e90e2e2478995bfd109d,be0320699dbc54713f19ac927494d7285f04be7b46a646dc59b87fa630527ac9,993c448af3185f955bea7f7718c1849837b7d9957366bbf3d8fcd618f208915b,0.017857142857142856,0.017857142857142856,0.0,0.017857142857142856,0.017857142857142856,0.9821428571428571,2,torque_limited,0.06,3,6,4,0.6666666666666666,0.2216911858888488
CMU_114_114_06_poses_120_jpos,50.0,426,0.0,symmetric,0.0,50,severe,a19fab147d1b56ea6cc97b9b4fd0ce4aeeefab418f28820cf5983f9d1ed60005,5d21d01491668549d4ddf9c39ecb43ceef738844a73b47df58b934f5640c67b9,993c448af3185f955bea7f7718c1849837b7d9957366bbf3d8fcd618f208915b,0.3967136150234742,0.4154929577464789,0.0,0.4154929577464789,0.4154929577464789,0.5845070422535211,1,torque_limited,0.06,1,9,5,0.5555555555555556,1.0243777662675324
BMLhandball_S08_Novice_Trial_upper_left_082_poses_120_jpos,50.0,648,0.0,symmetric,0.0,50,severe,d49748e793cbc17ab4cd4f95e97cb51ceb390996cee13cf85049b61df5736065,fd7d363c2d079823d515d55f0d77860ccf1eb37272f88dec737b6d3174ffe2f5,993c448af3185f955bea7f7718c1849837b7d9957366bbf3d8fcd618f208915b,0.013888888888888888,0.015432098765432098,0.0,0.015432098765432098,0.015432098765432098,0.9845679012345679,1,torque_limited,0.06,2,13,12,0.9230769230769231,0.25021661361389286
BMLmovi_Subject_17_F_MoSh_Subject_17_F_14_poses_120_jpos,50.0,342,0.0,symmetric,0.0,50,severe,3008ff27ab9405f4eaa45a984156cf43b9a307fcd34237f68f290a285fdc429d,839e141e61dd0d8857142d36a6c306dc6d2bbbb157a149262c4e5285039cc016,993c448af3185f955bea7f7718c1849837b7d9957366bbf3d8fcd618f208915b,0.34502923976608185,0.34502923976608185,0.0,0.34502923976608185,0.34502923976608185,0.6549707602339181,2,torque_limited,0.06,3,7,3,0.42857142857142855,1.0564650507235174
KIT_314_turn_right10_poses_100_jpos,50.0,220,0.0,symmetric,0.0,50,severe,ce8ae3968d94ddbc132ee1ee4ce6cbfd45dab174100a513840a0c80fcefa2832,e6fb345e0e8989b65fbdb82726e8a3cc41b11108b354ab789e22a1458ff0ab85,993c448af3185f955bea7f7718c1849837b7d9957366bbf3d8fcd618f208915b,0.0,0.0,0.0,0.0,0.0,1.0,0,torque_limited,0.06,1,5,5,1.0,0.08935215704870503
CMU_77_77_30_poses_60_jpos,50.0,1050,0.0,symmetric,0.0,50,severe,9f654abf7db09276fbf1e31a9108a39d84b39a70f73bcbc7448ba04a92c3c9cb,921ce1a7417d11b019d5742e840aa1d9aa2accbadc10d8c2063a7d04b4b88814,993c448af3185f955bea7f7718c1849837b7d9957366bbf3d8fcd618f208915b,0.0,0.0,0.0,0.0,0.0,1.0,0,torque_limited,0.06,1,21,21,1.0,0.10486839988949814
BMLmovi_Subject_41_F_MoSh_Subject_41_F_16_poses_120_jpos,50.0,185,0.0,symmetric,0.0,50,severe,40f626129591cd43b25bef79ea9f806df6ef6539aba104eca9f70cf8dc85c9ea,ee049a7b430f9cd5662c7159e7d544cb75af754061267e6251f073aa86894436,993c448af3185f955bea7f7718c1849837b7d9957366bbf3d8fcd618f208915b,0.24864864864864866,0.15675675675675677,0.0,0.15675675675675677,0.15675675675675677,0.8432432432432433,3,torque_limited,0.06,4,4,2,0.5,1.45366558050906
BMLmovi_Subject_81_F_MoSh_Subject_81_F_15_poses_120_jpos,50.0,194,0.0,symmetric,0.0,50,severe,a23e5fd0ea5bee9a0f3bebe3ec3f37d49e0eab409638be9fbb7ba5830ea4d222,5047e60fe21a2a49d415fbcc5dc653d2f08421f07652a2b2b3f1ad18b7247c08,993c448af3185f955bea7f7718c1849837b7d9957366bbf3d8fcd618f208915b,0.0,0.0,0.0,0.0,0.0,1.0,0,torque_limited,0.06,1,4,4,1.0,0.0673695391126849
CMU_55_55_18_poses_120_jpos,50.0,2245,0.0,symmetric,0.0,50,severe,de11ef8047701a1a32822cd06394ef8aeba0bf04aa4ed24f7632e4a2bb03a521,7ad1d4bd88d7d4a4749e74a6b3b5862f3d68a05344453c652cdffe0e7c5e7b58,993c448af3185f955bea7f7718c1849837b7d9957366bbf3d8fcd618f208915b,0.0,0.0,0.0,0.0,0.0,1.0,0,torque_limited,0.06,1,45,45,1.0,0.05466609300362169
HUMAN4D_Subject4_Carine_RGB_BasketBall_S4_01_poses_120_jpos,50.0,863,0.0,symmetric,0.0,50,severe,edf470046dc97997bc8792cdc193a28ceb6d5f71fbc7e33d00d73197f4cf06b2,efbe84e23eaf2cc6e6d8a1399cd08f3e043a1e0b90a4fd488cdd6baf0ff8c14a,993c448af3185f955bea7f7718c1849837b7d9957366bbf3d8fcd618f208915b,0.2688296639629201,0.2688296639629201,0.0,0.2688296639629201,0.2688296639629201,0.7311703360370799,12,torque_limited,0.06,13,18,6,0.3333333333333333,1.1622659538773388
CMU_114_114_09_poses_120_jpos,50.0,949,0.0,symmetric,0.0,50,severe,23ba0495254fc4879b24e5e9331d4d3f96243de80ebf80fb9920b15dd3359371,4657d3be593fccf9e7285578b8cdad09bd196ace39f6dbef6a0dc9ccecaa09bd,993c448af3185f955bea7f7718c1849837b7d9957366bbf3d8fcd618f208915b,0.41938883034773444,0.41938883034773444,0.0,0.41938883034773444,0.41938883034773444,0.5806111696522656,2,torque_limited,0.06,3,19,9,0.47368421052631576,1.1755044428429808
CMU_133_133_23_poses_120_jpos,50.0,353,0.0,symmetric,0.0,50,severe,a9a89a3ecd2ab74e8bb3aaa230e50099a881fb4bd4379f30941cdfe2a4911cc8,2636ee28c8f3a00f872d7abaa91a5ac9eaf296b7efad732c0267b3cff3d4c62d,993c448af3185f955bea7f7718c1849837b7d9957366bbf3d8fcd618f208915b,0.0,0.0,0.0,0.0,0.0,1.0,0,torque_limited,0.06,1,8,8,1.0,0.1259032276224351
CMU_122_122_55_poses_120_jpos,50.0,307,0.0,symmetric,0.0,50,severe,bc77acc4fcce4e21df0a638fff4befbcf8aef3fc8ee3e00050d1a221954c9579,156f986cc9c82972962ec9f5dfcd9801c78f33d5833cd6b61a2b77b68902a5ed,993c448af3185f955bea7f7718c1849837b7d9957366bbf3d8fcd618f208915b,0.026058631921824105,0.029315960912052116,0.0,0.029315960912052116,0.029315960912052116,0.9706840390879479,2,torque_limited,0.06,3,7,5,0.7142857142857143,0.47294731133838097
ACCAD_Male2MartialArtsStances_c3d_D5_-_ready_to_walk_away_poses_120_jpos,50.0,223,0.0,symmetric,0.0,50,severe,a5d08d3e746b206c102f839bb87bfa0100c419d0b9f05b35e80f211bd6acdc0d,d073a97c28ec67aa038464688fbd6b9db452651e7677f535f5d0dc7af0394015,993c448af3185f955bea7f7718c1849837b7d9957366bbf3d8fcd618f208915b,0.0,0.013452914798206279,0.0,0.013452914798206279,0.013452914798206279,0.9865470852017937,1,torque_limited,0.06,1,5,4,0.8,0.10147469948491082
CMU_07_07_01_poses_120_jpos,50.0,132,0.0,symmetric,0.0,50,severe,1cfaad0863a9a3a13486d5757cbae4e12cad3e6aed99e078badc79c55ca4daa1,db3ab378902d530f0136ac2fedc4f5787585492aebad841ff2457399951bcb42,993c448af3185f955bea7f7718c1849837b7d9957366bbf3d8fcd618f208915b,0.12121212121212122,0.15151515151515152,0.0,0.15151515151515152,0.15151515151515152,0.8484848484848485,4,torque_limited,0.06,4,3,1,0.3333333333333333,1.123528851061014
KIT_167_parkour05_poses_100_jpos,50.0,443,0.0,symmetric,0.0,50,severe,0e44b6a34c875d5eaf6923a11533dd529b5ff50e48f17fde043c6f36d5c9d0f3,1ad65be9dddf38e0df970c92d8e4e6bd9e65d46d87bde8c121bec1ba5afd3e82,993c448af3185f955bea7f7718c1849837b7d9957366bbf3d8fcd618f208915b,0.0,0.0,0.0,0.0,0.0,1.0,0,torque_limited,0.06,1,9,9,1.0,0.11144178355604101
BMLhandball_S09_Novice_Trial_upper_right_left_176_poses_120_jpos,50.0,588,0.0,symmetric,0.0,50,severe,eec8f56db5a88fc2d1c8bbec0014837f1450438fa4f3155c55955e8fd1bcba94,feca57c42f9468428e27899f6e38ce81049c76a4ea024ecc2dac1bb119b938cf,993c448af3185f955bea7f7718c1849837b7d9957366bbf3d8fcd618f208915b,0.006802721088435374,0.013605442176870748,0.0,0.013605442176870748,0.013605442176870748,0.9863945578231292,1,torque_limited,0.06,2,12,11,0.9166666666666666,0.3483281865717354
KIT_359_turn_right03_poses_100_jpos,50.0,286,0.0,symmetric,0.0,50,severe,9d97d8d4b9d65423d5d5d5700db9b391886695321f08c9cca749cadba20b610d,6c3fd1ad69f3e3b95fc6da1ccbc6ed9761a119ae1ee6dcc4f0520dca5cca29db,993c448af3185f955bea7f7718c1849837b7d9957366bbf3d8fcd618f208915b,0.07692307692307693,0.08391608391608392,0.0,0.08391608391608392,0.08391608391608392,0.916083916083916,3,torque_limited,0.06,4,6,3,0.5,0.9082734663898735
KIT_183_turn_right08_poses_100_jpos,50.0,240,0.0,symmetric,0.0,50,severe,fbc01d7666db6a43ac1607e64d82c25c5c2ab695a164ee9de20b458265e42359,8023d6b2c833545421c46092d2745f9157511a015bff80576d05d3596c2336cd,993c448af3185f955bea7f7718c1849837b7d9957366bbf3d8fcd618f208915b,0.0,0.0,0.0,0.0,0.0,1.0,0,torque_limited,0.06,1,5,5,1.0,0.04254355056741593
BMLmovi_Subject_72_F_MoSh_Subject_72_F_6_poses_120_jpos,50.0,237,0.0,symmetric,0.0,50,severe,758015563de701122421f0708d144226f886a91b2f28410ddd62c1ef9590ff1a,e137632515484db95b0cc7eedb1d07f6abfd7cd35f48be97fccb78da3863e29e,993c448af3185f955bea7f7718c1849837b7d9957366bbf3d8fcd618f208915b,0.1350210970464135,0.1350210970464135,0.0,0.1350210970464135,0.1350210970464135,0.8649789029535865,1,torque_limited,0.06,2,5,4,0.8,0.9946293834417359
KIT_359_turn_left02_poses_100_jpos,50.0,252,0.0,symmetric,0.0,50,severe,0ffff394f2c65b7415bb026540d2d458b57792725ceb790a5381e0305ee2348e,39656dcb0fa5d0242282508b221aa6bebb2e6a79776b906bc98381c174d7df1b,993c448af3185f955bea7f7718c1849837b7d9957366bbf3d8fcd618f208915b,0.05952380952380952,0.05952380952380952,0.0,0.05952380952380952,0.05952380952380952,0.9404761904761905,2,torque_limited,0.06,3,6,3,0.5,0.8890883582468235
KIT_317_turn_right05_poses_100_jpos,50.0,237,0.0,symmetric,0.0,50,severe,c92d185460f2b64d07021f1c4404fa1c67efea9b9582175ebe4b32f98ac565ce,41c8b0427ce8f1d6b2547494bc40fffd00526bf9dc0daeabdb6cd4fa324dbc51,993c448af3185f955bea7f7718c1849837b7d9957366bbf3d8fcd618f208915b,0.0,0.0,0.0,0.0,0.0,1.0,0,torque_limited,0.06,1,5,5,1.0,0.13923343822063394
BMLmovi_Subject_15_F_MoSh_Subject_15_F_16_poses_120_jpos,50.0,452,0.0,symmetric,0.0,50,severe,f9de665bf7602327e3779cfb6dc7176067dc8f57136a523f3688c8fa1c236b22,1012d1a62640c84d131814c4af00056187c5d6b34e9fadf2e70d9a370115f923,993c448af3185f955bea7f7718c1849837b7d9957366bbf3d8fcd618f208915b,0.0,0.0,0.0,0.0,0.0,1.0,0,torque_limited,0.06,1,10,10,1.0,0.0814640966488536
BMLmovi_Subject_8_F_MoSh_Subject_8_F_15_poses_120_jpos,50.0,197,0.0,symmetric,0.0,50,severe,765e910ae28c4f032ffae5eea5bba774e24b8d5f3c48849a7d12d150ed32c14b,92bc4412ec364efd86f8d39d4325a690732f717f36111b8fe030f9e31bcd259b,993c448af3185f955bea7f7718c1849837b7d9957366bbf3d8fcd618f208915b,0.01015228426395939,0.0,0.0,0.0,0.0,1.0,0,torque_limited,0.06,1,4,4,1.0,0.12682044394799952
CMU_114_114_13_poses_120_jpos,50.0,1305,0.0,symmetric,0.0,50,severe,746ebd46ef620ad3e4ad239c88f1e90c32d9e3ff0ed758483a0cc757491ffa9c,abc1ce1df467d47a9277e9af452ad769edef1aea041e5375ce5601d8193304f5,993c448af3185f955bea7f7718c1849837b7d9957366bbf3d8fcd618f208915b,0.0,0.0,0.0,0.0,0.0,1.0,0,torque_limited,0.06,1,27,27,1.0,0.07771879665280004
BMLhandball_S09_Novice_Trial_upper_left_219_poses_120_jpos,50.0,420,0.0,symmetric,0.0,50,severe,3c0a6094c6e5d48163c3123f59b48ec1f604261ec9713d9d149d1c8334cba932,7db9f5353335a06f0f887036b89afe83ce79b4ed0d3c942c8ebbf33ae2fb513b,993c448af3185f955bea7f7718c1849837b7d9957366bbf3d8fcd618f208915b,0.0,0.01904761904761905,0.0,0.01904761904761905,0.01904761904761905,0.9809523809523809,1,torque_limited,0.06,2,9,8,0.8888888888888888,0.1956116683653083
BMLmovi_Subject_83_F_MoSh_Subject_83_F_19_poses_120_jpos,50.0,269,0.0,symmetric,0.0,50,severe,b39c47bd1a8b11c459e477924913131be16e9c872c75b88c4dbea8f526cc596c,2ad62867f9eace2ea3325ae1e4c65b9d4cd69e4dc0678885a7056ebf117595dc,993c448af3185f955bea7f7718c1849837b7d9957366bbf3d8fcd618f208915b,0.007434944237918215,0.007434944237918215,0.0,0.007434944237918215,0.007434944237918215,0.9925650557620818,1,torque_limited,0.06,2,6,5,0.8333333333333334,0.2762044095048765
KIT_348_parkour05_poses_100_jpos,50.0,523,0.0,symmetric,0.0,50,severe,7161db7ea57aec76257f1e7f84102b60dc7ed9b0a8def7b90477a1c8ce48dcd1,0d72151275588eefe8d6541102edb8919bd1e67ae1f3636f6ec33ddf91664d00,993c448af3185f955bea7f7718c1849837b7d9957366bbf3d8fcd618f208915b,0.0,0.0,0.0,0.0,0.0,1.0,0,torque_limited,0.06,1,11,11,1.0,0.06053627748723218
CMU_137_137_13_poses_120_jpos,50.0,1235,0.0,symmetric,0.0,50,severe,679c3b6735cedc6589f0079acb8a48c19b22e407e92682fc33149821162441cd,9910fc5eba216dda5c438b9cf9e8b96792812ef7296791cec596307928a269aa,993c448af3185f955bea7f7718c1849837b7d9957366bbf3d8fcd618f208915b,0.045344129554655874,0.05020242914979757,0.0,0.05020242914979757,0.05020242914979757,0.9497975708502024,5,torque_limited,0.06,6,25,18,0.72,0.43197831546317805
CMU_106_106_11_poses_60_jpos,50.0,571,0.0,symmetric,0.0,50,severe,4bcd5eca5c8f77d10431921e8c092e21f7f1c601e9e91cb78deb3a8a6d58b4b6,7ebd12bc131528a45ffd7d6bc54724bc76491f0f709b4feedbee0fc7dd29bc1a,993c448af3185f955bea7f7718c1849837b7d9957366bbf3d8fcd618f208915b,0.01926444833625219,0.01926444833625219,0.0,0.01926444833625219,0.01926444833625219,0.9807355516637478,1,torque_limited,0.06,2,12,11,0.9166666666666666,0.17503544879515362
Eyes_Japan_Dataset_takiguchi_walk-05-backward-takiguchi_poses_120_jpos,50.0,1000,0.0,symmetric,0.0,50,severe,bb5fb29e96aacbb68cd15a3fdb6e4db21cdf14469830b629f9a122aebc7152dd,6be58161852b087191e8ae469236a8cc971745e39d39854bae4367952ea279c7,993c448af3185f955bea7f7718c1849837b7d9957366bbf3d8fcd618f208915b,0.01,0.01,0.0,0.01,0.01,0.99,3,torque_limited,0.06,4,20,17,0.85,0.2094922087588458
CMU_40_40_02_poses_120_jpos,50.0,2081,0.0,symmetric,0.0,50,severe,58a922396dc13fed5c92a8f0d93b287531de9c37105ad07547ddd6530ca732e1,633c899cb70a9eaf6f16f3e7d7a9615f702d58af209a7c6648d977d3da4c5684,993c448af3185f955bea7f7718c1849837b7d9957366bbf3d8fcd618f208915b,0.024987986544930323,0.024987986544930323,0.0,0.024987986544930323,0.024987986544930323,0.9750120134550697,4,torque_limited,0.06,5,42,36,0.8571428571428571,0.12412994272634476
KIT_513_parkour01_poses_100_jpos,50.0,566,0.0,symmetric,0.0,50,severe,254215d67d7dc5a3800dd19eb4338bf2cd2d17cb1f2dbaff63588c5d2fb74af2,9e4abf38f9107ebfee7be739cb5b2507ca8264d375ba35abac85dea17a4169b4,993c448af3185f955bea7f7718c1849837b7d9957366bbf3d8fcd618f208915b,0.0,0.0,0.0,0.0,0.0,1.0,0,torque_limited,0.06,1,12,12,1.0,0.08491894480847847
CMU_30_30_13_poses_120_jpos,50.0,819,0.0,symmetric,0.0,50,severe,52ae1334021cdb264b02311381817ac27ca03a2cb575b9d355d2022883262003,a7f7d38b87ab3223c39572c5330e783f6eb6392d632361c86bc32b774e01e24f,993c448af3185f955bea7f7718c1849837b7d9957366bbf3d8fcd618f208915b,0.0,0.0,0.0,0.0,0.0,1.0,0,torque_limited,0.06,1,17,17,1.0,0.17390421532695763
CMU_84_84_01_poses_60_jpos,50.0,386,0.0,symmetric,0.0,50,severe,2fe161ce0321ae2dd0b655279ed5128c9d8b430d79921881e7ff4a0c21bc4e6b,8700394cb746ca9e4fd670c6b2d78a4ad4ea4c124b54c14417e3c6d596a7e2f5,993c448af3185f955bea7f7718c1849837b7d9957366bbf3d8fcd618f208915b,0.0,0.0,0.0,0.0,0.0,1.0,0,torque_limited,0.06,1,8,8,1.0,0.06504592442125579
CMU_22_23_justin_22_12_poses_120_jpos,50.0,127,0.0,symmetric,0.0,50,severe,ac18b169df5744664ea6cc87ad57dc24a3421b8ba07e0c9f94d5246b74157f9c,6b4aa492d3aabda77df505ada61a0a9fb60a7760ba4a6b9c8f9c88202a335789,993c448af3185f955bea7f7718c1849837b7d9957366bbf3d8fcd618f208915b,0.047244094488188976,0.07086614173228346,0.0,0.07086614173228346,0.07086614173228346,0.9291338582677166,3,torque_limited,0.06,4,3,1,0.3333333333333333,0.5251980680180172
CMU_55_55_12_poses_120_jpos,50.0,865,0.0,symmetric,0.0,50,severe,0afd42f414ec880e9ac939668c5ceb35a6d29b0fed2fcb1abe9f11ce0389ab53,266ce67a0c6cc719c3c7a0ecf9630de28faf115f7ef07ae91010dab54ac31612,993c448af3185f955bea7f7718c1849837b7d9957366bbf3d8fcd618f208915b,0.03815028901734104,0.03815028901734104,0.0,0.03815028901734104,0.03815028901734104,0.9618497109826589,1,torque_limited,0.06,2,18,17,0.9444444444444444,0.17555520471297326
CMU_108_108_11_poses_120_jpos,50.0,102,0.0,symmetric,0.0,50,severe,8c023fea02005d31adf8a1b1e16557e27b9d9104fb65b877ba4689cd2d448cd7,031d45843f5f48ce998da724623b4147e7982a0e09de6c02603d7cce75845737,993c448af3185f955bea7f7718c1849837b7d9957366bbf3d8fcd618f208915b,0.0784313725490196,0.09803921568627451,0.0,0.09803921568627451,0.09803921568627451,0.9019607843137255,4,torque_limited,0.06,3,3,0,0.0,0.8255558407627464
CMU_122_122_01_poses_120_jpos,50.0,264,0.0,symmetric,0.0,50,severe,fcb65c23731fa66e7c6c94ceb6eb845d4455cb59461f2845e0206a3075054ab1,fd9f24e83c11fd68657a505b46ec848a51155243ce2844e65afcf6f4b841c0f8,993c448af3185f955bea7f7718c1849837b7d9957366bbf3d8fcd618f208915b,0.14393939393939395,0.21212121212121213,0.0,0.21212121212121213,0.21212121212121213,0.7878787878787878,3,torque_limited,0.06,4,6,4,0.6666666666666666,0.9878878434488394
CMU_77_77_04_poses_60_jpos,50.0,735,0.0,symmetric,0.0,50,severe,6f5ac19e45036b606ed7daf52033bbfb404a886b5e3d2da58e00f3b9aeb93982,6077a498d4526fa431cdf356a37d27c05eb7cb05163a6489add3c4b9134aef7d,993c448af3185f955bea7f7718c1849837b7d9957366bbf3d8fcd618f208915b,0.0,0.0,0.0,0.0,0.0,1.0,0,torque_limited,0.06,1,15,15,1.0,0.3595487996211365
Eyes_Japan_Dataset_hamada_pose-04-drank-hamada_poses_120_jpos,50.0,1488,0.0,symmetric,0.0,50,severe,031a94c7c3db96e778fc1f47838bb11a527812c7244228f0fceea78b31644dd5,62d7aa162cc73948b94851dd2ed9f444097b5eac5ce85603448bf024b65231aa,993c448af3185f955bea7f7718c1849837b7d9957366bbf3d8fcd618f208915b,0.012096774193548387,0.012096774193548387,0.0,0.012096774193548387,0.012096774193548387,0.9879032258064516,3,torque_limited,0.06,4,30,28,0.9333333333333333,0.09283757908584869
CMU_60_60_15_poses_60_jpos,50.0,1783,0.0,symmetric,0.0,50,severe,6d89bb24e9f0a0219b352b2b07b582105187fbc31582b4d85848aae73c0a146a,8287860a51c204df8af7f66b7bf5e1815e59c2bc6c2eb113549616d5976e8bbb,993c448af3185f955bea7f7718c1849837b7d9957366bbf3d8fcd618f208915b,0.03925967470555244,0.04374649467190129,0.0,0.04374649467190129,0.04374649467190129,0.9562535053280987,15,torque_limited,0.06,16,36,25,0.6944444444444444,0.34731924861361324
BMLhandball_S09_Novice_Trial_upper_right_left_118_poses_120_jpos,50.0,464,0.0,symmetric,0.0,50,severe,0cc0ce61a2039e3d4bdcde238d0f102e1a42ef1a798e29a7685ccca56593e49c,43b839f5d964a7fb143e383d9d75382bb34ca11032a88a2642646e4cf31d8db8,993c448af3185f955bea7f7718c1849837b7d9957366bbf3d8fcd618f208915b,0.05818965517241379,0.07543103448275862,0.0,0.07543103448275862,0.07543103448275862,0.9245689655172413,4,torque_limited,0.06,5,10,6,0.6,0.9620987777617283
CMU_139_139_15_poses_60_jpos,50.0,898,0.0,symmetric,0.0,50,severe,50731029e3b50329b2ebfe24d602387ef3b93c7396d567ee9bc0c38f70dd3495,50b5f2b1ad3123c72179f94cbf41da0f1e6807f82162d33ff026fd5c230d0c0e,993c448af3185f955bea7f7718c1849837b7d9957366bbf3d8fcd618f208915b,0.2505567928730512,0.2594654788418708,0.0,0.2594654788418708,0.2594654788418708,0.7405345211581291,13,torque_limited,0.06,14,18,3,0.16666666666666666,1.0175139307645606
BMLhandball_S07_Expert_Trial_upper_right_210_poses_120_jpos,50.0,582,0.0,symmetric,0.0,50,severe,4846ab5b61d8eded0165961a8967ce975c6659b943ba80d055ef3361451baac0,d0749230fab728027f84be34154537d44732d0a701f2719ea490247410839bf7,993c448af3185f955bea7f7718c1849837b7d9957366bbf3d8fcd618f208915b,0.19072164948453607,0.19072164948453607,0.0,0.19072164948453607,0.19072164948453607,0.8092783505154639,4,torque_limited,0.06,5,12,8,0.6666666666666666,1.0290249956503905
Eyes_Japan_Dataset_aita_accident-08-damage_rightfoot-aita_poses_120_jpos,50.0,1500,0.0,symmetric,0.0,50,severe,5de60a45a718eaf77fb43663aa3779d441381e96445250b30d6a1c1abcf004b2,524aa6934feaf0d68a9a63bfce5bd1d6097103dc3eb216d1aa95ca4843b4ccb4,993c448af3185f955bea7f7718c1849837b7d9957366bbf3d8fcd618f208915b,0.162,0.162,0.0,0.162,0.162,0.838,6,torque_limited,0.06,7,30,21,0.7,1.0624575307172028
Transitions_mocap_mazen_c3d_punchkarate_kick_poses_120_jpos,50.0,428,0.0,symmetric,0.0,50,severe,31254ce65d45934e504395d8313d1fea47d3a9c57a26d6b5275037e738ed36eb,712ef750db7e65733194fcb3a8a6d96625f1982260efa3551ad71546186c2a13,993c448af3185f955bea7f7718c1849837b7d9957366bbf3d8fcd618f208915b,0.2967289719626168,0.3247663551401869,0.0,0.3247663551401869,0.3247663551401869,0.6752336448598131,7,torque_limited,0.06,8,9,3,0.3333333333333333,1.1218625747362392
CMU_132_132_22_poses_120_jpos,50.0,155,0.0,symmetric,0.0,50,severe,21403c2920bf75a4bad4a2d10c1b8e03f0687d3486f50612b1bea52b7295eb89,21e84810720cfdbf76c18ae0c582f75fc5fa656ef6fa065c49ec0bbe11dc336e,993c448af3185f955bea7f7718c1849837b7d9957366bbf3d8fcd618f208915b,0.0,0.01935483870967742,0.0,0.01935483870967742,0.01935483870967742,0.9806451612903225,1,torque_limited,0.06,1,4,3,0.75,0.10453208723679124
KIT_378_push_recovery_right05_poses_100_jpos,50.0,325,0.0,symmetric,0.0,50,severe,2fbbc5eda3d6fd48d8f327f2816e9870a8c004ef5f147920e9e91fcddad1c8f2,cc8e8ac13eb48f0674ed5c9c9892bfcf3987527c95f5f50071d38a4d8d9f0883,993c448af3185f955bea7f7718c1849837b7d9957366bbf3d8fcd618f208915b,0.055384615384615386,0.043076923076923075,0.0,0.043076923076923075,0.043076923076923075,0.9569230769230769,3,torque_limited,0.06,4,7,5,0.7142857142857143,0.34762498738880304
BMLmovi_Subject_36_F_MoSh_Subject_36_F_12_poses_120_jpos,50.0,492,0.0,symmetric,0.0,50,severe,88ccda0bfe1199a4620e751c1000aa070a7663bd9f688be53f0c4b4ea749c22a,67517f9c0b8dff1a5c8328d04d2676fe925ddddb5c675b9a95d5fe640dc60469,993c448af3185f955bea7f7718c1849837b7d9957366bbf3d8fcd618f208915b,0.0,0.0,0.0,0.0,0.0,1.0,0,torque_limited,0.06,1,10,10,1.0,0.04732836239910877
CMU_39_39_05_poses_120_jpos,50.0,167,0.0,symmetric,0.0,50,severe,d2fa6f9125396ee40ce493fc2df0a940a97fa019ce3c9d0c4c336f49ddedb6ca,77bf862364084f2137c172bd23a32308346da960a64aac91ab10797dc587932b,993c448af3185f955bea7f7718c1849837b7d9957366bbf3d8fcd618f208915b,0.0,0.023952095808383235,0.0,0.023952095808383235,0.023952095808383235,0.9760479041916168,2,torque_limited,0.06,2,4,2,0.5,0.19411354836688727
HUMAN4D_Subject3_4_Carine_INF_Dancing_S3S4_01_poses_120_jpos,50.0,1012,0.0,symmetric,0.0,50,severe,d2c1e430a415f769fcde468ab5e7ac5e8349175030f19e5f62e98fa4f058c6cd,a0e68a7eebea444056134b8d1dbd671c609cf71ce3c2d0105b5802075a8b65e8,993c448af3185f955bea7f7718c1849837b7d9957366bbf3d8fcd618f208915b,0.10177865612648221,0.11857707509881422,0.010869565217391304,0.12944664031620554,0.12944664031620554,0.8705533596837944,17,torque_limited,0.06,18,21,11,0.5238095238095238,0.9739920161165425
Eyes_Japan_Dataset_kaiwa_jump-03-vertical-kaiwa_poses_120_jpos,50.0,1500,0.0,symmetric,0.0,50,severe,ea8c14a69f92b7b7cd4b089b2cc00de8347ffe02de8499cbcf917555f2f0c0c4,5f3d7e0e2440aa097d9e7a1e6c7b9dd04a6c82829926799e058f0f2103133201,993c448af3185f955bea7f7718c1849837b7d9957366bbf3d8fcd618f208915b,0.23,0.156,0.0,0.156,0.156,0.844,16,torque_limited,0.06,17,30,17,0.5666666666666667,1.6629284851865158
KIT_379_push_recovery_left08_poses_100_jpos,50.0,288,0.0,symmetric,0.0,50,severe,5528da5d29ddbafdf15fa62ba0457ef7d64117c34a99b024404948419a4ac7e9,6833a66dc2f2b7eaf949d98d445c575e561b6332f7412b7a81fdc2b1d95b83ef,993c448af3185f955bea7f7718c1849837b7d9957366bbf3d8fcd618f208915b,0.0798611111111111,0.07291666666666667,0.0,0.07291666666666667,0.07291666666666667,0.9270833333333334,2,torque_limited,0.06,3,6,5,0.8333333333333334,0.8561144313427913
CMU_137_137_08_poses_120_jpos,50.0,808,0.0,symmetric,0.0,50,severe,dda39b9b19aaceaba225feaf91dd7fb67f64bcd742efd5eca9c016a3fb705be4,1b2933d6889f725bfe42be31c0d203198ed2c0db794cac1cf0a176da87a742fc,993c448af3185f955bea7f7718c1849837b7d9957366bbf3d8fcd618f208915b,0.1150990099009901,0.1150990099009901,0.0,0.1150990099009901,0.1150990099009901,0.8849009900990099,9,torque_limited,0.06,10,17,9,0.5294117647058824,1.0197916846397115
Eyes_Japan_Dataset_hamada_turn-05-turn-hamada_poses_120_jpos,50.0,1500,0.0,symmetric,0.0,50,severe,50ac8db8350be8e6bf75b2e2aabd25074d2cd07f1738c71c43f385474a0a3feb,70eb78b555aeef31528514b32a234ed33bcbaf229693890f68c21cb11f3f8392,993c448af3185f955bea7f7718c1849837b7d9957366bbf3d8fcd618f208915b,0.0,0.0,0.0,0.0,0.0,1.0,0,torque_limited,0.06,1,30,30,1.0,0.09601726234780435
CMU_83_83_16_poses_120_jpos,50.0,213,0.0,symmetric,0.0,50,severe,85c9b7ca7df131cc6365ef20612132e337be93e4fb64185411b0ab087995ba37,ac6784d747270c96ddeac64afaa98f5f68362fb9b264ba8a857d2828832fe95e,993c448af3185f955bea7f7718c1849837b7d9957366bbf3d8fcd618f208915b,0.40375586854460094,0.4084507042253521,0.0,0.4084507042253521,0.4084507042253521,0.5915492957746479,2,torque_limited,0.06,2,5,3,0.6,1.003495807922189
BMLmovi_Subject_39_F_MoSh_Subject_39_F_18_poses_120_jpos,50.0,294,0.0,symmetric,0.0,50,severe,0aee9b44b80b931d96256eaa7f9464e0eb11f5c29295f605bab7aa31eea63ebc,36143b0ab2b6c68a9a7fbdee66b886849e21dda9248ec352a347a3ed6586fb7e,993c448af3185f955bea7f7718c1849837b7d9957366bbf3d8fcd618f208915b,0.0,0.0,0.0,0.0,0.0,1.0,0,torque_limited,0.06,1,6,6,1.0,0.10069506560818138
CMU_84_84_05_poses_60_jpos,50.0,269,0.0,symmetric,0.0,50,severe,8ca17508a3d2f44c222169f37fa29c5b55f568e22e3c6a22c3add5f6e894088e,ab15f4f57e8e7b0ef10a19d4ad1ee32463b5ce985eb309542b21cc64822e03c3,993c448af3185f955bea7f7718c1849837b7d9957366bbf3d8fcd618f208915b,0.0,0.0,0.0,0.0,0.0,1.0,0,torque_limited,0.06,1,6,6,1.0,0.15659940065131472
CMU_143_143_38_poses_60_jpos,50.0,1097,0.0,symmetric,0.0,50,severe,e0d5139fc904280d8089c4baf906e38f08aa99bb207119e754836d7c56c17763,30056d21628d690be7ed74a333f45d8939fe06585ed0dfbcb07af3e641519e96,993c448af3185f955bea7f7718c1849837b7d9957366bbf3d8fcd618f208915b,0.010027347310847767,0.010027347310847767,0.0,0.010027347310847767,0.010027347310847767,0.9899726526891522,1,torque_limited,0.06,2,22,20,0.9090909090909091,0.07716846685746172
CMU_79_79_01_poses_60_jpos,50.0,488,0.0,symmetric,0.0,50,severe,e94fe6ea3d141d3b608e119e5f7a6da485bc65a46fb777c22a6969cad56897ee,1745210675b8c6e23ba5b3cf53110a90dde231f9265583f81d6e2423f4101edf,993c448af3185f955bea7f7718c1849837b7d9957366bbf3d8fcd618f208915b,0.0,0.0,0.02459016393442623,0.02459016393442623,0.02459016393442623,0.9754098360655737,2,torque_limited,0.06,3,10,8,0.8,0.06481662033986475
CMU_144_144_17_poses_120_jpos,50.0,1175,0.0,symmetric,0.0,50,severe,7cc5f90f0d233a91028234b27a108117dbba22e60b410cd32e865a320d79a2e6,5710dc3271834564405884f7d1b142aac1b703baaf620ebea5199f9fae328c06,993c448af3185f955bea7f7718c1849837b7d9957366bbf3d8fcd618f208915b,0.19063829787234043,0.34808510638297874,0.0,0.34808510638297874,0.34808510638297874,0.6519148936170213,21,torque_limited,0.06,22,24,6,0.25,1.008815662610461
BMLmovi_Subject_51_F_MoSh_Subject_51_F_5_poses_120_jpos,50.0,285,0.0,symmetric,0.0,50,severe,c36a61149b20e8d38b770280eb6a38dfcfab541cfca2b84970c3d231e81019ae,3c0676794825433c32f798ccb08495c91ab14b2301a81d914c4a407bf61a3b7f,993c448af3185f955bea7f7718c1849837b7d9957366bbf3d8fcd618f208915b,0.21052631578947367,0.21052631578947367,0.0,0.21052631578947367,0.21052631578947367,0.7894736842105263,5,torque_limited,0.06,6,6,2,0.3333333333333333,1.0343142764611437
BMLmovi_Subject_55_F_MoSh_Subject_55_F_21_poses_120_jpos,50.0,414,0.0,symmetric,0.0,50,severe,9e512e0a69fc301f8a1f956916d25840176e94beecf12426a284dcca71c71f05,798c0645d405bd4391177d6045f21e1141adf7769d0199e491f014c6e25202d9,993c448af3185f955bea7f7718c1849837b7d9957366bbf3d8fcd618f208915b,0.0,0.0,0.0,0.0,0.0,1.0,0,torque_limited,0.06,1,9,9,1.0,0.0574024550415547
CMU_83_83_49_poses_120_jpos,50.0,190,0.0,symmetric,0.0,50,severe,9a9b5aaac7fb90cd0ed53dbc80bb3a1b6e55f38b301c8061a592b27ebc0a45f5,b8c68c29ca69d8addf29b7198a2d05ad1c31810eb13ac9e8bc410c2a089c586e,993c448af3185f955bea7f7718c1849837b7d9957366bbf3d8fcd618f208915b,0.17894736842105263,0.10526315789473684,0.0,0.10526315789473684,0.10526315789473684,0.8947368421052632,3,torque_limited,0.06,4,4,3,0.75,1.2888418068051866
BMLmovi_Subject_3_F_MoSh_Subject_3_F_7_poses_120_jpos,50.0,224,0.0,symmetric,0.0,50,severe,18e7e283c88c333acce3aa470b068761972d33a79a4cd3f576456a2eb6e61f94,24663c6958f341a354c8ea6c5e7a35c888977f9f842dedc6a0b66a293d598093,993c448af3185f955bea7f7718c1849837b7d9957366bbf3d8fcd618f208915b,0.16071428571428573,0.16071428571428573,0.0,0.16071428571428573,0.16071428571428573,0.8392857142857143,4,torque_limited,0.06,4,5,1,0.2,1.0274504409581722
SSM_synced_20160330_03333_side_hopping_poses_59_jpos,50.0,422,0.0,symmetric,0.0,50,severe,f9bf48d73d9a830df4c6bd9dd07a2b89779cf913420cacf40b8350204d568b9e,612db11b631f0bc4698979ff167a412cb1e8be2ef043a248e2d55ac2db8270cc,993c448af3185f955bea7f7718c1849837b7d9957366bbf3d8fcd618f208915b,0.011848341232227487,0.011848341232227487,0.0,0.011848341232227487,0.011848341232227487,0.9881516587677726,1,torque_limited,0.06,2,9,7,0.7777777777777778,0.12098083334190791
Transitions_mocap_mazen_c3d_airkick_turntwist180_poses_120_jpos,50.0,400,0.0,symmetric,0.0,50,severe,d36255af087a0cd54e77c14822a5bf30ab22b28a7c9f46f8b5755286b600adcb,4a5ccae0f1dc18487c25cd2c23ee0524434bf8797883f1c0f78d113e96d91633,993c448af3185f955bea7f7718c1849837b7d9957366bbf3d8fcd618f208915b,0.0975,0.105,0.0,0.105,0.105,0.895,1,torque_limited,0.06,2,8,6,0.75,0.8942247696699815
CMU_36_36_18_poses_120_jpos,50.0,1793,0.0,symmetric,0.0,50,severe,fef53a99231e3ca19d9d60fb4fa0266fac5765e9165573dd0583568abd0301a5,f81e3474aeb8af4b39d80f7a1acf8a03d3de059f85b981af0495cb104aa3c80a,993c448af3185f955bea7f7718c1849837b7d9957366bbf3d8fcd618f208915b,0.35861684327941995,0.35973229224762965,0.0,0.35973229224762965,0.35973229224762965,0.6402677077523703,8,torque_limited,0.06,9,36,16,0.4444444444444444,1.0673340641814522
BMLmovi_Subject_27_F_MoSh_Subject_27_F_5_poses_120_jpos,50.0,529,0.0,symmetric,0.0,50,severe,f5eb17d5149902de48fd24947675246eff59ed8a63675542b87888f4b624a962,313b7950e96785d29205460a127da413c062e78c243be7f44cd7c8d74814da78,993c448af3185f955bea7f7718c1849837b7d9957366bbf3d8fcd618f208915b,0.19659735349716445,0.20793950850661624,0.0,0.20793950850661624,0.20793950850661624,0.7920604914933838,3,torque_limited,0.06,4,11,7,0.6363636363636364,1.0536369670530277
BMLmovi_Subject_31_F_MoSh_Subject_31_F_21_poses_120_jpos,50.0,289,0.0,symmetric,0.0,50,severe,8ff925025e1918b8b7c56735d6b4d7e1f4e1abe69a83aa2ded123d9bbf3f63a8,871198030456eba5f9aa61716595c5fbfc81859009f69b19d99af0123718a19d,993c448af3185f955bea7f7718c1849837b7d9957366bbf3d8fcd618f208915b,0.02422145328719723,0.006920415224913495,0.0,0.006920415224913495,0.006920415224913495,0.9930795847750865,1,torque_limited,0.06,2,6,5,0.8333333333333334,0.11514122273581634
Eyes_Japan_Dataset_hamada_walk-17-push_by_back-hamada_poses_120_jpos,50.0,1500,0.0,symmetric,0.0,50,severe,f0ba352186fa299b861e249e3ad7af05fc1cd25aaff076f0e0fdad40b870bbac,af35055f62b271295edde8a79634b9d35914fbf9481fbb380a92a36da3aeb4f9,993c448af3185f955bea7f7718c1849837b7d9957366bbf3d8fcd618f208915b,0.01,0.01,0.0,0.01,0.01,0.99,1,torque_limited,0.06,2,30,29,0.9666666666666667,0.07031991829324949
CMU_36_36_04_poses_120_jpos,50.0,1553,0.0,symmetric,0.0,50,severe,63bf9e1250e6cc5da1202a9d6dea1ef170a85516652838c15f0a5cb597b43d12,c5c196f309878b456081749967677a4c4af06790e42b410654ffe6fc4c5d3d86,993c448af3185f955bea7f7718c1849837b7d9957366bbf3d8fcd618f208915b,0.2755956213779781,0.27945911139729557,0.0,0.27945911139729557,0.27945911139729557,0.7205408886027045,8,torque_limited,0.06,9,32,16,0.5,1.0099774699561754
BMLmovi_Subject_39_F_MoSh_Subject_39_F_14_poses_120_jpos,50.0,160,0.0,symmetric,0.0,50,severe,cb3233839e792e26e6d36dd713e531246308db0cb57731eb445cab303df5930b,376e415ee0e0ea6199b00edd966fddf51f592d3b31a40756a02dea6635fbf1be,993c448af3185f955bea7f7718c1849837b7d9957366bbf3d8fcd618f208915b,0.0,0.0,0.0,0.0,0.0,1.0,0,torque_limited,0.06,1,4,4,1.0,0.13004598802623332
KIT_359_turn_right08_poses_100_jpos,50.0,274,0.0,symmetric,0.0,50,severe,68a7dd80ef6cd4680e280b8d7c13d6ac2f39b05fab6cc44aefd837989726dae2,7346a41ec2779c8fccd0921b818cffe5470d84209a55fb0f41b3d74a5045946a,993c448af3185f955bea7f7718c1849837b7d9957366bbf3d8fcd618f208915b,0.072992700729927,0.072992700729927,0.0,0.072992700729927,0.072992700729927,0.927007299270073,2,torque_limited,0.06,3,6,4,0.6666666666666666,0.9093282651642722
CMU_83_83_53_poses_120_jpos,50.0,225,0.0,symmetric,0.0,50,severe,a99e1449736e4f8aa094ce828ad3b353bcbf9eae6d8718071f4a7d10c910a13c,5a0209a8968d81121bd33dcda411e010e15d69e215774683c6a9857332569d4e,993c448af3185f955bea7f7718c1849837b7d9957366bbf3d8fcd618f208915b,0.3022222222222222,0.19555555555555557,0.0,0.19555555555555557,0.19555555555555557,0.8044444444444444,4,torque_limited,0.06,5,5,3,0.6,1.9185108143049585
CMU_120_120_07_poses_120_jpos,50.0,464,0.0,symmetric,0.0,50,severe,bb24b451b1edcaf3d5dfa99ef3494e18554b6f7108145de5f35fc11313060b0c,c43cea5780679f95f79cc4592a2b89061fd7468db407e78e77d711d667503782,993c448af3185f955bea7f7718c1849837b7d9957366bbf3d8fcd618f208915b,0.23922413793103448,0.17672413793103448,0.0,0.17672413793103448,0.17672413793103448,0.8232758620689655,8,torque_limited,0.06,9,10,4,0.4,1.363457354889829
CMU_15_15_01_poses_120_jpos,50.0,2302,0.0,symmetric,0.0,50,severe,9173b91a0e05b808d146cf2d85d494ee95b5a1cca2125642e644426ba46004df,85c07711e424d99046a20e3337c27e70cdb5c211d47f46a4a35b6c63f00f67b7,993c448af3185f955bea7f7718c1849837b7d9957366bbf3d8fcd618f208915b,0.0,0.0,0.0,0.0,0.0,1.0,0,torque_limited,0.06,1,47,47,1.0,0.0785748652233266
CMU_74_74_05_poses_60_jpos,50.0,269,0.0,symmetric,0.0,50,severe,cdefdc7b632f005373fd0cc109eaf517a8835b11924906e07e13b5a0a840b2fb,f4ccb2b4be2be7b33c167558733169358bcbe9769d899470c239bba3a22e2f5b,993c448af3185f955bea7f7718c1849837b7d9957366bbf3d8fcd618f208915b,0.0,0.0,0.0,0.0,0.0,1.0,0,torque_limited,0.06,1,6,6,1.0,0.14033409781131087
CMU_06_06_14_poses_120_jpos,50.0,200,0.0,symmetric,0.0,50,severe,b6d4ef93cb05ff1db23697863fbc094777e8616951d787a760dc1154b66a8239,8a1c986ff7497a253fed30d3605303b7f8c4b783ce05657f28852e992f931402,993c448af3185f955bea7f7718c1849837b7d9957366bbf3d8fcd618f208915b,0.0,0.0,0.0,0.0,0.0,1.0,0,torque_limited,0.06,1,4,4,1.0,0.10237662887171542
ACCAD_MartialArtsWalksTurns_c3d_E3_-_advance_poses_120_jpos,50.0,318,0.0,symmetric,0.0,50,severe,0f8e60d8d4c6bf64dc0b89109006fb8317b15b64ae3d3941937f7636f8187a92,9e90cf4735a87ca6aea22e7e368d1689092d5dd460b4351c3af9b48c88533b49,993c448af3185f955bea7f7718c1849837b7d9957366bbf3d8fcd618f208915b,0.0031446540880503146,0.0031446540880503146,0.0,0.0031446540880503146,0.0031446540880503146,0.9968553459119497,1,torque_limited,0.06,2,7,6,0.8571428571428571,0.19091857816617236
CMU_144_144_28_poses_120_jpos,50.0,953,0.0,symmetric,0.0,50,severe,878713d85bb2d9c4126b30e0e8a78944cd3933e8cfcfc5038d0e7b90b9a00d36,77c0e015c0ded3844ade63c90294e7f75496674dac5045e4f91600b07c2a3cc9,993c448af3185f955bea7f7718c1849837b7d9957366bbf3d8fcd618f208915b,0.0031479538300104933,0.030430220356768102,0.0,0.030430220356768102,0.030430220356768102,0.9695697796432319,6,torque_limited,0.06,7,20,15,0.75,0.4430154852474718
BMLmovi_Subject_62_F_MoSh_Subject_62_F_3_poses_120_jpos,50.0,240,0.0,symmetric,0.0,50,severe,a73d93d9679603e7e3093f974e35586682d831d41a03480464808d1c87900053,bea1acc2c6ab5681c485c97af790b040c465afba2424663d7b3d562ff0959dba,993c448af3185f955bea7f7718c1849837b7d9957366bbf3d8fcd618f208915b,0.18333333333333332,0.1,0.0,0.1,0.1,0.9,5,torque_limited,0.06,6,5,1,0.2,0.8493576044111368
CMU_18_19_Justin_18_07_poses_120_jpos,50.0,121,0.0,symmetric,0.0,50,severe,57895cf151d81073aaa5d74e99b3da472eb8bcc390c517de99d382e68a1c10c6,353e323af20ccffc2a6768bafc19e3d6a7833813656ead5f0ae737e8075da532,993c448af3185f955bea7f7718c1849837b7d9957366bbf3d8fcd618f208915b,0.1487603305785124,0.1487603305785124,0.0,0.1487603305785124,0.1487603305785124,0.8512396694214877,2,torque_limited,0.06,3,3,1,0.3333333333333333,1.058161900925811
Eyes_Japan_Dataset_kanno_accident-11-fall_down-kanno_poses_120_jpos,50.0,1488,0.0,symmetric,0.0,50,severe,5b0c2f5c193f58962071bea1d7ab3b74532d2b71f9766e9f6b44cc634b3360f1,3bb6c2707c9816307352a49441c6d81de0cd596bfc89fca4ac9ff6ee1ce16186,993c448af3185f955bea7f7718c1849837b7d9957366bbf3d8fcd618f208915b,0.12231182795698925,0.1297043010752688,0.0,0.1297043010752688,0.1297043010752688,0.8702956989247311,18,torque_limited,0.06,19,30,17,0.5666666666666667,0.9875362438573734
CMU_54_54_22_poses_120_jpos,50.0,1056,0.0,symmetric,0.0,50,severe,8a54c2bd85b5165ca0484e888bab949339a74151f1a8abee453a66a9b9888207,47a401fdc50d58605b52d915f1ba13554c608d35a578859f9f8d050b6f4c331b,993c448af3185f955bea7f7718c1849837b7d9957366bbf3d8fcd618f208915b,0.13920454545454544,0.13920454545454544,0.0,0.13920454545454544,0.13920454545454544,0.8607954545454546,11,torque_limited,0.06,11,22,13,0.5909090909090909,1.015587776480876
CMU_132_132_53_poses_120_jpos,50.0,2709,0.0,symmetric,0.0,50,severe,dfa1c5626e9d7ce65cd3b2665762caacf7c01f8b32d0a95442b175c5ef580a5d,ede45f4f9c3e86cf2ae10afd3cce1a1f2514ed32115500cdd202503cabb5c1d8,993c448af3185f955bea7f7718c1849837b7d9957366bbf3d8fcd618f208915b,0.15725359911406422,0.2517534145441122,0.0,0.2517534145441122,0.2517534145441122,0.7482465854558877,49,torque_limited,0.06,50,55,20,0.36363636363636365,0.9752455450948139
BMLmovi_Subject_39_F_MoSh_Subject_39_F_6_poses_120_jpos,50.0,229,0.0,symmetric,0.0,50,severe,d27e2e8987962634c1c11509f917aaf3c23114d3cd7fdaa8851d2f5bb6649988,8a16ed9d783e7c74f5f8f3f55d196fa2f2661347c9eac249b71ebebf1a0c1897,993c448af3185f955bea7f7718c1849837b7d9957366bbf3d8fcd618f208915b,0.0,0.0,0.0,0.0,0.0,1.0,0,torque_limited,0.06,1,5,5,1.0,0.09838673785551166
BMLmovi_Subject_27_F_MoSh_Subject_27_F_17_poses_120_jpos,50.0,494,0.0,symmetric,0.0,50,severe,190511dbc13ef58f72cd2b5a4deceb8bf7dd9ac8cd54e70da126797115ed779e,54064eed13deb623effc11b7c94fe82aa25c1982531cea6fd30d572bed62cae8,993c448af3185f955bea7f7718c1849837b7d9957366bbf3d8fcd618f208915b,0.0,0.0,0.0,0.0,0.0,1.0,0,torque_limited,0.06,1,10,10,1.0,0.043414906076701856
CMU_17_17_09_poses_120_jpos,50.0,2533,0.0,symmetric,0.0,50,severe,a60e0ceb3c5d66a31768e8016b2be3e35a21b8a59d84aef61274195482ece1c0,40d935c2de8444ef9393d3868c0b81ce4962c5e78a9b36c689795bd43501dc90,993c448af3185f955bea7f7718c1849837b7d9957366bbf3d8fcd618f208915b,0.0,0.0,0.0,0.0,0.0,1.0,0,torque_limited,0.06,1,51,51,1.0,0.0880527672541559
KIT_167_parkour03_poses_100_jpos,50.0,352,0.0,symmetric,0.0,50,severe,1e1fe84317dde71f1f906d6cc689fba210c06012dab4233b352f4f45831b6985,fb756da569c395780717476d7ef62b0b843ec82984342552d72a6098bc280ba2,993c448af3185f955bea7f7718c1849837b7d9957366bbf3d8fcd618f208915b,0.005681818181818182,0.005681818181818182,0.0,0.005681818181818182,0.005681818181818182,0.9943181818181818,1,torque_limited,0.06,2,8,7,0.875,0.17135129655413775
Eyes_Japan_Dataset_hamada_accident-08-damage_rightfoot-hamada_poses_120_jpos,50.0,1488,0.0,symmetric,0.0,50,severe,3317e757a0e67dd5d31e562c75123ef78a614659618bde43f4ebbc38c7c49d93,efa889de018de25164247386585b48df5a90f62c5959f3f36893100d277ee875,993c448af3185f955bea7f7718c1849837b7d9957366bbf3d8fcd618f208915b,0.056451612903225805,0.056451612903225805,0.0,0.056451612903225805,0.056451612903225805,0.9435483870967742,5,torque_limited,0.06,6,30,23,0.7666666666666667,0.9239120047407416
BMLmovi_Subject_31_F_MoSh_Subject_31_F_8_poses_120_jpos,50.0,277,0.0,symmetric,0.0,50,severe,352d0264f57d5a040c86fb7b5de62dd82eeb37e71c533b53ada1c018d837c284,5b2e5469efe909b0ba32222a3734dd24247c9febfc34b36c4f2fab57d11c6127,993c448af3185f955bea7f7718c1849837b7d9957366bbf3d8fcd618f208915b,0.08664259927797834,0.0,0.0,0.0,0.0,1.0,0,torque_limited,0.06,1,6,6,1.0,0.1926765761235036
DFaust_67_50025_50025_punching_poses_60_jpos,50.0,166,0.0,symmetric,0.0,50,severe,733a493e3e6cfd37080b14dd20185b91c9a37852d7cda46f7c9ffa00f17a8c08,72d7bb7901e3795dfacc0988ea6474cf7521460a2c0d8925863b4255f4da5783,993c448af3185f955bea7f7718c1849837b7d9957366bbf3d8fcd618f208915b,0.13855421686746988,0.13855421686746988,0.0,0.13855421686746988,0.13855421686746988,0.8614457831325302,2,torque_limited,0.06,3,4,2,0.5,1.029498890751932
SFU_0018_0018_Walking001_poses_120_jpos,50.0,888,0.0,symmetric,0.0,50,severe,74888b1f1f8815ecb46d9f740d15dba308552e40f19af9868a42c3369ffecff2,fe6507a665f961625882ac58c43243eacc51f9a88837e682770322a44134c25d,993c448af3185f955bea7f7718c1849837b7d9957366bbf3d8fcd618f208915b,0.006756756756756757,0.010135135135135136,0.0,0.010135135135135136,0.010135135135135136,0.9898648648648649,4,torque_limited,0.06,5,18,14,0.7777777777777778,0.12151587619848692
CMU_55_55_01_poses_120_jpos,50.0,753,0.0,symmetric,0.0,50,severe,30663248a79ea9d6ce709288d33975abbbd9bacdf2e7530aca4a25afddef8ac1,4e440403fb581c4c6342b13938944376d987ae324254c39d3528815d033674fa,993c448af3185f955bea7f7718c1849837b7d9957366bbf3d8fcd618f208915b,0.010624169986719787,0.010624169986719787,0.0,0.010624169986719787,0.010624169986719787,0.9893758300132802,3,torque_limited,0.06,4,16,13,0.8125,0.21897011078967507
BMLmovi_Subject_48_F_MoSh_Subject_48_F_18_poses_120_jpos,50.0,515,0.0,symmetric,0.0,50,severe,0f5ab100f4e88144b6c513335a83abedf1488b27c040e9e29c7379eb9acf8e04,03ead57d2eeb4b89e0036f7aeda87fda9d0fe2c1be9a8e9ffb34ce7eb0a5313a,993c448af3185f955bea7f7718c1849837b7d9957366bbf3d8fcd618f208915b,0.0,0.0,0.0,0.0,0.0,1.0,0,torque_limited,0.06,1,11,11,1.0,0.10474610437942292
Transitions_mocap_mazen_c3d_airkick_jumpingtwist360_poses_120_jpos,50.0,355,0.0,symmetric,0.0,50,severe,01b1c881800beea4b45ac476bc340144c79ef1e7d17d4f23d217017361f2e785,7588d3a5e8b9a200e6ebc7cccbdda4044451e0dd7d4e6db9181a7ec7ac94e569,993c448af3185f955bea7f7718c1849837b7d9957366bbf3d8fcd618f208915b,0.323943661971831,0.29014084507042254,0.0,0.29014084507042254,0.29014084507042254,0.7098591549295775,5,torque_limited,0.06,6,8,4,0.5,1.35066218714821
Transitions_mocap_mazen_c3d_devishdance_longjump_poses_120_jpos,50.0,511,0.0,symmetric,0.0,50,severe,401fb421377f875f33f7ee075ea02c255e30eeb1e4c55648948e93d4a37bd65b,c014bf5cd03c108088ff4ba65f58cfc53f5daa5facb9fb52b6067642e94fab80,993c448af3185f955bea7f7718c1849837b7d9957366bbf3d8fcd618f208915b,0.3816046966731898,0.33659491193737767,0.0,0.33659491193737767,0.33659491193737767,0.6634050880626223,12,torque_limited,0.06,13,11,5,0.45454545454545453,1.3941688148574682
DFaust_67_50002_50002_light_hopping_loose_poses_60_jpos,50.0,195,0.0,symmetric,0.0,50,severe,f859a2ce31902e27e0fccd6335f3125700e725299702987c916ec516ef244a92,f3c2fd6263411c350e9e76679b266a9c1986f597f33de293dcf2fa5de2a62bbe,993c448af3185f955bea7f7718c1849837b7d9957366bbf3d8fcd618f208915b,0.07179487179487179,0.020512820512820513,0.0,0.020512820512820513,0.020512820512820513,0.9794871794871794,3,torque_limited,0.06,4,4,2,0.5,0.2904518364286392
Eyes_Japan_Dataset_kanno_gesture_etc-41-mosh-kanno_poses_120_jpos,50.0,1681,0.0,symmetric,0.0,50,severe,3400eed23f2a5168180b9370c7f04633e7c8ed333bd4e6722eb2b4cd50c58c35,2f4d0b4fd1a3a8c12891fbbb7c5dcf1dd4a81c5dbcef0b9ef8a915883a17bbc3,993c448af3185f955bea7f7718c1849837b7d9957366bbf3d8fcd618f208915b,0.06960142772159429,0.05056513979773944,0.0,0.05056513979773944,0.05056513979773944,0.9494348602022605,19,torque_limited,0.06,20,34,21,0.6176470588235294,0.5001886362076355
Eyes_Japan_Dataset_yamaoka_tennis-01-forehand-yamaoka_poses_120_jpos,50.0,1240,0.0,symmetric,0.0,50,severe,15e99ef1b81121cfddb0b97c0629266bf94d7d7dd5e25aa054246574710624a6,4067e1470651c95b797049886d7953ff340a6f9066cf33c0aa59d628b7a389a3,993c448af3185f955bea7f7718c1849837b7d9957366bbf3d8fcd618f208915b,0.12983870967741937,0.1596774193548387,0.0,0.1596774193548387,0.1596774193548387,0.8403225806451613,18,torque_limited,0.06,19,25,12,0.48,1.0590944041901342
DFaust_67_50004_50004_shake_hips_poses_60_jpos,50.0,178,0.0,symmetric,0.0,50,severe,627964a98976459cfe78862070e80511c85275f431c6d05c335f74a633d37f27,be67cb09670641e6cd9e85a0689420ffbb69e5565e79dc0b1fac133facdb77b5,993c448af3185f955bea7f7718c1849837b7d9957366bbf3d8fcd618f208915b,0.0,0.0,0.0,0.0,0.0,1.0,0,torque_limited,0.06,1,4,4,1.0,0.28364914868070534
CMU_133_133_04_poses_120_jpos,50.0,326,0.0,symmetric,0.0,50,severe,f2d9aaf9bb42e5769b9b1bd628810b236fc13e19c9b18623f123da28a1958742,69323cc8661c2b946c79c45bf6968a80dfd05ffd846e77507d643a539a15ab48,993c448af3185f955bea7f7718c1849837b7d9957366bbf3d8fcd618f208915b,0.1165644171779141,0.08588957055214724,0.0,0.08588957055214724,0.08588957055214724,0.9141104294478528,6,torque_limited,0.06,7,7,5,0.7142857142857143,0.9974727540509846
BMLmovi_Subject_22_F_MoSh_Subject_22_F_1_poses_120_jpos,50.0,487,0.0,symmetric,0.0,50,severe,55308118fbf25c0f2e43c239789b9f252a73b48e77f3cb49a0d9ca2bafca4b3d,12140f5a497eccd769e6fe6103962b2646f5bfe6e5b6a2d0b2879ff3f7cd659b,993c448af3185f955bea7f7718c1849837b7d9957366bbf3d8fcd618f208915b,0.03490759753593429,0.03490759753593429,0.0,0.03490759753593429,0.03490759753593429,0.9650924024640657,5,torque_limited,0.06,6,10,5,0.5,0.13969204638341604
Eyes_Japan_Dataset_aita_sitdown_standup-16-reseat-aita_poses_120_jpos,50.0,1500,0.0,symmetric,0.0,50,severe,45d5cb05ee82cdb558925af20d274cd96741ef8242f172a557142f781e05efa3,de177d20cefe079ea97a59a14a90e2fdd54a28189b0ff1556976ae024443e0ea,993c448af3185f955bea7f7718c1849837b7d9957366bbf3d8fcd618f208915b,0.39466666666666667,0.39466666666666667,0.0,0.39466666666666667,0.39466666666666667,0.6053333333333333,5,torque_limited,0.06,6,30,15,0.5,1.0998188090451813
SFU_0015_0015_KendoKata001_poses_120_jpos,50.0,7795,0.0,symmetric,0.0,50,severe,ae1622cf2258544c3265bcc0096a1cba43350b54290b6c8885fad01ba18d5b35,72dad626595ee5bfac9cae139d36652026cde4e732aaa2c422a40747c560371a,993c448af3185f955bea7f7718c1849837b7d9957366bbf3d8fcd618f208915b,0.05862732520846697,0.06401539448364336,0.0003848620910840282,0.0644002565747274,0.0644002565747274,0.9355997434252726,29,torque_limited,0.06,30,156,128,0.8205128205128205,0.8826678439678751
BMLmovi_Subject_31_F_MoSh_Subject_31_F_4_poses_120_jpos,50.0,177,0.0,symmetric,0.0,50,severe,9640808bbd53928d371b23e0ddd045cfc415dbd43634f49e17eec7770aec9e50,8e6e8bdde58f3bf261653fafbe10c9a46418317ce70af79cbc374a7ee94afc6c,993c448af3185f955bea7f7718c1849837b7d9957366bbf3d8fcd618f208915b,0.0,0.0,0.0,0.0,0.0,1.0,0,torque_limited,0.06,1,4,4,1.0,0.15219676228860685
CMU_60_60_09_poses_60_jpos,50.0,2145,0.0,symmetric,0.0,50,severe,8d8cf5542f8a96597e99637a605e307d1a2bb7c5f071e7fd2e159ae87b8f5fae,a7885b8605985c8c03115ca5bd2e525b469bab5a6d78c7dbe1a00015d0ec69f1,993c448af3185f955bea7f7718c1849837b7d9957366bbf3d8fcd618f208915b,0.2573426573426573,0.26666666666666666,0.0,0.26666666666666666,0.26666666666666666,0.7333333333333333,37,torque_limited,0.06,38,43,12,0.27906976744186046,1.0804808315145378
CMU_102_102_20_poses_120_jpos,50.0,253,0.0,symmetric,0.0,50,severe,13ccc12eaac7c0d648ae8dc6e105ae21ce405d9c3a93e408ed0989d17c614eda,f0cda60276588c15cd52456c22b20f051a6623b1a92d00b80e2d5a54afe82c3f,993c448af3185f955bea7f7718c1849837b7d9957366bbf3d8fcd618f208915b,0.3201581027667984,0.30434782608695654,0.0,0.30434782608695654,0.30434782608695654,0.6956521739130435,8,torque_limited,0.06,8,6,1,0.16666666666666666,1.2255233064637434
Eyes_Japan_Dataset_hamada_walk-10-shoulder_bag-hamada_poses_120_jpos,50.0,1500,0.0,symmetric,0.0,50,severe,f8e4a21fc479356670e178f3e5f29d03b88e891f712961deaa23feee86cccb6d,775f1c4169cdb8abd1530dd2a2df668f0b4c162d523a8c43d9e45ab3ba04ec92,993c448af3185f955bea7f7718c1849837b7d9957366bbf3d8fcd618f208915b,0.0026666666666666666,0.0026666666666666666,0.0,0.0026666666666666666,0.0026666666666666666,0.9973333333333333,1,torque_limited,0.06,2,30,29,0.9666666666666667,0.08042458481321425
BMLmovi_Subject_48_F_MoSh_Subject_48_F_16_poses_120_jpos,50.0,522,0.0,symmetric,0.0,50,severe,14cd98e996b460e97d869d33a70712285c882dfb3b3ea2dabbbbeaf02bf016bc,64828f5d5e24ad46384d7e587684740c0ba9a4fecb6b7d8dba09153248817899,993c448af3185f955bea7f7718c1849837b7d9957366bbf3d8fcd618f208915b,0.18582375478927204,0.19923371647509577,0.0,0.19923371647509577,0.19923371647509577,0.8007662835249042,3,torque_limited,0.06,4,11,7,0.6363636363636364,1.0444953776749053
CMU_20_21_rory1_20_08_poses_120_jpos,50.0,89,0.0,symmetric,0.0,50,severe,e146c87d6c5a2b101f4d83370d693658623c30845c734b004c6c5448029c9449,047a5a8d666443dd2fcea717e21182c8dc748c4620aad5e227b1ee790dc8b89a,993c448af3185f955bea7f7718c1849837b7d9957366bbf3d8fcd618f208915b,0.0,0.0,0.0,0.0,0.0,1.0,0,torque_limited,0.06,1,2,2,1.0,0.14051754107642375
BMLmovi_Subject_74_F_MoSh_Subject_74_F_20_poses_120_jpos,50.0,412,0.0,symmetric,0.0,50,severe,012f5ab856497817818058893496f40b3962d3857ed7163460d638dcbcf8448e,bf41395e516480cb9823550f954efebfad033086dc948d415645b3137ee40610,993c448af3185f955bea7f7718c1849837b7d9957366bbf3d8fcd618f208915b,0.0825242718446602,0.07766990291262135,0.0,0.07766990291262135,0.07766990291262135,0.9223300970873787,6,torque_limited,0.06,7,9,6,0.6666666666666666,1.0818413690641238
CMU_108_108_13_poses_120_jpos,50.0,65,0.0,symmetric,0.0,50,severe,68af7dd0380a286e5b1f675189073aa862429f7771fb915209f813560c3ae46f,06bfda22eec6c1282c55e38042ad85b1d6e8ae173080087f3919101b38648f73,993c448af3185f955bea7f7718c1849837b7d9957366bbf3d8fcd618f208915b,0.06153846153846154,0.12307692307692308,0.0,0.12307692307692308,0.12307692307692308,0.8769230769230769,2,torque_limited,0.06,1,2,0,0.0,0.9788532626420319
CMU_144_144_05_poses_120_jpos,50.0,1161,0.0,symmetric,0.0,50,severe,c87f9b4a5c559060ba7d376f465e4ade490d5e16db640a3782a6c8c15e9d078f,b77a01445bf51faf27b69159972952d63c4c6c1f456f5dfb7aad64cf710f2196,993c448af3185f955bea7f7718c1849837b7d9957366bbf3d8fcd618f208915b,0.29285099052540914,0.32127476313522824,0.0,0.32127476313522824,0.32127476313522824,0.6787252368647717,22,torque_limited,0.06,23,24,4,0.16666666666666666,1.0395118356393402
CMU_143_143_01_poses_60_jpos,50.0,83,0.0,symmetric,0.0,50,severe,566e1c30a375326f05df3bf0efeabb9b52c64b40f1222ba764d58c4dd12eacd8,f955325f63e18395e93c26705262f3ef440eb52ac21af125bfa820a6abb2b723,993c448af3185f955bea7f7718c1849837b7d9957366bbf3d8fcd618f208915b,0.0,0.08433734939759036,0.0,0.08433734939759036,0.08433734939759036,0.9156626506024096,2,torque_limited,0.06,1,2,0,0.0,0.848608544411927
CMU_91_91_17_poses_120_jpos,50.0,633,0.0,symmetric,0.0,50,severe,7d0c073f5325ed36e4508b544d6877b0327207541caeb04e8eacd3aaafad4171,b228be53d2ff32c03191de7fa9503469f2ba7d59652e86e8e262874acff0efc5,993c448af3185f955bea7f7718c1849837b7d9957366bbf3d8fcd618f208915b,0.0,0.0,0.0,0.0,0.0,1.0,0,torque_limited,0.06,1,13,13,1.0,0.152808239838983
CMU_105_105_11_poses_120_jpos,50.0,776,0.0,symmetric,0.0,50,severe,2d286b94b9f12e33ce8615e9be08bae00fef8605b6ea2437d37f11f07476898c,9c0e10ab3421e98011c73b0ffff6b12531954e37163a4364e9c6c19c322bca89,993c448af3185f955bea7f7718c1849837b7d9957366bbf3d8fcd618f208915b,0.002577319587628866,0.002577319587628866,0.0,0.002577319587628866,0.002577319587628866,0.9974226804123711,1,torque_limited,0.06,2,16,15,0.9375,0.10547987743987423
Eyes_Japan_Dataset_aita_walk-23-shuffle_oneleg-aita_poses_120_jpos,50.0,1500,0.0,symmetric,0.0,50,severe,f5dfc3b19d649048e80165efe03001d4adfc15e7aa622e2b78eb1573f3655b80,b2a95fe8e128d0b9c614888b255e86059721e1cbff3b5c60c9854a78bc996ca4,993c448af3185f955bea7f7718c1849837b7d9957366bbf3d8fcd618f208915b,0.28733333333333333,0.422,0.0,0.422,0.422,0.578,33,torque_limited,0.06,34,30,5,0.16666666666666666,1.0432112748191156
CMU_131_131_12_poses_120_jpos,50.0,320,0.0,symmetric,0.0,50,severe,9ed10493e16f0a8fb733e83e8256a1c18554a24f24455bb835628deea93116dc,a0c1da707d5d6814a16a87adfa7d5bfd15178bde79d2ccde975392b464e0d505,993c448af3185f955bea7f7718c1849837b7d9957366bbf3d8fcd618f208915b,0.1625,0.165625,0.0,0.165625,0.165625,0.834375,4,torque_limited,0.06,5,7,3,0.42857142857142855,1.0225586205551636
Eyes_Japan_Dataset_aita_walk-05-backward-aita_poses_120_jpos,50.0,1500,0.0,symmetric,0.0,50,severe,09d7afe5913fe9413657d64268940a38c620f53f048677392fabf65e3795c561,f98247035363742c6b3eb9e7da8536e71b2b53b2064a6f847839a2f19bee1d4b,993c448af3185f955bea7f7718c1849837b7d9957366bbf3d8fcd618f208915b,0.043333333333333335,0.051333333333333335,0.0,0.051333333333333335,0.051333333333333335,0.9486666666666667,11,torque_limited,0.06,12,30,20,0.6666666666666666,0.5234553569994455
BMLmovi_Subject_24_F_MoSh_Subject_24_F_12_poses_120_jpos,50.0,245,0.0,symmetric,0.0,50,severe,fa02d31a9939319afecc9ad04a07cb1df14fcb0db5f5b1cd5ac7f407b77f56e9,7ac804c275a9927886508a6e85e7856ff558aa2e4577b477590c6f8c2083ef20,993c448af3185f955bea7f7718c1849837b7d9957366bbf3d8fcd618f208915b,0.0163265306122449,0.08163265306122448,0.0,0.08163265306122448,0.08163265306122448,0.9183673469387755,5,torque_limited,0.06,6,5,4,0.8,0.5953956908011916
CMU_63_63_09_poses_120_jpos,50.0,188,0.0,symmetric,0.0,50,severe,afb5dba46d26a64e8c0c40ad6ec9ad3d2a087ffdb75e1be7618aec3c5e90fd47,694587284e16f2107e051338df206f143e3eb1ea95a6658c9c67d10d16146bb4,993c448af3185f955bea7f7718c1849837b7d9957366bbf3d8fcd618f208915b,0.0,0.0425531914893617,0.015957446808510637,0.05851063829787234,0.05851063829787234,0.9414893617021277,2,torque_limited,0.06,3,4,3,0.75,0.4954955460084991
BMLmovi_Subject_58_F_MoSh_Subject_58_F_3_poses_120_jpos,50.0,475,0.0,symmetric,0.0,50,severe,22c2a2bcacbac8ae50651a0211bdc82df55c5a07a1ca57d107a3a4a8c91fce36,096f69801ce188584d22946b6b91269e05d6e10a13cf50808113577866e77730,993c448af3185f955bea7f7718c1849837b7d9957366bbf3d8fcd618f208915b,0.0,0.0,0.0,0.0,0.0,1.0,0,torque_limited,0.06,1,10,10,1.0,0.09548221949122528
BMLmovi_Subject_13_F_MoSh_Subject_13_F_9_poses_120_jpos,50.0,380,0.0,symmetric,0.0,50,severe,5ed45e8b435f60e43ee9120115ae40abfcce07c5f3b036b98397c7c7f1711fa2,76d66edff0c87b425aa11d28dd1af7f85d121d4a991bab3bd79ac67f1da23b49,993c448af3185f955bea7f7718c1849837b7d9957366bbf3d8fcd618f208915b,0.0,0.0,0.0,0.0,0.0,1.0,0,torque_limited,0.06,1,8,8,1.0,0.05809036728572784
DFaust_67_50009_50009_one_leg_loose_poses_60_jpos,50.0,149,0.0,symmetric,0.0,50,severe,814fc1d0b5b68845e4fc773f3b22e7285d7153a0bc49914248987c0c824541e7,b1c52eaee60d68b12d787573396712bcc4c0462678991aba5c9eb8cc0a87304e,993c448af3185f955bea7f7718c1849837b7d9957366bbf3d8fcd618f208915b,0.11409395973154363,0.0,0.0,0.0,0.0,1.0,0,torque_limited,0.06,1,3,3,1.0,0.29308118989525633
BMLmovi_Subject_1_F_MoSh_Subject_1_F_13_poses_120_jpos,50.0,285,0.0,symmetric,0.0,50,severe,64e49a026469bb5c48d9ed6a76115c5c3fa2591e591432aa190c9524886207e5,6c06c0e3d52d52fd84cfdca419088b343fb19cdc36dc7cc800cbd4dc05478965,993c448af3185f955bea7f7718c1849837b7d9957366bbf3d8fcd618f208915b,0.10877192982456141,0.10877192982456141,0.0,0.10877192982456141,0.10877192982456141,0.8912280701754386,6,torque_limited,0.06,7,6,1,0.16666666666666666,0.8052547860902631
CMU_13_13_32_poses_120_jpos,50.0,140,0.0,symmetric,0.0,50,severe,7195af61af9df930005e7e3333f2607308b5d7f237b89adfd227d2d59bff72c9,de07edd0f51303aacdfe42e4b1145d950061937e4fdb41fc9f400822edf9db00,993c448af3185f955bea7f7718c1849837b7d9957366bbf3d8fcd618f208915b,0.37142857142857144,0.2357142857142857,0.0,0.2357142857142857,0.2357142857142857,0.7642857142857142,3,torque_limited,0.06,4,3,1,0.3333333333333333,1.9523866705957937
Eyes_Japan_Dataset_hamada_walk-02-drank-hamada_poses_120_jpos,50.0,1500,0.0,symmetric,0.0,50,severe,6ae9a300a2efff400bec62418538867bb8a5489cd2dd88aaead64dafe628a7ee,888e20f5c038d3b652906efc3cc5926fa631503f6443d9128a8c7d1bf1a986e5,993c448af3185f955bea7f7718c1849837b7d9957366bbf3d8fcd618f208915b,0.21666666666666667,0.22466666666666665,0.0,0.22466666666666665,0.22466666666666665,0.7753333333333333,36,torque_limited,0.06,37,30,9,0.3,1.1233454077959013
BMLmovi_Subject_53_F_MoSh_Subject_53_F_20_poses_120_jpos,50.0,435,0.0,symmetric,0.0,50,severe,786f82e62efdabe0067a0c4be2fb3f507a764b28c7af5f5c5ded8eaf59e78279,5507c1f2bab6d410d95d7df0b8bbe91aa4c6d8544e205185983c8bf5edea5e5f,993c448af3185f955bea7f7718c1849837b7d9957366bbf3d8fcd618f208915b,0.1724137931034483,0.15632183908045977,0.0,0.15632183908045977,0.15632183908045977,0.8436781609195402,12,torque_limited,0.06,13,9,3,0.3333333333333333,1.3254387381951958
CMU_91_91_12_poses_120_jpos,50.0,926,0.0,symmetric,0.0,50,severe,1dc2d5087aa44449a9a8079eb7e1a8a9b612d557da8dc9f4b3e69485cee75251,617a2924175e8a3540eee26de14fad2340a12c43925e2ee6733c01c9909f883c,993c448af3185f955bea7f7718c1849837b7d9957366bbf3d8fcd618f208915b,0.0,0.0,0.0,0.0,0.0,1.0,0,torque_limited,0.06,1,19,19,1.0,0.1213782937496524
BMLmovi_Subject_15_F_MoSh_Subject_15_F_14_poses_120_jpos,50.0,400,0.0,symmetric,0.0,50,severe,de4c2d9944f521bcd475d9d21103410e05ef0061bfc537a363d37d7c6bcf28b8,a45f96abcfaf50861b987a1a0d968256f12e973ac143f100edcf382a70a9a068,993c448af3185f955bea7f7718c1849837b7d9957366bbf3d8fcd618f208915b,0.1925,0.0775,0.0,0.0775,0.0775,0.9225,12,torque_limited,0.06,13,8,2,0.25,0.7190364514872344
ACCAD_Male2MartialArtsStances_c3d_D16_-_switch_stance_and_bounce_poses_120_jpos,50.0,245,0.0,symmetric,0.0,50,severe,9dbd5349f77a6213149043aedd58c2a0986567ff533391e51a173f8c60362472,10f05e2f4ed974cc74c3bb0a2620f1864d2045179d39f90d56b1615e6910f0bf,993c448af3185f955bea7f7718c1849837b7d9957366bbf3d8fcd618f208915b,0.0,0.0,0.0,0.0,0.0,1.0,0,torque_limited,0.06,1,5,5,1.0,0.08224373052558295
CMU_82_82_07_poses_120_jpos,50.0,499,0.0,symmetric,0.0,50,severe,243a4d910d2c85cb93893464a9ead6b24b13cf122ba812fe0268c5201ec5536e,143b0b1f9a1d6a8c36f04169b974ea8975657c91874d9f71db143023ff0ce9b5,993c448af3185f955bea7f7718c1849837b7d9957366bbf3d8fcd618f208915b,0.056112224448897796,0.35070140280561124,0.0,0.35070140280561124,0.35070140280561124,0.6492985971943888,11,torque_limited,0.06,12,10,2,0.2,0.9467506912472882
BMLmovi_Subject_20_F_MoSh_Subject_20_F_8_poses_120_jpos,50.0,192,0.0,symmetric,0.0,50,severe,481bf3370425eeb13a669020a9f9a4144839c3162a7c6fccaa41210796559e51,c2851aba8a57d7bfe7614afbd6ad86736de57d05692f93230293bf34299f6771,993c448af3185f955bea7f7718c1849837b7d9957366bbf3d8fcd618f208915b,0.020833333333333332,0.0,0.0,0.0,0.0,1.0,0,torque_limited,0.06,1,4,4,1.0,0.10644295458171654
BMLmovi_Subject_3_F_MoSh_Subject_3_F_6_poses_120_jpos,50.0,137,0.0,symmetric,0.0,50,severe,5aaa25e47ba38549eee849d0e67ade6255cf4be6e546abc92f577013cd91ed24,aae12575272b65402ca91eea7caafb2d425b4d6f364beff2b5c017a238f64559,993c448af3185f955bea7f7718c1849837b7d9957366bbf3d8fcd618f208915b,0.10948905109489052,0.0,0.0,0.0,0.0,1.0,0,torque_limited,0.06,1,3,3,1.0,0.2461808617814108
BMLmovi_Subject_11_F_MoSh_Subject_11_F_11_poses_120_jpos,50.0,230,0.0,symmetric,0.0,50,severe,a4b2c047fb7c7017ada565390e73c7e5a06f198bf1cc442d2519cbefd3071e2a,e52355e1154f012eddbe20bb5148e862558d615872c2434a51252d2a6986e124,993c448af3185f955bea7f7718c1849837b7d9957366bbf3d8fcd618f208915b,0.0,0.0,0.0,0.0,0.0,1.0,0,torque_limited,0.06,1,5,5,1.0,0.12720261741698452
CMU_108_108_20_poses_120_jpos,50.0,116,0.0,symmetric,0.0,50,severe,f55978cee80c173636021daf7283b610328eb261d584781dd616183ac01bc520,898639a5eeea49c598f2f6b9571a76d27f3c7b56a41c4697e3d137a239c6554b,993c448af3185f955bea7f7718c1849837b7d9957366bbf3d8fcd618f208915b,0.12931034482758622,0.05172413793103448,0.0,0.05172413793103448,0.05172413793103448,0.9482758620689655,3,torque_limited,0.06,3,3,0,0.0,0.47290145052210286
CMU_143_143_09_poses_60_jpos,50.0,454,0.0,symmetric,0.0,50,severe,22181b32683588957a582b79d42460329fcf591c9178213d1ea3748d55066877,dad110d9cbdd02038c2509a0eec6d49c5db8140fc38b8706c84285d73a209991,993c448af3185f955bea7f7718c1849837b7d9957366bbf3d8fcd618f208915b,0.18502202643171806,0.10572687224669604,0.0,0.10572687224669604,0.10572687224669604,0.8942731277533039,8,torque_limited,0.06,9,10,6,0.6,1.287068521909095
CMU_91_91_11_poses_120_jpos,50.0,776,0.0,symmetric,0.0,50,severe,daa026b70fec21c9ccc074b6e8f4ff240536b3e4f6a207e8dd9a6455572cb6a1,58209bede8091a988b99634cda905a7b8c2ca106bc30d06afd960f6454db3c60,993c448af3185f955bea7f7718c1849837b7d9957366bbf3d8fcd618f208915b,0.0,0.0,0.0,0.0,0.0,1.0,0,torque_limited,0.06,1,16,16,1.0,0.10861369988555167
CMU_78_78_31_poses_120_jpos,50.0,333,0.0,symmetric,0.0,50,severe,c5c70904216569167bebd8ddf2de9f55249e0c6f606ad6e024b045708f4be5ab,9824d6c6c10d1c1f479acad85c4069c8a994e19ec41cb4b914f54e52c06a14e4,993c448af3185f955bea7f7718c1849837b7d9957366bbf3d8fcd618f208915b,0.2912912912912913,0.32732732732732733,0.003003003003003003,0.3303303303303303,0.3303303303303303,0.6696696696696697,12,torque_limited,0.06,13,7,1,0.14285714285714285,0.9548833426672905
BMLmovi_Subject_24_F_MoSh_Subject_24_F_2_poses_120_jpos,50.0,144,0.0,symmetric,0.0,50,severe,b88225047303e4a5cb44a5c99a3e013b7efb39ee55e21817946d6a9fb1b32d95,a104772629b874376aa09c51f9ec09c03a2c0662c678d313d35746fbb93a5b3b,993c448af3185f955bea7f7718c1849837b7d9957366bbf3d8fcd618f208915b,0.2152777777777778,0.034722222222222224,0.0,0.034722222222222224,0.034722222222222224,0.9652777777777778,1,torque_limited,0.06,2,3,2,0.6666666666666666,0.33103865883485156
ACCAD_Male2MartialArtsKicks_c3d_G3_-_front_kick_poses_120_jpos,50.0,115,0.0,symmetric,0.0,50,severe,8572356897299b28003128f3af499907bdbec3d7029fc8d991c75c81430eb1fa,e4525f5196d706357823356a0bbb89e74c953ee5d7e2bf5af3103199a24a4ae9,993c448af3185f955bea7f7718c1849837b7d9957366bbf3d8fcd618f208915b,0.1565217391304348,0.1565217391304348,0.0,0.1565217391304348,0.1565217391304348,0.8434782608695652,1,torque_limited,0.06,2,3,2,0.6666666666666666,0.897985356604796
CMU_138_138_25_poses_120_jpos,50.0,149,0.0,symmetric,0.0,50,severe,4a7a5eac431a849ac857bcbc45fba1c30bd68e0732c81ee1d38325002d59ac20,6356427de6ba06a3ce462baf4d48630f072753262d7104a2d763d8b6d690953c,993c448af3185f955bea7f7718c1849837b7d9957366bbf3d8fcd618f208915b,0.08053691275167785,0.12080536912751678,0.0,0.12080536912751678,0.12080536912751678,0.8791946308724832,3,torque_limited,0.06,3,3,1,0.3333333333333333,0.9167271435238226
CMU_16_16_35_poses_120_jpos,50.0,68,0.0,symmetric,0.0,50,severe,8ebadad11e7c963c6a4fe16691cd0acbcce046cb5a5676df061563fee654f979,5879343ab3ac9b5e35cb8628056da6430ffde2c655ccefc53a74810bd685e6d8,993c448af3185f955bea7f7718c1849837b7d9957366bbf3d8fcd618f208915b,0.058823529411764705,0.11764705882352941,0.0,0.11764705882352941,0.11764705882352941,0.8823529411764706,2,torque_limited,0.06,1,2,0,0.0,1.066187543774497
Eyes_Japan_Dataset_kanno_accident-02-dodge_fast-kanno_poses_120_jpos,50.0,1488,0.0,symmetric,0.0,50,severe,596f78d947c0f082db1abb425143c60339c645bdc8b96aa922338f5fbf93d8f2,eddf36283c698328e263bbf50a946180be2c276a357a9e854e7e30906b521099,993c448af3185f955bea7f7718c1849837b7d9957366bbf3d8fcd618f208915b,0.034274193548387094,0.034274193548387094,0.0,0.034274193548387094,0.034274193548387094,0.9657258064516129,12,torque_limited,0.06,13,30,22,0.7333333333333333,0.2428483091318611
CMU_127_127_16_poses_120_jpos,50.0,108,0.0,symmetric,0.0,50,severe,adba086f91ac5f4dc8daec330c0b891687bfd74d725a5b8173129bb70f1a9d6f,3be30a7aef6725fc8f88aab9cc86ffada26bf68e72f229bdce1b4f7cf401f3ad,993c448af3185f955bea7f7718c1849837b7d9957366bbf3d8fcd618f208915b,0.23148148148148148,0.2222222222222222,0.0,0.2222222222222222,0.2222222222222222,0.7777777777777778,4,torque_limited,0.06,4,3,1,0.3333333333333333,1.3838042703785938
Transitions_mocap_mazen_c3d_twistdance_walk_poses_120_jpos,50.0,410,0.0,symmetric,0.0,50,severe,c806855e5597ba2571c0378542cb29ea690f627c40f922067034d5872d6cbd73,a6f8bc3e53278e9453f444ac788a357437a46c5124e632e7af9b254e903f3597,993c448af3185f955bea7f7718c1849837b7d9957366bbf3d8fcd618f208915b,0.16585365853658537,0.1024390243902439,0.0,0.1024390243902439,0.1024390243902439,0.8975609756097561,9,torque_limited,0.06,10,9,5,0.5555555555555556,0.8435027068662867
CMU_135_135_02_poses_120_jpos,50.0,2168,0.0,symmetric,0.0,50,severe,df74a35c6176bed85199fd27b6436d0e9dce730de835de57fe5fb48ee9a9acb2,de83e70c85c1077545e9e450860700d66a6606f1ac6661d41986de065d12abe8,993c448af3185f955bea7f7718c1849837b7d9957366bbf3d8fcd618f208915b,0.27075645756457567,0.2878228782287823,0.00507380073800738,0.29289667896678967,0.29289667896678967,0.7071033210332104,57,torque_limited,0.06,58,44,11,0.25,1.1360947147212428
BMLmovi_Subject_3_F_MoSh_Subject_3_F_18_poses_120_jpos,50.0,224,0.0,symmetric,0.0,50,severe,4deb904abd7e7a62dd2937dbb7c076baac7b07a3453767608bb906a1df2e6526,0ab0ef9e21af70052970bb9958fe1156071d64b49f3814b170a69bb617fcca08,993c448af3185f955bea7f7718c1849837b7d9957366bbf3d8fcd618f208915b,0.049107142857142856,0.0,0.0,0.0,0.0,1.0,0,torque_limited,0.06,1,5,5,1.0,0.2291970728197151
