clip,policy,frames,fps,n_bins,n_bins_eligible,bin_eligible_frac,bin_score_mean,infeasible_frac,severe_frac,severe_frac_guarded,feasible_frac_kept,n_severe_windows,screen_schema,screen_gap_m
ACCAD_Female1General_c3d_A5_-_pick_up_box_poses_120_jpos,screened,314,50.0,7,5,0.7142857142857143,0.8171428571428573,0.20382165605095542,0.20382165605095542,0.20382165605095542,0.7961783439490446,1,torque_limited,0.06
ACCAD_Male2MartialArtsKicks_c3d_G3_-_front_kick_poses_120_jpos,screened,115,50.0,3,2,0.6666666666666666,0.7066666666666667,0.1565217391304348,0.1565217391304348,0.1565217391304348,0.6173913043478261,1,torque_limited,0.06
ACCAD_Male2MartialArtsStances_c3d_D15_-_switch_stance_poses_120_jpos,screened,153,50.0,4,4,1.0,1.0,0.0,0.0,0.0,1.0,0,torque_limited,0.06
ACCAD_Male2MartialArtsStances_c3d_D16_-_switch_stance_and_bounce_poses_120_jpos,screened,245,50.0,5,5,1.0,1.0,0.0,0.0,0.0,1.0,0,torque_limited,0.06
ACCAD_Male2MartialArtsStances_c3d_D5_-_ready_to_walk_away_poses_120_jpos,screened,223,50.0,5,4,0.8,0.9739130434782609,0.013452914798206279,0.013452914798206279,0.013452914798206279,0.9865470852017937,1,torque_limited,0.06
ACCAD_MartialArtsWalksTurns_c3d_E16_-_block_right_middle_poses_120_jpos,screened,125,50.0,3,3,1.0,1.0,0.0,0.0,0.0,1.0,0,torque_limited,0.06
ACCAD_MartialArtsWalksTurns_c3d_E17_-_block_middle_high_poses_120_jpos,screened,127,50.0,3,3,1.0,1.0,0.0,0.0,0.0,1.0,0,torque_limited,0.06
ACCAD_MartialArtsWalksTurns_c3d_E1_-_Turn_around_right_poses_120_jpos,screened,718,50.0,15,15,1.0,1.0,0.0,0.0,0.0,1.0,0,torque_limited,0.06
ACCAD_MartialArtsWalksTurns_c3d_E2_-_Turn_around_left_poses_120_jpos,screened,654,50.0,14,14,1.0,1.0,0.0,0.0,0.0,1.0,0,torque_limited,0.06
ACCAD_MartialArtsWalksTurns_c3d_E3_-_advance_poses_120_jpos,screened,318,50.0,7,6,0.8571428571428571,0.9971428571428572,0.0031446540880503146,0.0031446540880503146,0.0031446540880503146,0.9968553459119497,1,torque_limited,0.06
BMLhandball_S02_Novice_Trial_upper_left_012_poses_120_jpos,screened,338,50.0,7,7,1.0,1.0,0.0,0.0,0.0,1.0,0,torque_limited,0.06
BMLhandball_S05_Novice_Trial_upper_left_061_poses_120_jpos,screened,265,50.0,6,6,1.0,1.0,0.0,0.0,0.0,1.0,0,torque_limited,0.06
BMLhandball_S05_Novice_Trial_upper_left_right_007_poses_120_jpos,screened,347,50.0,7,5,0.7142857142857143,0.7685714285714286,0.069164265129683,0.069164265129683,0.069164265129683,0.7665706051873199,4,torque_limited,0.06
BMLhandball_S05_Novice_Trial_upper_left_right_013_poses_120_jpos,screened,345,50.0,7,6,0.8571428571428571,0.9914285714285713,0.008695652173913044,0.008695652173913044,0.008695652173913044,0.991304347826087,1,torque_limited,0.06
BMLhandball_S06_Novice_Trial_upper_left_right_123_poses_120_jpos,screened,543,50.0,11,9,0.8181818181818182,0.9363636363636364,0.06445672191528545,0.06445672191528545,0.06445672191528545,0.9355432780847146,1,torque_limited,0.06
BMLhandball_S06_Novice_Trial_upper_right_217_poses_120_jpos,screened,411,50.0,9,8,0.8888888888888888,0.9755555555555557,0.0267639902676399,0.0267639902676399,0.0267639902676399,0.9732360097323601,1,torque_limited,0.06
BMLhandball_S07_Expert_Trial_upper_left_082_poses_120_jpos,screened,441,50.0,9,8,0.8888888888888888,0.9711111111111111,0.022675736961451247,0.022675736961451247,0.022675736961451247,0.9705215419501134,2,torque_limited,0.06
BMLhandball_S07_Expert_Trial_upper_left_right_037_poses_120_jpos,screened,666,50.0,14,13,0.9285714285714286,0.9442857142857142,0.012012012012012012,0.012012012012012012,0.012012012012012012,0.9414414414414415,3,torque_limited,0.06
BMLhandball_S07_Expert_Trial_upper_right_210_poses_120_jpos,screened,582,50.0,12,8,0.6666666666666666,0.6983333333333333,0.19072164948453607,0.19072164948453607,0.19072164948453607,0.6890034364261168,4,torque_limited,0.06
BMLhandball_S08_Novice_Trial_upper_left_056_poses_120_jpos,screened,668,50.0,14,14,1.0,1.0,0.0,0.0,0.0,1.0,0,torque_limited,0.06
BMLhandball_S08_Novice_Trial_upper_left_082_poses_120_jpos,screened,648,50.0,13,12,0.9230769230769231,0.9846153846153847,0.015432098765432098,0.015432098765432098,0.015432098765432098,0.9845679012345679,1,torque_limited,0.06
BMLhandball_S08_Novice_Trial_upper_right_086_poses_120_jpos,screened,679,50.0,14,13,0.9285714285714286,0.9871428571428572,0.013254786450662739,0.013254786450662739,0.013254786450662739,0.9867452135493373,1,torque_limited,0.06
BMLhandball_S08_Novice_Trial_upper_right_left_090_poses_120_jpos,screened,664,50.0,14,12,0.8571428571428571,0.9385714285714286,0.05120481927710843,0.05120481927710843,0.05120481927710843,0.9352409638554217,3,torque_limited,0.06
BMLhandball_S09_Novice_Trial_upper_left_188_poses_120_jpos,screened,440,50.0,9,8,0.8888888888888888,0.9888888888888889,0.011363636363636364,0.011363636363636364,0.011363636363636364,0.9886363636363636,1,torque_limited,0.06
BMLhandball_S09_Novice_Trial_upper_left_209_poses_120_jpos,screened,415,50.0,9,8,0.8888888888888888,0.9844444444444443,0.012048192771084338,0.012048192771084338,0.012048192771084338,0.983132530120482,2,torque_limited,0.06
BMLhandball_S09_Novice_Trial_upper_left_219_poses_120_jpos,screened,420,50.0,9,8,0.8888888888888888,0.9822222222222222,0.01904761904761905,0.01904761904761905,0.01904761904761905,0.9809523809523809,1,torque_limited,0.06
BMLhandball_S09_Novice_Trial_upper_left_right_087_poses_120_jpos,screened,523,50.0,11,6,0.5454545454545454,0.870909090909091,0.08221797323135756,0.08221797323135756,0.08221797323135756,0.9158699808795411,5,torque_limited,0.06
BMLhandball_S09_Novice_Trial_upper_right_left_118_poses_120_jpos,screened,464,50.0,10,5,0.5,0.746,0.07543103448275862,0.07543103448275862,0.07543103448275862,0.8038793103448276,4,torque_limited,0.06
BMLhandball_S09_Novice_Trial_upper_right_left_176_poses_120_jpos,screened,588,50.0,12,11,0.9166666666666666,0.9866666666666667,0.013605442176870748,0.013605442176870748,0.013605442176870748,0.9863945578231292,1,torque_limited,0.06
BMLhandball_S09_Novice_Trial_upper_right_left_181_poses_120_jpos,screened,456,50.0,10,10,1.0,1.0,0.0,0.0,0.0,1.0,0,torque_limited,0.06
BMLhandball_S09_Novice_Trial_upper_right_left_234_poses_120_jpos,screened,492,50.0,10,10,1.0,1.0,0.0,0.0,0.0,1.0,0,torque_limited,0.06
BMLmovi_Subject_11_F_MoSh_Subject_11_F_11_poses_120_jpos,screened,230,50.0,5,5,1.0,1.0,0.0,0.0,0.0,1.0,0,torque_limited,0.06
BMLmovi_Subject_13_F_MoSh_Subject_13_F_9_poses_120_jpos,screened,380,50.0,8,8,1.0,1.0,0.0,0.0,0.0,1.0,0,torque_limited,0.06
BMLmovi_Subject_15_F_MoSh_Subject_15_F_14_poses_120_jpos,screened,400,50.0,8,2,0.25,0.365,0.0775,0.0775,0.0775,0.365,12,torque_limited,0.06
BMLmovi_Subject_15_F_MoSh_Subject_15_F_16_poses_120_jpos,screened,452,50.0,10,10,1.0,1.0,0.0,0.0,0.0,1.0,0,torque_limited,0.06
BMLmovi_Subject_17_F_MoSh_Subject_17_F_10_poses_120_jpos,screened,115,50.0,3,3,1.0,1.0,0.0,0.0,0.0,1.0,0,torque_limited,0.06
BMLmovi_Subject_17_F_MoSh_Subject_17_F_14_poses_120_jpos,screened,342,50.0,7,3,0.42857142857142855,0.602857142857143,0.34502923976608185,0.34502923976608185,0.34502923976608185,0.5935672514619883,2,torque_limited,0.06
BMLmovi_Subject_17_F_MoSh_Subject_17_F_20_poses_120_jpos,screened,170,50.0,4,4,1.0,1.0,0.0,0.0,0.0,1.0,0,torque_limited,0.06
BMLmovi_Subject_18_F_MoSh_Subject_18_F_17_poses_120_jpos,screened,174,50.0,4,4,1.0,1.0,0.0,0.0,0.0,1.0,0,torque_limited,0.06
BMLmovi_Subject_18_F_MoSh_Subject_18_F_1_poses_120_jpos,screened,277,50.0,6,6,1.0,1.0,0.0,0.0,0.0,1.0,0,torque_limited,0.06
BMLmovi_Subject_18_F_MoSh_Subject_18_F_3_poses_120_jpos,screened,157,50.0,4,4,1.0,1.0,0.0,0.0,0.0,1.0,0,torque_limited,0.06
BMLmovi_Subject_1_F_MoSh_Subject_1_F_13_poses_120_jpos,screened,285,50.0,6,1,0.16666666666666666,0.5566666666666666,0.10877192982456141,0.10877192982456141,0.10877192982456141,0.5333333333333333,6,torque_limited,0.06
BMLmovi_Subject_20_F_MoSh_Subject_20_F_17_poses_120_jpos,screened,97,50.0,2,2,1.0,1.0,0.0,0.0,0.0,1.0,0,torque_limited,0.06
BMLmovi_Subject_20_F_MoSh_Subject_20_F_7_poses_120_jpos,screened,145,50.0,3,3,1.0,1.0,0.0,0.0,0.0,1.0,0,torque_limited,0.06
BMLmovi_Subject_20_F_MoSh_Subject_20_F_8_poses_120_jpos,screened,192,50.0,4,4,1.0,1.0,0.0,0.0,0.0,1.0,0,torque_limited,0.06
BMLmovi_Subject_22_F_MoSh_Subject_22_F_10_poses_120_jpos,screened,127,50.0,3,3,1.0,1.0,0.0,0.0,0.0,1.0,0,torque_limited,0.06
BMLmovi_Subject_22_F_MoSh_Subject_22_F_12_poses_120_jpos,screened,169,50.0,4,4,1.0,1.0,0.0,0.0,0.0,1.0,0,torque_limited,0.06
BMLmovi_Subject_22_F_MoSh_Subject_22_F_1_poses_120_jpos,screened,487,50.0,10,4,0.4,0.7779999999999999,0.03490759753593429,0.03490759753593429,0.03490759753593429,0.7987679671457906,5,torque_limited,0.06
BMLmovi_Subject_22_F_MoSh_Subject_22_F_2_poses_120_jpos,screened,150,50.0,3,3,1.0,1.0,0.0,0.0,0.0,1.0,0,torque_limited,0.06
BMLmovi_Subject_24_F_MoSh_Subject_24_F_12_poses_120_jpos,screened,245,50.0,5,4,0.8,0.8640000000000001,0.08163265306122448,0.08163265306122448,0.08163265306122448,0.8612244897959184,5,torque_limited,0.06
BMLmovi_Subject_24_F_MoSh_Subject_24_F_2_poses_120_jpos,screened,144,50.0,3,2,0.6666666666666666,0.9666666666666667,0.034722222222222224,0.034722222222222224,0.034722222222222224,0.9652777777777778,1,torque_limited,0.06
BMLmovi_Subject_27_F_MoSh_Subject_27_F_17_poses_120_jpos,screened,494,50.0,10,10,1.0,1.0,0.0,0.0,0.0,1.0,0,torque_limited,0.06
BMLmovi_Subject_27_F_MoSh_Subject_27_F_19_poses_120_jpos,screened,209,50.0,5,5,1.0,1.0,0.0,0.0,0.0,1.0,0,torque_limited,0.06
BMLmovi_Subject_27_F_MoSh_Subject_27_F_5_poses_120_jpos,screened,529,50.0,11,7,0.6363636363636364,0.7981818181818183,0.20793950850661624,0.20793950850661624,0.20793950850661624,0.7901701323251418,3,torque_limited,0.06
BMLmovi_Subject_29_F_MoSh_Subject_29_F_21_poses_120_jpos,screened,272,50.0,6,6,1.0,1.0,0.0,0.0,0.0,1.0,0,torque_limited,0.06
BMLmovi_Subject_30_F_MoSh_Subject_30_F_5_poses_120_jpos,screened,189,50.0,4,4,1.0,1.0,0.0,0.0,0.0,1.0,0,torque_limited,0.06
BMLmovi_Subject_31_F_MoSh_Subject_31_F_21_poses_120_jpos,screened,289,50.0,6,5,0.8333333333333334,0.8966666666666666,0.006920415224913495,0.006920415224913495,0.006920415224913495,0.8927335640138409,1,torque_limited,0.06
BMLmovi_Subject_31_F_MoSh_Subject_31_F_4_poses_120_jpos,screened,177,50.0,4,4,1.0,1.0,0.0,0.0,0.0,1.0,0,torque_limited,0.06
BMLmovi_Subject_31_F_MoSh_Subject_31_F_8_poses_120_jpos,screened,277,50.0,6,6,1.0,1.0,0.0,0.0,0.0,1.0,0,torque_limited,0.06
BMLmovi_Subject_32_F_MoSh_Subject_32_F_19_poses_120_jpos,screened,285,50.0,6,6,1.0,1.0,0.0,0.0,0.0,1.0,0,torque_limited,0.06
BMLmovi_Subject_32_F_MoSh_Subject_32_F_9_poses_120_jpos,screened,177,50.0,4,4,1.0,1.0,0.0,0.0,0.0,1.0,0,torque_limited,0.06
BMLmovi_Subject_34_F_MoSh_Subject_34_F_20_poses_120_jpos,screened,284,50.0,6,6,1.0,1.0,0.0,0.0,0.0,1.0,0,torque_limited,0.06
BMLmovi_Subject_36_F_MoSh_Subject_36_F_11_poses_120_jpos,screened,249,50.0,5,5,1.0,1.0,0.0,0.0,0.0,1.0,0,torque_limited,0.06
BMLmovi_Subject_36_F_MoSh_Subject_36_F_12_poses_120_jpos,screened,492,50.0,10,10,1.0,1.0,0.0,0.0,0.0,1.0,0,torque_limited,0.06
BMLmovi_Subject_36_F_MoSh_Subject_36_F_21_poses_120_jpos,screened,217,50.0,5,5,1.0,1.0,0.0,0.0,0.0,1.0,0,torque_limited,0.06
BMLmovi_Subject_39_F_MoSh_Subject_39_F_14_poses_120_jpos,screened,160,50.0,4,4,1.0,1.0,0.0,0.0,0.0,1.0,0,torque_limited,0.06
BMLmovi_Subject_39_F_MoSh_Subject_39_F_17_poses_120_jpos,screened,207,50.0,5,5,1.0,1.0,0.0,0.0,0.0,1.0,0,torque_limited,0.06
BMLmovi_Subject_39_F_MoSh_Subject_39_F_18_poses_120_jpos,screened,294,50.0,6,6,1.0,1.0,0.0,0.0,0.0,1.0,0,torque_limited,0.06
BMLmovi_Subject_39_F_MoSh_Subject_39_F_20_poses_120_jpos,screened,209,50.0,5,5,1.0,1.0,0.0,0.0,0.0,1.0,0,torque_limited,0.06
BMLmovi_Subject_39_F_MoSh_Subject_39_F_6_poses_120_jpos,screened,229,50.0,5,5,1.0,1.0,0.0,0.0,0.0,1.0,0,torque_limited,0.06
BMLmovi_Subject_3_F_MoSh_Subject_3_F_18_poses_120_jpos,screened,224,50.0,5,5,1.0,1.0,0.0,0.0,0.0,1.0,0,torque_limited,0.06
BMLmovi_Subject_3_F_MoSh_Subject_3_F_6_poses_120_jpos,screened,137,50.0,3,3,1.0,1.0,0.0,0.0,0.0,1.0,0,torque_limited,0.06
BMLmovi_Subject_3_F_MoSh_Subject_3_F_7_poses_120_jpos,screened,224,50.0,5,1,0.2,0.68,0.16071428571428573,0.16071428571428573,0.16071428571428573,0.7589285714285714,4,torque_limited,0.06
BMLmovi_Subject_41_F_MoSh_Subject_41_F_16_poses_120_jpos,screened,185,50.0,4,2,0.5,0.7,0.15675675675675677,0.15675675675675677,0.15675675675675677,0.6756756756756757,3,torque_limited,0.06
BMLmovi_Subject_41_F_MoSh_Subject_41_F_17_poses_120_jpos,screened,129,50.0,3,0,0.0,0.0,0.3875968992248062,0.3875968992248062,0.3875968992248062,0.0,1,torque_limited,0.06
BMLmovi_Subject_41_F_MoSh_Subject_41_F_2_poses_120_jpos,screened,409,50.0,9,9,1.0,1.0,0.0,0.0,0.0,1.0,0,torque_limited,0.06
BMLmovi_Subject_41_F_MoSh_Subject_41_F_5_poses_120_jpos,screened,182,50.0,4,4,1.0,1.0,0.0,0.0,0.0,1.0,0,torque_limited,0.06
BMLmovi_Subject_48_F_MoSh_Subject_48_F_11_poses_120_jpos,screened,232,50.0,5,5,1.0,1.0,0.0,0.0,0.0,1.0,0,torque_limited,0.06
BMLmovi_Subject_48_F_MoSh_Subject_48_F_16_poses_120_jpos,screened,522,50.0,11,7,0.6363636363636364,0.8090909090909091,0.19923371647509577,0.19923371647509577,0.19923371647509577,0.7988505747126436,3,torque_limited,0.06
BMLmovi_Subject_48_F_MoSh_Subject_48_F_18_poses_120_jpos,screened,515,50.0,11,11,1.0,1.0,0.0,0.0,0.0,1.0,0,torque_limited,0.06
BMLmovi_Subject_51_F_MoSh_Subject_51_F_5_poses_120_jpos,screened,285,50.0,6,2,0.3333333333333333,0.5966666666666667,0.21052631578947367,0.21052631578947367,0.21052631578947367,0.5754385964912281,5,torque_limited,0.06
BMLmovi_Subject_51_F_MoSh_Subject_51_F_9_poses_120_jpos,screened,197,50.0,4,4,1.0,1.0,0.0,0.0,0.0,1.0,0,torque_limited,0.06
BMLmovi_Subject_53_F_MoSh_Subject_53_F_20_poses_120_jpos,screened,435,50.0,9,3,0.3333333333333333,0.5333333333333333,0.15632183908045977,0.15632183908045977,0.15632183908045977,0.5172413793103449,12,torque_limited,0.06
BMLmovi_Subject_53_F_MoSh_Subject_53_F_3_poses_120_jpos,screened,259,50.0,6,5,0.8333333333333334,0.9833333333333334,0.019305019305019305,0.019305019305019305,0.019305019305019305,0.9806949806949807,1,torque_limited,0.06
BMLmovi_Subject_55_F_MoSh_Subject_55_F_10_poses_120_jpos,screened,182,50.0,4,4,1.0,1.0,0.0,0.0,0.0,1.0,0,torque_limited,0.06
BMLmovi_Subject_55_F_MoSh_Subject_55_F_13_poses_120_jpos,screened,207,50.0,5,5,1.0,1.0,0.0,0.0,0.0,1.0,0,torque_limited,0.06
BMLmovi_Subject_55_F_MoSh_Subject_55_F_21_poses_120_jpos,screened,414,50.0,9,9,1.0,1.0,0.0,0.0,0.0,1.0,0,torque_limited,0.06
BMLmovi_Subject_55_F_MoSh_Subject_55_F_3_poses_120_jpos,screened,182,50.0,4,4,1.0,1.0,0.0,0.0,0.0,1.0,0,torque_limited,0.06
BMLmovi_Subject_57_F_MoSh_Subject_57_F_14_poses_120_jpos,screened,577,50.0,12,12,1.0,1.0,0.0,0.0,0.0,1.0,0,torque_limited,0.06
BMLmovi_Subject_57_F_MoSh_Subject_57_F_6_poses_120_jpos,screened,300,50.0,6,6,1.0,1.0,0.0,0.0,0.0,1.0,0,torque_limited,0.06
BMLmovi_Subject_58_F_MoSh_Subject_58_F_3_poses_120_jpos,screened,475,50.0,10,10,1.0,1.0,0.0,0.0,0.0,1.0,0,torque_limited,0.06
BMLmovi_Subject_5_F_MoSh_Subject_5_F_10_poses_120_jpos,screened,149,50.0,3,3,1.0,1.0,0.0,0.0,0.0,1.0,0,torque_limited,0.06
BMLmovi_Subject_5_F_MoSh_Subject_5_F_9_poses_120_jpos,screened,119,50.0,3,3,1.0,1.0,0.0,0.0,0.0,1.0,0,torque_limited,0.06
BMLmovi_Subject_62_F_MoSh_Subject_62_F_3_poses_120_jpos,screened,240,50.0,5,1,0.2,0.296,0.1,0.1,0.1,0.26666666666666666,5,torque_limited,0.06
BMLmovi_Subject_62_F_MoSh_Subject_62_F_7_poses_120_jpos,screened,197,50.0,4,4,1.0,1.0,0.0,0.0,0.0,1.0,0,torque_limited,0.06
BMLmovi_Subject_62_F_MoSh_Subject_62_F_8_poses_120_jpos,screened,197,50.0,4,4,1.0,1.0,0.0,0.0,0.0,1.0,0,torque_limited,0.06
BMLmovi_Subject_64_F_MoSh_Subject_64_F_13_poses_120_jpos,screened,194,50.0,4,4,1.0,1.0,0.0,0.0,0.0,1.0,0,torque_limited,0.06
BMLmovi_Subject_64_F_MoSh_Subject_64_F_14_poses_120_jpos,screened,197,50.0,4,4,1.0,1.0,0.0,0.0,0.0,1.0,0,torque_limited,0.06
BMLmovi_Subject_64_F_MoSh_Subject_64_F_19_poses_120_jpos,screened,200,50.0,4,4,1.0,1.0,0.0,0.0,0.0,1.0,0,torque_limited,0.06
BMLmovi_Subject_67_F_MoSh_Subject_67_F_17_poses_120_jpos,screened,215,50.0,5,5,1.0,1.0,0.0,0.0,0.0,1.0,0,torque_limited,0.06
BMLmovi_Subject_67_F_MoSh_Subject_67_F_21_poses_120_jpos,screened,562,50.0,12,12,1.0,1.0,0.0,0.0,0.0,1.0,0,torque_limited,0.06
BMLmovi_Subject_69_F_MoSh_Subject_69_F_18_poses_120_jpos,screened,405,50.0,9,9,1.0,1.0,0.0,0.0,0.0,1.0,0,torque_limited,0.06
BMLmovi_Subject_69_F_MoSh_Subject_69_F_1_poses_120_jpos,screened,722,50.0,15,14,0.9333333333333333,0.9826666666666667,0.018005540166204988,0.018005540166204988,0.018005540166204988,0.981994459833795,1,torque_limited,0.06
BMLmovi_Subject_6_F_MoSh_Subject_6_F_2_poses_120_jpos,screened,119,50.0,3,3,1.0,1.0,0.0,0.0,0.0,1.0,0,torque_limited,0.06
BMLmovi_Subject_70_F_MoSh_Subject_70_F_19_poses_120_jpos,screened,127,50.0,3,3,1.0,1.0,0.0,0.0,0.0,1.0,0,torque_limited,0.06
BMLmovi_Subject_71_F_MoSh_Subject_71_F_13_poses_120_jpos,screened,179,50.0,4,4,1.0,1.0,0.0,0.0,0.0,1.0,0,torque_limited,0.06
BMLmovi_Subject_72_F_MoSh_Subject_72_F_15_poses_120_jpos,screened,204,50.0,5,5,1.0,1.0,0.0,0.0,0.0,1.0,0,torque_limited,0.06
BMLmovi_Subject_72_F_MoSh_Subject_72_F_17_poses_120_jpos,screened,172,50.0,4,4,1.0,1.0,0.0,0.0,0.0,1.0,0,torque_limited,0.06
BMLmovi_Subject_72_F_MoSh_Subject_72_F_5_poses_120_jpos,screened,319,50.0,7,6,0.8571428571428571,0.9742857142857143,0.02821316614420063,0.02821316614420063,0.02821316614420063,0.9717868338557993,1,torque_limited,0.06
BMLmovi_Subject_72_F_MoSh_Subject_72_F_6_poses_120_jpos,screened,237,50.0,5,4,0.8,0.8719999999999999,0.1350210970464135,0.1350210970464135,0.1350210970464135,0.8649789029535865,1,torque_limited,0.06
BMLmovi_Subject_74_F_MoSh_Subject_74_F_11_poses_120_jpos,screened,229,50.0,5,5,1.0,1.0,0.0,0.0,0.0,1.0,0,torque_limited,0.06
BMLmovi_Subject_74_F_MoSh_Subject_74_F_20_poses_120_jpos,screened,412,50.0,9,6,0.6666666666666666,0.8133333333333332,0.07766990291262135,0.07766990291262135,0.07766990291262135,0.7961165048543689,6,torque_limited,0.06
BMLmovi_Subject_74_F_MoSh_Subject_74_F_5_poses_120_jpos,screened,299,50.0,6,1,0.16666666666666666,0.45,0.4180602006688963,0.4180602006688963,0.4180602006688963,0.44816053511705684,2,torque_limited,0.06
BMLmovi_Subject_76_F_MoSh_Subject_76_F_10_poses_120_jpos,screened,444,50.0,9,9,1.0,1.0,0.0,0.0,0.0,1.0,0,torque_limited,0.06
BMLmovi_Subject_79_F_MoSh_Subject_79_F_10_poses_120_jpos,screened,199,50.0,4,4,1.0,1.0,0.0,0.0,0.0,1.0,0,torque_limited,0.06
BMLmovi_Subject_79_F_MoSh_Subject_79_F_15_poses_120_jpos,screened,214,50.0,5,5,1.0,1.0,0.0,0.0,0.0,1.0,0,torque_limited,0.06
BMLmovi_Subject_81_F_MoSh_Subject_81_F_15_poses_120_jpos,screened,194,50.0,4,4,1.0,1.0,0.0,0.0,0.0,1.0,0,torque_limited,0.06
BMLmovi_Subject_83_F_MoSh_Subject_83_F_19_poses_120_jpos,screened,269,50.0,6,5,0.8333333333333334,0.9933333333333333,0.007434944237918215,0.007434944237918215,0.007434944237918215,0.9925650557620818,1,torque_limited,0.06
BMLmovi_Subject_83_F_MoSh_Subject_83_F_21_poses_120_jpos,screened,190,50.0,4,4,1.0,1.0,0.0,0.0,0.0,1.0,0,torque_limited,0.06
BMLmovi_Subject_85_F_MoSh_Subject_85_F_4_poses_120_jpos,screened,347,50.0,7,7,1.0,1.0,0.0,0.0,0.0,1.0,0,torque_limited,0.06
BMLmovi_Subject_85_F_MoSh_Subject_85_F_7_poses_120_jpos,screened,182,50.0,4,4,1.0,1.0,0.0,0.0,0.0,1.0,0,torque_limited,0.06
BMLmovi_Subject_88_F_MoSh_Subject_88_F_17_poses_120_jpos,screened,174,50.0,4,4,1.0,1.0,0.0,0.0,0.0,1.0,0,torque_limited,0.06
BMLmovi_Subject_8_F_MoSh_Subject_8_F_15_poses_120_jpos,screened,197,50.0,4,4,1.0,1.0,0.0,0.0,0.0,1.0,0,torque_limited,0.06
CMU_02_02_08_poses_120_jpos,screened,625,50.0,13,8,0.6153846153846154,0.8876923076923077,0.1168,0.1168,0.1168,0.8832,3,torque_limited,0.06
CMU_06_06_01_poses_120_jpos,screened,206,50.0,5,5,1.0,1.0,0.0,0.0,0.0,1.0,0,torque_limited,0.06
CMU_06_06_14_poses_120_jpos,screened,200,50.0,4,4,1.0,1.0,0.0,0.0,0.0,1.0,0,torque_limited,0.06
CMU_07_07_01_poses_120_jpos,screened,132,50.0,3,1,0.3333333333333333,0.5666666666666667,0.15151515151515152,0.15151515151515152,0.15151515151515152,0.6439393939393939,4,torque_limited,0.06
CMU_102_102_20_poses_120_jpos,screened,253,50.0,6,1,0.16666666666666666,0.29,0.30434782608695654,0.30434782608695654,0.30434782608695654,0.3438735177865613,8,torque_limited,0.06
CMU_105_105_06_poses_120_jpos,screened,57,50.0,2,2,1.0,1.0,0.0,0.0,0.0,1.0,0,torque_limited,0.06
CMU_105_105_11_poses_120_jpos,screened,776,50.0,16,15,0.9375,0.9975,0.002577319587628866,0.002577319587628866,0.002577319587628866,0.9974226804123711,1,torque_limited,0.06
CMU_105_105_21_poses_120_jpos,screened,1613,50.0,33,33,1.0,1.0,0.0,0.0,0.0,1.0,0,torque_limited,0.06
CMU_105_105_35_poses_120_jpos,screened,1272,50.0,26,26,1.0,1.0,0.0,0.0,0.0,1.0,0,torque_limited,0.06
CMU_106_106_11_poses_60_jpos,screened,571,50.0,12,11,0.9166666666666666,0.9816666666666668,0.01926444833625219,0.01926444833625219,0.01926444833625219,0.9807355516637478,1,torque_limited,0.06
CMU_107_107_01_poses_60_jpos,screened,442,50.0,9,9,1.0,1.0,0.0,0.0,0.0,1.0,0,torque_limited,0.06
CMU_108_108_11_poses_120_jpos,screened,102,50.0,3,0,0.0,0.5,0.09803921568627451,0.09803921568627451,0.09803921568627451,0.7352941176470589,4,torque_limited,0.06
CMU_108_108_13_poses_120_jpos,screened,65,50.0,2,0,0.0,0.8266666666666667,0.12307692307692308,0.12307692307692308,0.12307692307692308,0.8769230769230769,2,torque_limited,0.06
CMU_108_108_20_poses_120_jpos,screened,116,50.0,3,0,0.0,0.9041666666666667,0.05172413793103448,0.05172413793103448,0.05172413793103448,0.9310344827586207,3,torque_limited,0.06
CMU_111_111_37_poses_120_jpos,screened,135,50.0,3,3,1.0,1.0,0.0,0.0,0.0,1.0,0,torque_limited,0.06
CMU_114_114_01_poses_120_jpos,screened,134,50.0,3,3,1.0,1.0,0.0,0.0,0.0,1.0,0,torque_limited,0.06
CMU_114_114_04_poses_120_jpos,screened,373,50.0,8,6,0.75,0.78,0.2359249329758713,0.2359249329758713,0.2359249329758713,0.7640750670241286,1,torque_limited,0.06
CMU_114_114_06_poses_120_jpos,screened,426,50.0,9,5,0.5555555555555556,0.6066666666666667,0.4154929577464789,0.4154929577464789,0.4154929577464789,0.5845070422535211,1,torque_limited,0.06
CMU_114_114_09_poses_120_jpos,screened,949,50.0,19,9,0.47368421052631576,0.5810526315789474,0.41938883034773444,0.41938883034773444,0.41938883034773444,0.5806111696522656,2,torque_limited,0.06
CMU_114_114_13_poses_120_jpos,screened,1305,50.0,27,27,1.0,1.0,0.0,0.0,0.0,1.0,0,torque_limited,0.06
CMU_115_115_06_poses_60_jpos,screened,297,50.0,6,4,0.6666666666666666,0.7966666666666667,0.2053872053872054,0.2053872053872054,0.2053872053872054,0.7946127946127947,1,torque_limited,0.06
CMU_118_118_10_poses_120_jpos,screened,218,50.0,5,4,0.8,0.992,0.009174311926605505,0.009174311926605505,0.009174311926605505,0.9908256880733946,1,torque_limited,0.06
CMU_118_118_19_poses_120_jpos,screened,255,50.0,6,4,0.6666666666666666,0.9633333333333333,0.03137254901960784,0.03137254901960784,0.03137254901960784,0.9568627450980393,2,torque_limited,0.06
CMU_120_120_07_poses_120_jpos,screened,464,50.0,10,4,0.4,0.7060000000000001,0.17672413793103448,0.17672413793103448,0.17672413793103448,0.6831896551724138,8,torque_limited,0.06
CMU_120_120_21_poses_120_jpos,screened,1297,50.0,26,15,0.5769230769230769,0.7534042553191489,0.2413261372397841,0.2413261372397841,0.2413261372397841,0.7532767925983038,7,torque_limited,0.06
CMU_122_122_01_poses_120_jpos,screened,264,50.0,6,4,0.6666666666666666,0.8033333333333333,0.21212121212121213,0.21212121212121213,0.21212121212121213,0.7765151515151515,3,torque_limited,0.06
CMU_122_122_09_poses_120_jpos,screened,188,50.0,4,2,0.5,0.65,0.3723404255319149,0.3723404255319149,0.3723404255319149,0.6276595744680851,1,torque_limited,0.06
CMU_122_122_34_poses_120_jpos,screened,403,50.0,9,4,0.4444444444444444,0.508888888888889,0.4317617866004963,0.4317617866004963,0.4317617866004963,0.5682382133995038,1,torque_limited,0.06
CMU_122_122_44_poses_120_jpos,screened,275,50.0,6,6,1.0,1.0,0.0,0.0,0.0,1.0,0,torque_limited,0.06
CMU_122_122_48_poses_120_jpos,screened,185,50.0,4,2,0.5,0.685,0.005405405405405406,0.005405405405405406,0.005405405405405406,0.7405405405405405,1,torque_limited,0.06
CMU_122_122_55_poses_120_jpos,screened,307,50.0,7,5,0.7142857142857143,0.9657142857142856,0.029315960912052116,0.029315960912052116,0.029315960912052116,0.9609120521172638,2,torque_limited,0.06
CMU_123_123_10_poses_120_jpos,screened,333,50.0,7,7,1.0,1.0,0.0,0.0,0.0,1.0,0,torque_limited,0.06
CMU_127_127_16_poses_120_jpos,screened,108,50.0,3,0,0.0,0.0,0.2222222222222222,0.2222222222222222,0.2222222222222222,0.0,4,torque_limited,0.06
CMU_12_12_02_poses_120_jpos,screened,280,50.0,6,4,0.6666666666666666,0.9166666666666666,0.017857142857142856,0.017857142857142856,0.017857142857142856,0.9107142857142857,2,torque_limited,0.06
CMU_131_131_12_poses_120_jpos,screened,320,50.0,7,2,0.2857142857142857,0.41428571428571426,0.165625,0.165625,0.165625,0.453125,4,torque_limited,0.06
CMU_132_132_10_poses_120_jpos,screened,677,50.0,14,14,1.0,1.0,0.0,0.0,0.0,1.0,0,torque_limited,0.06
CMU_132_132_19_poses_120_jpos,screened,113,50.0,3,3,1.0,1.0,0.0,0.0,0.0,1.0,0,torque_limited,0.06
CMU_132_132_22_poses_120_jpos,screened,155,50.0,4,3,0.75,0.85,0.01935483870967742,0.01935483870967742,0.01935483870967742,0.9806451612903225,1,torque_limited,0.06
CMU_132_132_43_poses_120_jpos,screened,335,50.0,7,7,1.0,1.0,0.0,0.0,0.0,1.0,0,torque_limited,0.06
CMU_132_132_46_poses_120_jpos,screened,510,50.0,11,11,1.0,1.0,0.0,0.0,0.0,1.0,0,torque_limited,0.06
CMU_132_132_47_poses_120_jpos,screened,629,50.0,13,13,1.0,1.0,0.0,0.0,0.0,1.0,0,torque_limited,0.06
CMU_132_132_53_poses_120_jpos,screened,2709,50.0,55,20,0.36363636363636365,0.5112727272727273,0.2517534145441122,0.2517534145441122,0.2517534145441122,0.5038759689922481,49,torque_limited,0.06
CMU_133_133_04_poses_120_jpos,screened,326,50.0,7,5,0.7142857142857143,0.8228571428571428,0.08588957055214724,0.08588957055214724,0.08588957055214724,0.8098159509202454,6,torque_limited,0.06
CMU_133_133_23_poses_120_jpos,screened,353,50.0,8,8,1.0,1.0,0.0,0.0,0.0,1.0,0,torque_limited,0.06
CMU_133_133_25_poses_120_jpos,screened,171,50.0,4,4,1.0,1.0,0.0,0.0,0.0,1.0,0,torque_limited,0.06
CMU_135_135_02_poses_120_jpos,screened,2168,50.0,44,11,0.25,0.5181818181818182,0.2878228782287823,0.29289667896678967,0.29289667896678967,0.511070110701107,57,torque_limited,0.06
CMU_136_136_02_poses_120_jpos,screened,358,50.0,8,6,0.75,0.925,0.08379888268156424,0.08379888268156424,0.08379888268156424,0.9162011173184358,2,torque_limited,0.06
CMU_136_136_06_poses_120_jpos,screened,393,50.0,8,3,0.375,0.385,0.17557251908396945,0.17557251908396945,0.17557251908396945,0.39185750636132316,8,torque_limited,0.06
CMU_136_136_27_poses_120_jpos,screened,453,50.0,10,4,0.4,0.532,0.2163355408388521,0.2163355408388521,0.2163355408388521,0.48344370860927155,8,torque_limited,0.06
CMU_137_137_08_poses_120_jpos,screened,808,50.0,17,9,0.5294117647058824,0.7199999999999999,0.1150990099009901,0.1150990099009901,0.1150990099009901,0.7054455445544554,9,torque_limited,0.06
CMU_137_137_13_poses_120_jpos,screened,1235,50.0,25,18,0.72,0.9503999999999999,0.05020242914979757,0.05020242914979757,0.05020242914979757,0.9497975708502024,5,torque_limited,0.06
CMU_138_138_23_poses_120_jpos,screened,191,50.0,4,4,1.0,1.0,0.0,0.0,0.0,1.0,0,torque_limited,0.06
CMU_138_138_25_poses_120_jpos,screened,149,50.0,3,1,0.3333333333333333,0.5,0.12080536912751678,0.12080536912751678,0.12080536912751678,0.5033557046979866,3,torque_limited,0.06
CMU_139_139_15_poses_60_jpos,screened,898,50.0,18,3,0.16666666666666666,0.5736111111111111,0.2594654788418708,0.2594654788418708,0.2594654788418708,0.5746102449888641,13,torque_limited,0.06
CMU_13_13_07_poses_120_jpos,screened,605,50.0,13,13,1.0,1.0,0.0,0.0,0.0,1.0,0,torque_limited,0.06
CMU_13_13_08_poses_120_jpos,screened,668,50.0,14,14,1.0,1.0,0.0,0.0,0.0,1.0,0,torque_limited,0.06
CMU_13_13_32_poses_120_jpos,screened,140,50.0,3,1,0.3333333333333333,0.37333333333333335,0.2357142857142857,0.2357142857142857,0.2357142857142857,0.4,3,torque_limited,0.06
CMU_141_141_18_poses_60_jpos,screened,323,50.0,7,5,0.7142857142857143,0.8485714285714285,0.02786377708978328,0.02786377708978328,0.02786377708978328,0.9195046439628483,1,torque_limited,0.06
CMU_141_141_21_poses_60_jpos,screened,226,50.0,5,5,1.0,1.0,0.0,0.0,0.0,1.0,0,torque_limited,0.06
CMU_143_143_01_poses_60_jpos,screened,83,50.0,2,0,0.0,0.9145454545454546,0.08433734939759036,0.08433734939759036,0.08433734939759036,0.9156626506024096,2,torque_limited,0.06
CMU_143_143_09_poses_60_jpos,screened,454,50.0,10,6,0.6,0.808,0.10572687224669604,0.10572687224669604,0.10572687224669604,0.788546255506608,8,torque_limited,0.06
CMU_143_143_10_poses_60_jpos,screened,479,50.0,10,9,0.9,0.9719999999999999,0.029227557411273485,0.029227557411273485,0.029227557411273485,0.9707724425887265,1,torque_limited,0.06
CMU_143_143_20_poses_60_jpos,screened,542,50.0,11,10,0.9090909090909091,0.9690909090909091,0.03136531365313653,0.03136531365313653,0.03136531365313653,0.9686346863468634,1,torque_limited,0.06
CMU_143_143_27_poses_60_jpos,screened,586,50.0,12,12,1.0,1.0,0.0,0.0,0.0,1.0,0,torque_limited,0.06
CMU_143_143_38_poses_60_jpos,screened,1097,50.0,22,20,0.9090909090909091,0.9900000000000001,0.010027347310847767,0.010027347310847767,0.010027347310847767,0.9899726526891522,1,torque_limited,0.06
CMU_144_144_05_poses_120_jpos,screened,1161,50.0,24,4,0.16666666666666666,0.3433333333333333,0.32127476313522824,0.32127476313522824,0.32127476313522824,0.32127476313522824,22,torque_limited,0.06
CMU_144_144_17_poses_120_jpos,screened,1175,50.0,24,6,0.25,0.4808333333333333,0.34808510638297874,0.34808510638297874,0.34808510638297874,0.4697872340425532,21,torque_limited,0.06
CMU_144_144_28_poses_120_jpos,screened,953,50.0,20,15,0.75,0.9359999999999999,0.030430220356768102,0.030430220356768102,0.030430220356768102,0.9328436516264428,6,torque_limited,0.06
CMU_15_15_01_poses_120_jpos,screened,2302,50.0,47,47,1.0,1.0,0.0,0.0,0.0,1.0,0,torque_limited,0.06
CMU_16_16_35_poses_120_jpos,screened,68,50.0,2,0,0.0,0.8488888888888889,0.11764705882352941,0.11764705882352941,0.11764705882352941,0.8823529411764706,2,torque_limited,0.06
CMU_17_17_09_poses_120_jpos,screened,2533,50.0,51,51,1.0,1.0,0.0,0.0,0.0,1.0,0,torque_limited,0.06
CMU_18_19_Justin_18_07_poses_120_jpos,screened,121,50.0,3,1,0.3333333333333333,0.6066666666666666,0.1487603305785124,0.1487603305785124,0.1487603305785124,0.512396694214876,2,torque_limited,0.06
CMU_18_19_Justin_18_15_poses_120_jpos,screened,640,50.0,13,9,0.6923076923076923,0.8446153846153847,0.11875,0.11875,0.11875,0.8421875,4,torque_limited,0.06
CMU_20_21_rory1_20_08_poses_120_jpos,screened,89,50.0,2,2,1.0,1.0,0.0,0.0,0.0,1.0,0,torque_limited,0.06
CMU_22_23_justin_22_06_poses_120_jpos,screened,210,50.0,5,5,1.0,1.0,0.0,0.0,0.0,1.0,0,torque_limited,0.06
CMU_22_23_justin_22_12_poses_120_jpos,screened,127,50.0,3,1,0.3333333333333333,0.7281481481481481,0.07086614173228346,0.07086614173228346,0.07086614173228346,0.7795275590551181,3,torque_limited,0.06
CMU_22_23_justin_22_22_poses_120_jpos,screened,75,50.0,2,2,1.0,1.0,0.0,0.0,0.0,1.0,0,torque_limited,0.06
CMU_27_27_11_poses_120_jpos,screened,807,50.0,17,17,1.0,1.0,0.0,0.0,0.0,1.0,0,torque_limited,0.06
CMU_28_28_16_poses_120_jpos,screened,2334,50.0,47,47,1.0,1.0,0.0,0.0,0.0,1.0,0,torque_limited,0.06
CMU_29_29_13_poses_120_jpos,screened,6111,50.0,123,123,1.0,1.0,0.0,0.0,0.0,1.0,0,torque_limited,0.06
CMU_29_29_15_poses_120_jpos,screened,1845,50.0,37,37,1.0,1.0,0.0,0.0,0.0,1.0,0,torque_limited,0.06
CMU_29_29_24_poses_120_jpos,screened,1772,50.0,36,36,1.0,1.0,0.0,0.0,0.0,1.0,0,torque_limited,0.06
CMU_30_30_09_poses_120_jpos,screened,1566,50.0,32,32,1.0,1.0,0.0,0.0,0.0,1.0,0,torque_limited,0.06
CMU_30_30_13_poses_120_jpos,screened,819,50.0,17,17,1.0,1.0,0.0,0.0,0.0,1.0,0,torque_limited,0.06
CMU_32_32_01_poses_120_jpos,screened,201,50.0,5,5,1.0,1.0,0.0,0.0,0.0,1.0,0,torque_limited,0.06
CMU_35_35_06_poses_120_jpos,screened,183,50.0,4,4,1.0,1.0,0.0,0.0,0.0,1.0,0,torque_limited,0.06
CMU_35_35_07_poses_120_jpos,screened,150,50.0,3,3,1.0,1.0,0.0,0.0,0.0,1.0,0,torque_limited,0.06
CMU_35_35_14_poses_120_jpos,screened,171,50.0,4,4,1.0,1.0,0.0,0.0,0.0,1.0,0,torque_limited,0.06
CMU_35_35_32_poses_120_jpos,screened,163,50.0,4,4,1.0,1.0,0.0,0.0,0.0,1.0,0,torque_limited,0.06
CMU_35_35_33_poses_120_jpos,screened,175,50.0,4,4,1.0,1.0,0.0,0.0,0.0,1.0,0,torque_limited,0.06
CMU_36_36_04_poses_120_jpos,screened,1553,50.0,32,16,0.5,0.698125,0.27945911139729557,0.27945911139729557,0.27945911139729557,0.6889890534449453,8,torque_limited,0.06
CMU_36_36_18_poses_120_jpos,screened,1793,50.0,36,16,0.4444444444444444,0.5972222222222222,0.35973229224762965,0.35973229224762965,0.35973229224762965,0.5956497490239822,8,torque_limited,0.06
CMU_37_37_01_poses_120_jpos,screened,213,50.0,5,5,1.0,1.0,0.0,0.0,0.0,1.0,0,torque_limited,0.06
CMU_38_38_02_poses_120_jpos,screened,175,50.0,4,3,0.75,0.97,0.017142857142857144,0.017142857142857144,0.017142857142857144,0.9828571428571429,1,torque_limited,0.06
CMU_39_39_05_poses_120_jpos,screened,167,50.0,4,2,0.5,0.9458823529411764,0.023952095808383235,0.023952095808383235,0.023952095808383235,0.9700598802395209,2,torque_limited,0.06
CMU_40_40_02_poses_120_jpos,screened,2081,50.0,42,36,0.8571428571428571,0.9752380952380952,0.024987986544930323,0.024987986544930323,0.024987986544930323,0.9750120134550697,4,torque_limited,0.06
CMU_40_40_11_poses_120_jpos,screened,2508,50.0,51,51,1.0,1.0,0.0,0.0,0.0,1.0,0,torque_limited,0.06
CMU_40_40_12_poses_120_jpos,screened,3515,50.0,71,71,1.0,1.0,0.0,0.0,0.0,1.0,0,torque_limited,0.06
CMU_54_54_21_poses_120_jpos,screened,2912,50.0,59,39,0.6610169491525424,0.7640677966101694,0.11778846153846154,0.11778846153846154,0.11778846153846154,0.760989010989011,27,torque_limited,0.06
CMU_54_54_22_poses_120_jpos,screened,1056,50.0,22,13,0.5909090909090909,0.7209090909090909,0.13920454545454544,0.13920454545454544,0.13920454545454544,0.7509469696969697,11,torque_limited,0.06
CMU_54_54_23_poses_120_jpos,screened,1791,50.0,36,36,1.0,1.0,0.0,0.0,0.0,1.0,0,torque_limited,0.06
CMU_55_55_01_poses_120_jpos,screened,753,50.0,16,13,0.8125,0.99,0.010624169986719787,0.010624169986719787,0.010624169986719787,0.9893758300132802,3,torque_limited,0.06
CMU_55_55_10_poses_120_jpos,screened,568,50.0,12,12,1.0,1.0,0.0,0.0,0.0,1.0,0,torque_limited,0.06
CMU_55_55_12_poses_120_jpos,screened,865,50.0,18,17,0.9444444444444444,0.9633333333333334,0.03815028901734104,0.03815028901734104,0.03815028901734104,0.9618497109826589,1,torque_limited,0.06
CMU_55_55_18_poses_120_jpos,screened,2245,50.0,45,45,1.0,1.0,0.0,0.0,0.0,1.0,0,torque_limited,0.06
CMU_60_60_09_poses_60_jpos,screened,2145,50.0,43,12,0.27906976744186046,0.43767441860465117,0.26666666666666666,0.26666666666666666,0.26666666666666666,0.43636363636363634,37,torque_limited,0.06
CMU_60_60_15_poses_60_jpos,screened,1783,50.0,36,25,0.6944444444444444,0.8633333333333333,0.04374649467190129,0.04374649467190129,0.04374649467190129,0.8620302860347728,15,torque_limited,0.06
CMU_62_62_05_poses_60_jpos,screened,965,50.0,20,20,1.0,1.0,0.0,0.0,0.0,1.0,0,torque_limited,0.06
CMU_62_62_14_poses_60_jpos,screened,561,50.0,12,12,1.0,1.0,0.0,0.0,0.0,1.0,0,torque_limited,0.06
CMU_62_62_19_poses_60_jpos,screened,549,50.0,11,11,1.0,1.0,0.0,0.0,0.0,1.0,0,torque_limited,0.06
CMU_63_63_09_poses_120_jpos,screened,188,50.0,4,2,0.5,0.6,0.0425531914893617,0.05851063829787234,0.05851063829787234,0.6382978723404256,2,torque_limited,0.06
CMU_63_63_27_poses_120_jpos,screened,237,50.0,5,4,0.8,0.96,0.04219409282700422,0.04219409282700422,0.04219409282700422,0.9578059071729957,1,torque_limited,0.06
CMU_64_64_28_poses_120_jpos,screened,215,50.0,5,5,1.0,1.0,0.0,0.0,0.0,1.0,0,torque_limited,0.06
CMU_74_74_05_poses_60_jpos,screened,269,50.0,6,6,1.0,1.0,0.0,0.0,0.0,1.0,0,torque_limited,0.06
CMU_74_74_09_poses_120_jpos,screened,83,50.0,2,2,1.0,1.0,0.0,0.0,0.0,1.0,0,torque_limited,0.06
CMU_76_76_10_poses_120_jpos,screened,569,50.0,12,12,1.0,1.0,0.0,0.0,0.0,1.0,0,torque_limited,0.06
CMU_77_77_02_poses_60_jpos,screened,780,50.0,16,16,1.0,1.0,0.0,0.0,0.0,1.0,0,torque_limited,0.06
CMU_77_77_04_poses_60_jpos,screened,735,50.0,15,15,1.0,1.0,0.0,0.0,0.0,1.0,0,torque_limited,0.06
CMU_77_77_30_poses_60_jpos,screened,1050,50.0,21,21,1.0,1.0,0.0,0.0,0.0,1.0,0,torque_limited,0.06
CMU_78_78_31_poses_120_jpos,screened,333,50.0,7,0,0.0,0.1457142857142857,0.32732732732732733,0.3303303303303303,0.3303303303303303,0.15315315315315314,12,torque_limited,0.06
CMU_79_79_01_poses_60_jpos,screened,488,50.0,10,8,0.8,0.976,0.0,0.02459016393442623,0.02459016393442623,0.9754098360655737,2,torque_limited,0.06
CMU_79_79_39_poses_60_jpos,screened,673,50.0,14,14,1.0,1.0,0.0,0.0,0.0,1.0,0,torque_limited,0.06
CMU_79_79_54_poses_60_jpos,screened,972,50.0,20,20,1.0,1.0,0.0,0.0,0.0,1.0,0,torque_limited,0.06
CMU_79_79_59_poses_60_jpos,screened,708,50.0,15,15,1.0,1.0,0.0,0.0,0.0,1.0,0,torque_limited,0.06
CMU_79_79_84_poses_60_jpos,screened,730,50.0,15,15,1.0,1.0,0.0,0.0,0.0,1.0,0,torque_limited,0.06
CMU_79_79_89_poses_60_jpos,screened,737,50.0,15,15,1.0,1.0,0.0,0.0,0.0,1.0,0,torque_limited,0.06
CMU_79_79_96_poses_60_jpos,screened,465,50.0,10,10,1.0,1.0,0.0,0.0,0.0,1.0,0,torque_limited,0.06
CMU_80_80_06_poses_60_jpos,screened,801,50.0,17,17,1.0,1.0,0.0,0.0,0.0,1.0,0,torque_limited,0.06
CMU_80_80_16_poses_60_jpos,screened,1049,50.0,21,21,1.0,1.0,0.0,0.0,0.0,1.0,0,torque_limited,0.06
CMU_80_80_40_poses_60_jpos,screened,762,50.0,16,16,1.0,1.0,0.0,0.0,0.0,1.0,0,torque_limited,0.06
CMU_80_80_47_poses_60_jpos,screened,836,50.0,17,17,1.0,1.0,0.0,0.0,0.0,1.0,0,torque_limited,0.06
CMU_82_82_07_poses_120_jpos,screened,499,50.0,10,2,0.2,0.33799999999999997,0.35070140280561124,0.35070140280561124,0.35070140280561124,0.33867735470941884,11,torque_limited,0.06
CMU_83_83_15_poses_120_jpos,screened,218,50.0,5,2,0.4,0.568,0.4954128440366973,0.4954128440366973,0.4954128440366973,0.5045871559633027,1,torque_limited,0.06
CMU_83_83_16_poses_120_jpos,screened,213,50.0,5,3,0.6,0.648,0.4084507042253521,0.4084507042253521,0.4084507042253521,0.5868544600938967,2,torque_limited,0.06
CMU_83_83_34_poses_120_jpos,screened,403,50.0,9,4,0.4444444444444444,0.508888888888889,0.4317617866004963,0.4317617866004963,0.4317617866004963,0.5682382133995038,1,torque_limited,0.06
CMU_83_83_49_poses_120_jpos,screened,190,50.0,4,2,0.5,0.54,0.10526315789473684,0.10526315789473684,0.10526315789473684,0.5684210526315789,3,torque_limited,0.06
CMU_83_83_53_poses_120_jpos,screened,225,50.0,5,2,0.4,0.43200000000000005,0.19555555555555557,0.19555555555555557,0.19555555555555557,0.48,4,torque_limited,0.06
CMU_84_84_01_poses_60_jpos,screened,386,50.0,8,8,1.0,1.0,0.0,0.0,0.0,1.0,0,torque_limited,0.06
CMU_84_84_05_poses_60_jpos,screened,269,50.0,6,6,1.0,1.0,0.0,0.0,0.0,1.0,0,torque_limited,0.06
CMU_84_84_09_poses_120_jpos,screened,83,50.0,2,2,1.0,1.0,0.0,0.0,0.0,1.0,0,torque_limited,0.06
CMU_85_85_09_poses_120_jpos,screened,105,50.0,3,3,1.0,1.0,0.0,0.0,0.0,1.0,0,torque_limited,0.06
CMU_89_89_02_poses_120_jpos,screened,150,50.0,3,3,1.0,1.0,0.0,0.0,0.0,1.0,0,torque_limited,0.06
CMU_91_91_11_poses_120_jpos,screened,776,50.0,16,16,1.0,1.0,0.0,0.0,0.0,1.0,0,torque_limited,0.06
CMU_91_91_12_poses_120_jpos,screened,926,50.0,19,19,1.0,1.0,0.0,0.0,0.0,1.0,0,torque_limited,0.06
CMU_91_91_17_poses_120_jpos,screened,633,50.0,13,13,1.0,1.0,0.0,0.0,0.0,1.0,0,torque_limited,0.06
DFaust_67_50002_50002_light_hopping_loose_poses_60_jpos,screened,195,50.0,4,2,0.5,0.685,0.020512820512820513,0.020512820512820513,0.020512820512820513,0.676923076923077,3,torque_limited,0.06
DFaust_67_50004_50004_knees_poses_60_jpos,screened,609,50.0,13,8,0.6153846153846154,0.7723076923076923,0.2348111658456486,0.2348111658456486,0.2348111658456486,0.7569786535303776,3,torque_limited,0.06
DFaust_67_50004_50004_shake_hips_poses_60_jpos,screened,178,50.0,4,4,1.0,1.0,0.0,0.0,0.0,1.0,0,torque_limited,0.06
DFaust_67_50009_50009_light_hopping_stiff_poses_60_jpos,screened,211,50.0,5,5,1.0,1.0,0.0,0.0,0.0,1.0,0,torque_limited,0.06
DFaust_67_50009_50009_one_leg_loose_poses_60_jpos,screened,149,50.0,3,3,1.0,1.0,0.0,0.0,0.0,1.0,0,torque_limited,0.06
DFaust_67_50020_50020_knees_poses_60_jpos,screened,429,50.0,9,9,1.0,1.0,0.0,0.0,0.0,1.0,0,torque_limited,0.06
DFaust_67_50025_50025_punching_poses_60_jpos,screened,166,50.0,4,2,0.5,0.705,0.13855421686746988,0.13855421686746988,0.13855421686746988,0.6445783132530121,2,torque_limited,0.06
DFaust_67_50027_50027_hips_poses_60_jpos,screened,675,50.0,14,14,1.0,1.0,0.0,0.0,0.0,1.0,0,torque_limited,0.06
Eyes_Japan_Dataset_aita_accident-08-damage_rightfoot-aita_poses_120_jpos,screened,1500,50.0,30,21,0.7,0.778,0.162,0.162,0.162,0.778,6,torque_limited,0.06
Eyes_Japan_Dataset_aita_gesture_etc-20-swing_chair-aita_poses_120_jpos,screened,1500,50.0,30,14,0.4666666666666667,0.56,0.44,0.44,0.44,0.56,4,torque_limited,0.06
Eyes_Japan_Dataset_aita_gesture_etc-22-mobile_receive-aita_poses_120_jpos,screened,1500,50.0,30,30,1.0,1.0,0.0,0.0,0.0,1.0,0,torque_limited,0.06
Eyes_Japan_Dataset_aita_gesture_etc-48-medium_drum-aita_poses_120_jpos,screened,1500,50.0,30,30,1.0,1.0,0.0,0.0,0.0,1.0,0,torque_limited,0.06
Eyes_Japan_Dataset_aita_greeting-02-bye-aita_poses_120_jpos,screened,1500,50.0,30,30,1.0,1.0,0.0,0.0,0.0,1.0,0,torque_limited,0.06
Eyes_Japan_Dataset_aita_greeting-10-card_exchange-aita_poses_120_jpos,screened,1500,50.0,30,30,1.0,1.0,0.0,0.0,0.0,1.0,0,torque_limited,0.06
Eyes_Japan_Dataset_aita_pain-01-headache-aita_poses_120_jpos,screened,1500,50.0,30,30,1.0,1.0,0.0,0.0,0.0,1.0,0,torque_limited,0.06
Eyes_Japan_Dataset_aita_pose-14-look_up-aita_poses_120_jpos,screened,1500,50.0,30,30,1.0,1.0,0.0,0.0,0.0,1.0,0,torque_limited,0.06
Eyes_Japan_Dataset_aita_pose-18-applause-aita_poses_120_jpos,screened,1500,50.0,30,30,1.0,1.0,0.0,0.0,0.0,1.0,0,torque_limited,0.06
Eyes_Japan_Dataset_aita_sitdown_standup-16-reseat-aita_poses_120_jpos,screened,1500,50.0,30,15,0.5,0.5780000000000001,0.39466666666666667,0.39466666666666667,0.39466666666666667,0.578,5,torque_limited,0.06
Eyes_Japan_Dataset_aita_walk-05-backward-aita_poses_120_jpos,screened,1500,50.0,30,20,0.6666666666666666,0.8539999999999999,0.051333333333333335,0.051333333333333335,0.051333333333333335,0.854,11,torque_limited,0.06
Eyes_Japan_Dataset_aita_walk-23-shuffle_oneleg-aita_poses_120_jpos,screened,1500,50.0,30,5,0.16666666666666666,0.26466666666666666,0.422,0.422,0.422,0.26466666666666666,33,torque_limited,0.06
Eyes_Japan_Dataset_hamada_accident-08-damage_rightfoot-hamada_poses_120_jpos,screened,1488,50.0,30,23,0.7666666666666667,0.9420000000000001,0.056451612903225805,0.056451612903225805,0.056451612903225805,0.9415322580645161,5,torque_limited,0.06
Eyes_Japan_Dataset_hamada_gesture_etc-33-watch_here-hamada_poses_120_jpos,screened,1488,50.0,30,30,1.0,1.0,0.0,0.0,0.0,1.0,0,torque_limited,0.06
Eyes_Japan_Dataset_hamada_gesture_etc-41-mosh-hamada_poses_120_jpos,screened,1488,50.0,30,30,1.0,1.0,0.0,0.0,0.0,1.0,0,torque_limited,0.06
Eyes_Japan_Dataset_hamada_gesture_etc-48-medium_drum-hamada_poses_120_jpos,screened,1488,50.0,30,30,1.0,1.0,0.0,0.0,0.0,1.0,0,torque_limited,0.06
Eyes_Japan_Dataset_hamada_pain-03-toothache-hamada_poses_120_jpos,screened,1488,50.0,30,30,1.0,1.0,0.0,0.0,0.0,1.0,0,torque_limited,0.06
Eyes_Japan_Dataset_hamada_pose-04-drank-hamada_poses_120_jpos,screened,1488,50.0,30,28,0.9333333333333333,0.9786666666666667,0.012096774193548387,0.012096774193548387,0.012096774193548387,0.978494623655914,3,torque_limited,0.06
Eyes_Japan_Dataset_hamada_throw_toss-14-pass_to_right_heavy-hamada_poses_120_jpos,screened,1500,50.0,30,30,1.0,1.0,0.0,0.0,0.0,1.0,0,torque_limited,0.06
Eyes_Japan_Dataset_hamada_turn-05-turn-hamada_poses_120_jpos,screened,1500,50.0,30,30,1.0,1.0,0.0,0.0,0.0,1.0,0,torque_limited,0.06
Eyes_Japan_Dataset_hamada_walk-02-drank-hamada_poses_120_jpos,screened,1500,50.0,30,9,0.3,0.4186666666666667,0.22466666666666665,0.22466666666666665,0.22466666666666665,0.4186666666666667,36,torque_limited,0.06
Eyes_Japan_Dataset_hamada_walk-10-shoulder_bag-hamada_poses_120_jpos,screened,1500,50.0,30,29,0.9666666666666667,0.9973333333333334,0.0026666666666666666,0.0026666666666666666,0.0026666666666666666,0.9973333333333333,1,torque_limited,0.06
Eyes_Japan_Dataset_hamada_walk-17-push_by_back-hamada_poses_120_jpos,screened,1500,50.0,30,29,0.9666666666666667,0.99,0.01,0.01,0.01,0.99,1,torque_limited,0.06
Eyes_Japan_Dataset_kaiwa_gesture_etc-01-set_1-kaiwa_poses_120_jpos,screened,1500,50.0,30,30,1.0,1.0,0.0,0.0,0.0,1.0,0,torque_limited,0.06
Eyes_Japan_Dataset_kaiwa_gesture_etc-31-ok-kaiwa_poses_120_jpos,screened,1500,50.0,30,30,1.0,1.0,0.0,0.0,0.0,1.0,0,torque_limited,0.06
Eyes_Japan_Dataset_kaiwa_greeting-05-salute_(chest)-kaiwa_poses_120_jpos,screened,1500,50.0,30,30,1.0,1.0,0.0,0.0,0.0,1.0,0,torque_limited,0.06
Eyes_Japan_Dataset_kaiwa_greeting-07-bow-kaiwa_poses_120_jpos,screened,1500,50.0,30,30,1.0,1.0,0.0,0.0,0.0,1.0,0,torque_limited,0.06
Eyes_Japan_Dataset_kaiwa_jump-03-vertical-kaiwa_poses_120_jpos,screened,1500,50.0,30,17,0.5666666666666667,0.7586666666666667,0.156,0.156,0.156,0.7586666666666667,16,torque_limited,0.06
Eyes_Japan_Dataset_kaiwa_pose-18-applause-kaiwa_poses_120_jpos,screened,1500,50.0,30,30,1.0,1.0,0.0,0.0,0.0,1.0,0,torque_limited,0.06
Eyes_Japan_Dataset_kaiwa_walk-24-listless-kaiwa_poses_120_jpos,screened,1480,50.0,30,30,1.0,1.0,0.0,0.0,0.0,1.0,0,torque_limited,0.06
Eyes_Japan_Dataset_kanno_accident-02-dodge_fast-kanno_poses_120_jpos,screened,1488,50.0,30,22,0.7333333333333333,0.9206666666666667,0.034274193548387094,0.034274193548387094,0.034274193548387094,0.9200268817204301,12,torque_limited,0.06
Eyes_Japan_Dataset_kanno_accident-11-fall_down-kanno_poses_120_jpos,screened,1488,50.0,30,17,0.5666666666666667,0.7853333333333334,0.1297043010752688,0.1297043010752688,0.1297043010752688,0.7836021505376344,18,torque_limited,0.06
Eyes_Japan_Dataset_kanno_accident-13-damage_back-kanno_poses_120_jpos,screened,1488,50.0,30,29,0.9666666666666667,0.9806666666666667,0.009408602150537635,0.009408602150537635,0.009408602150537635,0.980510752688172,2,torque_limited,0.06
Eyes_Japan_Dataset_kanno_gesture_etc-41-mosh-kanno_poses_120_jpos,screened,1681,50.0,34,21,0.6176470588235294,0.8558823529411764,0.05056513979773944,0.05056513979773944,0.05056513979773944,0.8542534205829864,19,torque_limited,0.06
Eyes_Japan_Dataset_kanno_greeting-03-election-kanno_poses_120_jpos,screened,1687,50.0,34,33,0.9705882352941176,0.9929411764705882,0.007113218731475993,0.007113218731475993,0.007113218731475993,0.992886781268524,1,torque_limited,0.06
Eyes_Japan_Dataset_kanno_pose-14-look_up-kanno_poses_120_jpos,screened,1488,50.0,30,30,1.0,1.0,0.0,0.0,0.0,1.0,0,torque_limited,0.06
Eyes_Japan_Dataset_kawaguchi_gesture_etc-42-hung_over-kawaguchi_poses_120_jpos,screened,897,50.0,18,18,1.0,1.0,0.0,0.0,0.0,1.0,0,torque_limited,0.06
Eyes_Japan_Dataset_kawaguchi_throw_toss-17-pass_to_back_light-kawaguchi_poses_120_jpos,screened,996,50.0,20,20,1.0,1.0,0.0,0.0,0.0,1.0,0,torque_limited,0.06
Eyes_Japan_Dataset_kudo_gesture_etc-18-eat-kudo_poses_120_jpos,screened,1650,50.0,33,33,1.0,1.0,0.0,0.0,0.0,1.0,0,torque_limited,0.06
Eyes_Japan_Dataset_kudo_gesture_etc-45-feel_dizzy_-kudo_poses_250_jpos,screened,1650,50.0,33,33,1.0,1.0,0.0,0.0,0.0,1.0,0,torque_limited,0.06
Eyes_Japan_Dataset_kudo_greeting-03-election-kudo_poses_250_jpos,screened,1650,50.0,33,33,1.0,1.0,0.0,0.0,0.0,1.0,0,torque_limited,0.06
Eyes_Japan_Dataset_shiono_gesture_etc-10-snip_nail-shiono_poses_120_jpos,screened,1500,50.0,30,26,0.8666666666666667,0.9413333333333334,0.058666666666666666,0.058666666666666666,0.058666666666666666,0.9413333333333334,2,torque_limited,0.06
Eyes_Japan_Dataset_shiono_gesture_etc-33-watch_here-shiono_poses_120_jpos,screened,1500,50.0,30,30,1.0,1.0,0.0,0.0,0.0,1.0,0,torque_limited,0.06
Eyes_Japan_Dataset_shiono_gesture_etc-35-west_side-shiono_poses_120_jpos,screened,1500,50.0,30,29,0.9666666666666667,0.9979999999999999,0.002,0.002,0.002,0.998,1,torque_limited,0.06
Eyes_Japan_Dataset_shiono_throw_toss-13-pass_to_right_light-shiono_poses_120_jpos,screened,1417,50.0,29,29,1.0,1.0,0.0,0.0,0.0,1.0,0,torque_limited,0.06
Eyes_Japan_Dataset_shiono_throw_toss-19-pass_to_front_light-shiono_poses_120_jpos,screened,1417,50.0,29,29,1.0,1.0,0.0,0.0,0.0,1.0,0,torque_limited,0.06
Eyes_Japan_Dataset_takiguchi_throw_toss-13-pass_to_right_light-takiguchi_poses_120_jpos,screened,1199,50.0,24,24,1.0,1.0,0.0,0.0,0.0,1.0,0,torque_limited,0.06
Eyes_Japan_Dataset_takiguchi_throw_toss-16-pass_to_left_heavy-takiguchi_poses_120_jpos,screened,1244,50.0,25,25,1.0,1.0,0.0,0.0,0.0,1.0,0,torque_limited,0.06
Eyes_Japan_Dataset_takiguchi_turn-01-call-takiguchi_poses_120_jpos,screened,1250,50.0,25,25,1.0,1.0,0.0,0.0,0.0,1.0,0,torque_limited,0.06
Eyes_Japan_Dataset_takiguchi_walk-05-backward-takiguchi_poses_120_jpos,screened,1000,50.0,20,17,0.85,0.99,0.01,0.01,0.01,0.99,3,torque_limited,0.06
Eyes_Japan_Dataset_yamaoka_tennis-01-forehand-yamaoka_poses_120_jpos,screened,1240,50.0,25,12,0.48,0.7439999999999999,0.1596774193548387,0.1596774193548387,0.1596774193548387,0.7419354838709677,18,torque_limited,0.06
GRAB_s10_cylindermedium_inspect_1,screened,320,50.0,7,7,1.0,1.0,0.0,0.0,0.0,1.0,0,torque_limited,0.06
GRAB_s10_cylindersmall_pass_1,screened,280,50.0,6,6,1.0,1.0,0.0,0.0,0.0,1.0,0,torque_limited,0.06
GRAB_s10_flashlight_on_2,screened,450,50.0,9,9,1.0,1.0,0.0,0.0,0.0,1.0,0,torque_limited,0.06
GRAB_s10_headphones_pass_1,screened,242,50.0,5,5,1.0,1.0,0.0,0.0,0.0,1.0,0,torque_limited,0.06
GRAB_s10_phone_pick_all,screened,912,50.0,19,19,1.0,1.0,0.0,0.0,0.0,1.0,0,torque_limited,0.06
GRAB_s10_piggybank_use_1,screened,558,50.0,12,12,1.0,1.0,0.0,0.0,0.0,1.0,0,torque_limited,0.06
GRAB_s10_pyramidlarge_pass_1,screened,330,50.0,7,7,1.0,1.0,0.0,0.0,0.0,1.0,0,torque_limited,0.06
GRAB_s10_pyramidmedium_pick_all,screened,432,50.0,9,9,1.0,1.0,0.0,0.0,0.0,1.0,0,torque_limited,0.06
GRAB_s10_spherelarge_pass_1,screened,248,50.0,5,5,1.0,1.0,0.0,0.0,0.0,1.0,0,torque_limited,0.06
GRAB_s10_spheremedium_pick_all,screened,337,50.0,7,7,1.0,1.0,0.0,0.0,0.0,1.0,0,torque_limited,0.06
GRAB_s10_stamp_pass_1,screened,297,50.0,6,6,1.0,1.0,0.0,0.0,0.0,1.0,0,torque_limited,0.06
GRAB_s1_binoculars_see_1,screened,785,50.0,16,16,1.0,1.0,0.0,0.0,0.0,1.0,0,torque_limited,0.06
GRAB_s1_cubelarge_pass_1,screened,338,50.0,7,7,1.0,1.0,0.0,0.0,0.0,1.0,0,torque_limited,0.06
GRAB_s1_cubemedium_pick_all,screened,1177,50.0,24,24,1.0,1.0,0.0,0.0,0.0,1.0,0,torque_limited,0.06
GRAB_s1_cubesmall_pass_1,screened,475,50.0,10,10,1.0,1.0,0.0,0.0,0.0,1.0,0,torque_limited,0.06
GRAB_s1_cubesmall_pick_all,screened,1331,50.0,27,27,1.0,1.0,0.0,0.0,0.0,1.0,0,torque_limited,0.06
GRAB_s1_cup_pick_all,screened,1556,50.0,32,32,1.0,1.0,0.0,0.0,0.0,1.0,0,torque_limited,0.06
GRAB_s1_cylinderlarge_offhand_1,screened,524,50.0,11,11,1.0,1.0,0.0,0.0,0.0,1.0,0,torque_limited,0.06
GRAB_s1_cylindersmall_offhand_1,screened,416,50.0,9,9,1.0,1.0,0.0,0.0,0.0,1.0,0,torque_limited,0.06
GRAB_s1_eyeglasses_clean_1,screened,728,50.0,15,15,1.0,1.0,0.0,0.0,0.0,1.0,0,torque_limited,0.06
GRAB_s1_eyeglasses_pass_1,screened,439,50.0,9,9,1.0,1.0,0.0,0.0,0.0,1.0,0,torque_limited,0.06
GRAB_s1_hammer_use_3,screened,750,50.0,15,15,1.0,1.0,0.0,0.0,0.0,1.0,0,torque_limited,0.06
GRAB_s1_mouse_offhand_1,screened,362,50.0,8,8,1.0,1.0,0.0,0.0,0.0,1.0,0,torque_limited,0.06
GRAB_s1_mug_drink_2,screened,628,50.0,13,13,1.0,1.0,0.0,0.0,0.0,1.0,0,torque_limited,0.06
GRAB_s1_pyramidlarge_offhand_1,screened,534,50.0,11,11,1.0,1.0,0.0,0.0,0.0,1.0,0,torque_limited,0.06
GRAB_s1_pyramidsmall_inspect_1,screened,423,50.0,9,9,1.0,1.0,0.0,0.0,0.0,1.0,0,torque_limited,0.06
GRAB_s1_scissors_pass_1,screened,431,50.0,9,9,1.0,1.0,0.0,0.0,0.0,1.0,0,torque_limited,0.06
GRAB_s1_stamp_offhand_1,screened,572,50.0,12,12,1.0,1.0,0.0,0.0,0.0,1.0,0,torque_limited,0.06
GRAB_s1_stanfordbunny_pick_all,screened,1565,50.0,32,32,1.0,1.0,0.0,0.0,0.0,1.0,0,torque_limited,0.06
GRAB_s1_torusmedium_offhand_1,screened,480,50.0,10,10,1.0,1.0,0.0,0.0,0.0,1.0,0,torque_limited,0.06
GRAB_s1_watch_offhand_1,screened,476,50.0,10,10,1.0,1.0,0.0,0.0,0.0,1.0,0,torque_limited,0.06
GRAB_s2_banana_eat_1,screened,613,50.0,13,13,1.0,1.0,0.0,0.0,0.0,1.0,0,torque_limited,0.06
GRAB_s2_camera_pass_1,screened,363,50.0,8,8,1.0,1.0,0.0,0.0,0.0,1.0,0,torque_limited,0.06
GRAB_s2_cubelarge_inspect_1,screened,730,50.0,15,15,1.0,1.0,0.0,0.0,0.0,1.0,0,torque_limited,0.06
GRAB_s2_flashlight_on_2,screened,478,50.0,10,10,1.0,1.0,0.0,0.0,0.0,1.0,0,torque_limited,0.06
GRAB_s2_gamecontroller_play_1,screened,430,50.0,9,9,1.0,1.0,0.0,0.0,0.0,1.0,0,torque_limited,0.06
GRAB_s2_hand_inspect_1,screened,484,50.0,10,10,1.0,1.0,0.0,0.0,0.0,1.0,0,torque_limited,0.06
GRAB_s2_hand_pick_all,screened,1109,50.0,23,23,1.0,1.0,0.0,0.0,0.0,1.0,0,torque_limited,0.06
GRAB_s2_pyramidlarge_inspect_1,screened,401,50.0,9,9,1.0,1.0,0.0,0.0,0.0,1.0,0,torque_limited,0.06
GRAB_s2_pyramidmedium_pass_1,screened,470,50.0,10,10,1.0,1.0,0.0,0.0,0.0,1.0,0,torque_limited,0.06
GRAB_s2_toruslarge_pick_all,screened,890,50.0,18,18,1.0,1.0,0.0,0.0,0.0,1.0,0,torque_limited,0.06
GRAB_s3_airplane_offhand_1,screened,412,50.0,9,7,0.7777777777777778,0.8822222222222221,0.03640776699029126,0.03640776699029126,0.03640776699029126,0.8713592233009708,1,torque_limited,0.06
GRAB_s3_bowl_drink_1,screened,362,50.0,8,8,1.0,1.0,0.0,0.0,0.0,1.0,0,torque_limited,0.06
GRAB_s3_cylindersmall_pass_1,screened,353,50.0,8,8,1.0,1.0,0.0,0.0,0.0,1.0,0,torque_limited,0.06
GRAB_s3_eyeglasses_offhand_1,screened,494,50.0,10,10,1.0,1.0,0.0,0.0,0.0,1.0,0,torque_limited,0.06
GRAB_s3_hand_pass_1,screened,366,50.0,8,8,1.0,1.0,0.0,0.0,0.0,1.0,0,torque_limited,0.06
GRAB_s3_piggybank_use_1,screened,343,50.0,7,7,1.0,1.0,0.0,0.0,0.0,1.0,0,torque_limited,0.06
GRAB_s3_pyramidmedium_inspect_1,screened,409,50.0,9,9,1.0,1.0,0.0,0.0,0.0,1.0,0,torque_limited,0.06
GRAB_s3_toothbrush_brush_1,screened,323,50.0,7,7,1.0,1.0,0.0,0.0,0.0,1.0,0,torque_limited,0.06
GRAB_s3_toruslarge_inspect_1,screened,446,50.0,9,9,1.0,1.0,0.0,0.0,0.0,1.0,0,torque_limited,0.06
GRAB_s3_torusmedium_inspect_1,screened,456,50.0,10,10,1.0,1.0,0.0,0.0,0.0,1.0,0,torque_limited,0.06
GRAB_s3_train_pick_all,screened,588,50.0,12,12,1.0,1.0,0.0,0.0,0.0,1.0,0,torque_limited,0.06
GRAB_s4_banana_pass_1,screened,375,50.0,8,8,1.0,1.0,0.0,0.0,0.0,1.0,0,torque_limited,0.06
GRAB_s4_cubemedium_inspect_1,screened,499,50.0,10,10,1.0,1.0,0.0,0.0,0.0,1.0,0,torque_limited,0.06
GRAB_s4_doorknob_pick_all,screened,888,50.0,18,18,1.0,1.0,0.0,0.0,0.0,1.0,0,torque_limited,0.06
GRAB_s4_phone_call_1,screened,532,50.0,11,11,1.0,1.0,0.0,0.0,0.0,1.0,0,torque_limited,0.06
GRAB_s4_spherelarge_pass_1,screened,271,50.0,6,6,1.0,1.0,0.0,0.0,0.0,1.0,0,torque_limited,0.06
GRAB_s4_spherelarge_pick_all,screened,768,50.0,16,16,1.0,1.0,0.0,0.0,0.0,1.0,0,torque_limited,0.06
GRAB_s4_stanfordbunny_pick_all,screened,1040,50.0,21,21,1.0,1.0,0.0,0.0,0.0,1.0,0,torque_limited,0.06
GRAB_s4_wineglass_toast_1,screened,258,50.0,6,6,1.0,1.0,0.0,0.0,0.0,1.0,0,torque_limited,0.06
GRAB_s5_binoculars_see_1,screened,502,50.0,11,11,1.0,1.0,0.0,0.0,0.0,1.0,0,torque_limited,0.06
GRAB_s5_camera_takepicture_3,screened,388,50.0,8,8,1.0,1.0,0.0,0.0,0.0,1.0,0,torque_limited,0.06
GRAB_s5_cubelarge_inspect_1,screened,433,50.0,9,9,1.0,1.0,0.0,0.0,0.0,1.0,0,torque_limited,0.06
GRAB_s5_cylinderlarge_inspect_1,screened,458,50.0,10,10,1.0,1.0,0.0,0.0,0.0,1.0,0,torque_limited,0.06
GRAB_s5_duck_pick_all,screened,1057,50.0,22,22,1.0,1.0,0.0,0.0,0.0,1.0,0,torque_limited,0.06
GRAB_s5_toothpaste_pass_1,screened,240,50.0,5,5,1.0,1.0,0.0,0.0,0.0,1.0,0,torque_limited,0.06
GRAB_s6_apple_pick_all,screened,978,50.0,20,20,1.0,1.0,0.0,0.0,0.0,1.0,0,torque_limited,0.06
GRAB_s6_banana_peel_2,screened,448,50.0,9,9,1.0,1.0,0.0,0.0,0.0,1.0,0,torque_limited,0.06
GRAB_s6_camera_pick_all,screened,779,50.0,16,16,1.0,1.0,0.0,0.0,0.0,1.0,0,torque_limited,0.06
GRAB_s6_cup_pass_1,screened,338,50.0,7,7,1.0,1.0,0.0,0.0,0.0,1.0,0,torque_limited,0.06
GRAB_s6_duck_pass_1,screened,324,50.0,7,7,1.0,1.0,0.0,0.0,0.0,1.0,0,torque_limited,0.06
GRAB_s6_eyeglasses_wear_1,screened,515,50.0,11,11,1.0,1.0,0.0,0.0,0.0,1.0,0,torque_limited,0.06
GRAB_s6_hammer_use_1,screened,420,50.0,9,9,1.0,1.0,0.0,0.0,0.0,1.0,0,torque_limited,0.06
GRAB_s6_mug_toast_1,screened,372,50.0,8,8,1.0,1.0,0.0,0.0,0.0,1.0,0,torque_limited,0.06
GRAB_s6_phone_call_1,screened,759,50.0,16,16,1.0,1.0,0.0,0.0,0.0,1.0,0,torque_limited,0.06
GRAB_s6_scissors_use_2,screened,518,50.0,11,11,1.0,1.0,0.0,0.0,0.0,1.0,0,torque_limited,0.06
GRAB_s6_spheremedium_pick_all,screened,942,50.0,19,19,1.0,1.0,0.0,0.0,0.0,1.0,0,torque_limited,0.06
GRAB_s6_train_pass_1,screened,411,50.0,9,9,1.0,1.0,0.0,0.0,0.0,1.0,0,torque_limited,0.06
GRAB_s7_apple_pick_all,screened,800,50.0,16,16,1.0,1.0,0.0,0.0,0.0,1.0,0,torque_limited,0.06
GRAB_s7_banana_peel_2,screened,515,50.0,11,11,1.0,1.0,0.0,0.0,0.0,1.0,0,torque_limited,0.06
GRAB_s7_cubemedium_pick_all,screened,1490,50.0,30,30,1.0,1.0,0.0,0.0,0.0,1.0,0,torque_limited,0.06
GRAB_s7_gamecontroller_pick_all,screened,1023,50.0,21,21,1.0,1.0,0.0,0.0,0.0,1.0,0,torque_limited,0.06
GRAB_s7_lightbulb_pass_1,screened,213,50.0,5,5,1.0,1.0,0.0,0.0,0.0,1.0,0,torque_limited,0.06
GRAB_s7_mouse_use_1,screened,457,50.0,10,10,1.0,1.0,0.0,0.0,0.0,1.0,0,torque_limited,0.06
GRAB_s7_pyramidlarge_inspect_1,screened,404,50.0,9,9,1.0,1.0,0.0,0.0,0.0,1.0,0,torque_limited,0.06
GRAB_s7_spheremedium_inspect_1,screened,323,50.0,7,7,1.0,1.0,0.0,0.0,0.0,1.0,0,torque_limited,0.06
GRAB_s7_wineglass_drink_2,screened,402,50.0,9,9,1.0,1.0,0.0,0.0,0.0,1.0,0,torque_limited,0.06
GRAB_s8_bowl_drink_2,screened,417,50.0,9,9,1.0,1.0,0.0,0.0,0.0,1.0,0,torque_limited,0.06
GRAB_s8_camera_offhand_1,screened,495,50.0,10,10,1.0,1.0,0.0,0.0,0.0,1.0,0,torque_limited,0.06
GRAB_s8_cubelarge_inspect_1,screened,427,50.0,9,9,1.0,1.0,0.0,0.0,0.0,1.0,0,torque_limited,0.06
GRAB_s8_cubelarge_pick_all,screened,1025,50.0,21,21,1.0,1.0,0.0,0.0,0.0,1.0,0,torque_limited,0.06
GRAB_s8_cubesmall_pick_all,screened,700,50.0,14,14,1.0,1.0,0.0,0.0,0.0,1.0,0,torque_limited,0.06
GRAB_s8_cylindersmall_pick_all,screened,792,50.0,16,16,1.0,1.0,0.0,0.0,0.0,1.0,0,torque_limited,0.06
GRAB_s8_doorknob_use_2,screened,503,50.0,11,11,1.0,1.0,0.0,0.0,0.0,1.0,0,torque_limited,0.06
GRAB_s8_fryingpan_cook_2,screened,398,50.0,8,8,1.0,1.0,0.0,0.0,0.0,1.0,0,torque_limited,0.06
GRAB_s8_gamecontroller_pass_1,screened,383,50.0,8,8,1.0,1.0,0.0,0.0,0.0,1.0,0,torque_limited,0.06
GRAB_s8_hammer_use_1,screened,528,50.0,11,11,1.0,1.0,0.0,0.0,0.0,1.0,0,torque_limited,0.06
GRAB_s8_pyramidmedium_pass_1,screened,415,50.0,9,9,1.0,1.0,0.0,0.0,0.0,1.0,0,torque_limited,0.06
GRAB_s8_stanfordbunny_inspect_1,screened,432,50.0,9,9,1.0,1.0,0.0,0.0,0.0,1.0,0,torque_limited,0.06
GRAB_s8_stanfordbunny_pass_1,screened,388,50.0,8,8,1.0,1.0,0.0,0.0,0.0,1.0,0,torque_limited,0.06
GRAB_s8_stanfordbunny_pick_all,screened,838,50.0,17,17,1.0,1.0,0.0,0.0,0.0,1.0,0,torque_limited,0.06
GRAB_s8_wineglass_drink_1,screened,428,50.0,9,9,1.0,1.0,0.0,0.0,0.0,1.0,0,torque_limited,0.06
GRAB_s8_wineglass_pick_all,screened,948,50.0,19,19,1.0,1.0,0.0,0.0,0.0,1.0,0,torque_limited,0.06
GRAB_s9_alarmclock_pass_1,screened,267,50.0,6,6,1.0,1.0,0.0,0.0,0.0,1.0,0,torque_limited,0.06
GRAB_s9_alarmclock_see_1,screened,338,50.0,7,7,1.0,1.0,0.0,0.0,0.0,1.0,0,torque_limited,0.06
GRAB_s9_cylinderlarge_pick_all,screened,705,50.0,15,15,1.0,1.0,0.0,0.0,0.0,1.0,0,torque_limited,0.06
GRAB_s9_piggybank_use_1,screened,455,50.0,10,10,1.0,1.0,0.0,0.0,0.0,1.0,0,torque_limited,0.06
GRAB_s9_pyramidmedium_inspect_1,screened,256,50.0,6,6,1.0,1.0,0.0,0.0,0.0,1.0,0,torque_limited,0.06
GRAB_s9_spheresmall_pass_1,screened,317,50.0,7,6,0.8571428571428571,0.9942857142857143,0.006309148264984227,0.006309148264984227,0.006309148264984227,0.9936908517350158,1,torque_limited,0.06
GRAB_s9_torussmall_inspect_1,screened,250,50.0,5,5,1.0,1.0,0.0,0.0,0.0,1.0,0,torque_limited,0.06
GRAB_s9_wineglass_drink_1,screened,395,50.0,8,8,1.0,1.0,0.0,0.0,0.0,1.0,0,torque_limited,0.06
HUMAN4D_Subject1_2_Aude_INF_TalkingWhispering_S1S2_01_poses_120_jpos,screened,2628,50.0,53,53,1.0,1.0,0.0,0.0,0.0,1.0,0,torque_limited,0.06
HUMAN4D_Subject2_Aude_INF_InflightSafety_S2_01_poses_120_jpos,screened,2805,50.0,57,57,1.0,1.0,0.0,0.0,0.0,1.0,0,torque_limited,0.06
HUMAN4D_Subject2_Aude_RGB_Talking_S2_01_poses_120_jpos,screened,1010,50.0,21,21,1.0,1.0,0.0,0.0,0.0,1.0,0,torque_limited,0.06
HUMAN4D_Subject3_4_Carine_INF_Dancing_S3S4_01_poses_120_jpos,screened,1012,50.0,21,11,0.5238095238095238,0.6914285714285715,0.11857707509881422,0.12944664031620554,0.12944664031620554,0.6798418972332015,17,torque_limited,0.06
HUMAN4D_Subject3_4_Carine_RGB_TalkingWhispering_S3S4_01_poses_120_jpos,screened,2571,50.0,52,52,1.0,1.0,0.0,0.0,0.0,1.0,0,torque_limited,0.06
HUMAN4D_Subject3_Medhi_INF_InflightSafety_S3_01_poses_120_jpos,screened,2413,50.0,49,46,0.9387755102040817,0.9640816326530612,0.036469125569830084,0.036469125569830084,0.036469125569830084,0.9635308744301699,1,torque_limited,0.06
HUMAN4D_Subject3_Medhi_RGB_TalkingWalking_S3_01_poses_120_jpos,screened,1224,50.0,25,6,0.24,0.5352,0.16666666666666666,0.16666666666666666,0.16666666666666666,0.5465686274509803,21,torque_limited,0.06
HUMAN4D_Subject3_Medhi_RGB_Talking_S3_01_poses_120_jpos,screened,1045,50.0,21,21,1.0,1.0,0.0,0.0,0.0,1.0,0,torque_limited,0.06
HUMAN4D_Subject4_Carine_INF_InflightSafety_S4_02_poses_120_jpos,screened,2797,50.0,56,55,0.9821428571428571,0.9996428571428572,0.0003575259206292456,0.0003575259206292456,0.0003575259206292456,0.9996424740793708,1,torque_limited,0.06
HUMAN4D_Subject4_Carine_RGB_BasketBall_S4_01_poses_120_jpos,screened,863,50.0,18,5,0.2777777777777778,0.63,0.2688296639629201,0.2688296639629201,0.2688296639629201,0.657010428736964,12,torque_limited,0.06
HUMAN4D_Subject4_Carine_RGB_Bending_S4_01_poses_120_jpos,screened,1178,50.0,24,11,0.4583333333333333,0.9075000000000001,0.023769100169779286,0.06536502546689305,0.06536502546689305,0.9057724957555179,13,torque_limited,0.06
HumanEva_S1_Box_1_poses_120_jpos,screened,1143,50.0,23,21,0.9130434782608695,0.9608695652173914,0.022747156605424323,0.022747156605424323,0.022747156605424323,0.9606299212598425,2,torque_limited,0.06
HumanEva_S1_Gestures_3_poses_120_jpos,screened,887,50.0,18,18,1.0,1.0,0.0,0.0,0.0,1.0,0,torque_limited,0.06
HumanEva_S3_Gestures_3_poses_120_jpos,screened,746,50.0,15,15,1.0,1.0,0.0,0.0,0.0,1.0,0,torque_limited,0.06
KIT_10_RightTurn05_poses_100_jpos,screened,314,50.0,7,7,1.0,1.0,0.0,0.0,0.0,1.0,0,torque_limited,0.06
KIT_10_WalkInClockwiseCircle09_poses_100_jpos,screened,330,50.0,7,7,1.0,1.0,0.0,0.0,0.0,1.0,0,torque_limited,0.06
KIT_10_WalkingStraightBackwards07_poses_100_jpos,screened,252,50.0,6,6,1.0,1.0,0.0,0.0,0.0,1.0,0,torque_limited,0.06
KIT_11_WalkInCounterClockwiseCircle02_poses_100_jpos,screened,382,50.0,8,8,1.0,1.0,0.0,0.0,0.0,1.0,0,torque_limited,0.06
KIT_11_WalkInCounterClockwiseCircle05_poses_100_jpos,screened,348,50.0,7,7,1.0,1.0,0.0,0.0,0.0,1.0,0,torque_limited,0.06
KIT_11_WalkingStraightForwards02_poses_100_jpos,screened,271,50.0,6,6,1.0,1.0,0.0,0.0,0.0,1.0,0,torque_limited,0.06
KIT_11_WalkingStraightForwards05_poses_100_jpos,screened,244,50.0,5,5,1.0,1.0,0.0,0.0,0.0,1.0,0,torque_limited,0.06
KIT_1226_Trial_03_poses_100_jpos,screened,5579,50.0,112,112,1.0,1.0,0.0,0.0,0.0,1.0,0,torque_limited,0.06
KIT_1226_Trial_06_poses_100_jpos,screened,399,50.0,8,8,1.0,1.0,0.0,0.0,0.0,1.0,0,torque_limited,0.06
KIT_1226_Trial_13_poses_100_jpos,screened,374,50.0,8,8,1.0,1.0,0.0,0.0,0.0,1.0,0,torque_limited,0.06
KIT_1226_Trial_19_poses_100_jpos,screened,438,50.0,9,9,1.0,1.0,0.0,0.0,0.0,1.0,0,torque_limited,0.06
KIT_1226_Trial_24_poses_100_jpos,screened,385,50.0,8,8,1.0,1.0,0.0,0.0,0.0,1.0,0,torque_limited,0.06
KIT_1226_Trial_44_poses_100_jpos,screened,324,50.0,7,7,1.0,1.0,0.0,0.0,0.0,1.0,0,torque_limited,0.06
KIT_1226_Trial_67_poses_100_jpos,screened,567,50.0,12,12,1.0,1.0,0.0,0.0,0.0,1.0,0,torque_limited,0.06
KIT_1226_Trial_75_poses_100_jpos,screened,537,50.0,11,11,1.0,1.0,0.0,0.0,0.0,1.0,0,torque_limited,0.06
KIT_1226_Trial_78_poses_100_jpos,screened,897,50.0,18,18,1.0,1.0,0.0,0.0,0.0,1.0,0,torque_limited,0.06
KIT_1229_flexion_with_help_02_poses_100_jpos,screened,430,50.0,9,9,1.0,1.0,0.0,0.0,0.0,1.0,0,torque_limited,0.06
KIT_1229_hand_to_mouth_right_arm_03_poses_100_jpos,screened,180,50.0,4,4,1.0,1.0,0.0,0.0,0.0,1.0,0,torque_limited,0.06
KIT_1229_in_out_rotation_with_help_03_poses_100_jpos,screened,307,50.0,7,7,1.0,1.0,0.0,0.0,0.0,1.0,0,torque_limited,0.06
KIT_1229_supination_with_help_03_poses_100_jpos,screened,320,50.0,7,7,1.0,1.0,0.0,0.0,0.0,1.0,0,torque_limited,0.06
KIT_1229_take_book_from_shelf_with_help_02_poses_100_jpos,screened,298,50.0,6,6,1.0,1.0,0.0,0.0,0.0,1.0,0,torque_limited,0.06
KIT_1229_take_of_t-shirt_left_arm_05_poses_100_jpos,screened,169,50.0,4,4,1.0,1.0,0.0,0.0,0.0,1.0,0,torque_limited,0.06
KIT_1229_take_of_t-shirt_with_help_05_poses_100_jpos,screened,356,50.0,8,8,1.0,1.0,0.0,0.0,0.0,1.0,0,torque_limited,0.06
KIT_1229_washing_movement_left_arm_03_poses_100_jpos,screened,199,50.0,4,4,1.0,1.0,0.0,0.0,0.0,1.0,0,torque_limited,0.06
KIT_1229_washing_movement_with_help_02_poses_100_jpos,screened,250,50.0,5,5,1.0,1.0,0.0,0.0,0.0,1.0,0,torque_limited,0.06
KIT_1297_wipe02_poses_100_jpos,screened,767,50.0,16,16,1.0,1.0,0.0,0.0,0.0,1.0,0,torque_limited,0.06
KIT_1297_wipe08_poses_100_jpos,screened,836,50.0,17,17,1.0,1.0,0.0,0.0,0.0,1.0,0,torque_limited,0.06
KIT_1297_wipe15_poses_100_jpos,screened,1108,50.0,23,23,1.0,1.0,0.0,0.0,0.0,1.0,0,torque_limited,0.06
KIT_12_RightTurn02_poses_100_jpos,screened,462,50.0,10,10,1.0,1.0,0.0,0.0,0.0,1.0,0,torque_limited,0.06
KIT_12_RightTurn05_poses_100_jpos,screened,177,50.0,4,4,1.0,1.0,0.0,0.0,0.0,1.0,0,torque_limited,0.06
KIT_12_WalkInCounterClockwiseCircle05_poses_100_jpos,screened,378,50.0,8,8,1.0,1.0,0.0,0.0,0.0,1.0,0,torque_limited,0.06
KIT_12_WalkInCounterClockwiseCircle08_poses_100_jpos,screened,363,50.0,8,8,1.0,1.0,0.0,0.0,0.0,1.0,0,torque_limited,0.06
KIT_12_WalkingStraightBackwards01_poses_100_jpos,screened,300,50.0,6,6,1.0,1.0,0.0,0.0,0.0,1.0,0,torque_limited,0.06
KIT_12_WalkingStraightBackwards02_poses_100_jpos,screened,289,50.0,6,6,1.0,1.0,0.0,0.0,0.0,1.0,0,torque_limited,0.06
KIT_12_WalkingStraightBackwards10_poses_100_jpos,screened,341,50.0,7,7,1.0,1.0,0.0,0.0,0.0,1.0,0,torque_limited,0.06
KIT_167_bend_right01_poses_100_jpos,screened,276,50.0,6,6,1.0,1.0,0.0,0.0,0.0,1.0,0,torque_limited,0.06
KIT_167_bend_right04_poses_100_jpos,screened,258,50.0,6,6,1.0,1.0,0.0,0.0,0.0,1.0,0,torque_limited,0.06
KIT_167_bend_right09_poses_100_jpos,screened,289,50.0,6,6,1.0,1.0,0.0,0.0,0.0,1.0,0,torque_limited,0.06
KIT_167_parkour03_poses_100_jpos,screened,352,50.0,8,7,0.875,0.995,0.005681818181818182,0.005681818181818182,0.005681818181818182,0.9943181818181818,1,torque_limited,0.06
KIT_167_parkour04_poses_100_jpos,screened,455,50.0,10,7,0.7,0.9179999999999999,0.041758241758241756,0.041758241758241756,0.041758241758241756,0.9098901098901099,4,torque_limited,0.06
KIT_167_parkour05_poses_100_jpos,screened,443,50.0,9,9,1.0,1.0,0.0,0.0,0.0,1.0,0,torque_limited,0.06
KIT_167_parkour06_poses_100_jpos,screened,435,50.0,9,7,0.7777777777777778,0.7955555555555556,0.041379310344827586,0.041379310344827586,0.041379310344827586,0.7885057471264367,3,torque_limited,0.06
KIT_167_step_over_gap11_poses_100_jpos,screened,276,50.0,6,6,1.0,1.0,0.0,0.0,0.0,1.0,0,torque_limited,0.06
KIT_167_turn_left04_poses_100_jpos,screened,271,50.0,6,5,0.8333333333333334,0.9866666666666667,0.014760147601476014,0.014760147601476014,0.014760147601476014,0.985239852398524,1,torque_limited,0.06
KIT_167_walking_run08_poses_100_jpos,screened,218,50.0,5,3,0.6,0.796,0.03211009174311927,0.03211009174311927,0.03211009174311927,0.7660550458715596,2,torque_limited,0.06
KIT_167_walking_run10_poses_100_jpos,screened,244,50.0,5,2,0.4,0.704,0.05737704918032787,0.05737704918032787,0.05737704918032787,0.6967213114754098,4,torque_limited,0.06
KIT_167_walking_slow02_poses_100_jpos,screened,377,50.0,8,8,1.0,1.0,0.0,0.0,0.0,1.0,0,torque_limited,0.06
KIT_167_walking_slow04_poses_100_jpos,screened,325,50.0,7,7,1.0,1.0,0.0,0.0,0.0,1.0,0,torque_limited,0.06
KIT_1717_displace_from_left_to_right_21_poses_100_jpos,screened,228,50.0,5,5,1.0,1.0,0.0,0.0,0.0,1.0,0,torque_limited,0.06
KIT_1717_displace_from_left_to_right_30_poses_100_jpos,screened,244,50.0,5,5,1.0,1.0,0.0,0.0,0.0,1.0,0,torque_limited,0.06
KIT_1717_displace_from_left_to_right_33_poses_100_jpos,screened,212,50.0,5,5,1.0,1.0,0.0,0.0,0.0,1.0,0,torque_limited,0.06
KIT_1717_displace_from_left_to_right_39_poses_100_jpos,screened,205,50.0,5,5,1.0,1.0,0.0,0.0,0.0,1.0,0,torque_limited,0.06
KIT_1717_displace_from_left_to_right_49_poses_100_jpos,screened,261,50.0,6,6,1.0,1.0,0.0,0.0,0.0,1.0,0,torque_limited,0.06
KIT_1717_displace_tilt_middle_11_poses_100_jpos,screened,453,50.0,10,10,1.0,1.0,0.0,0.0,0.0,1.0,0,torque_limited,0.06
KIT_1717_displace_tilt_middle_21_poses_100_jpos,screened,475,50.0,10,10,1.0,1.0,0.0,0.0,0.0,1.0,0,torque_limited,0.06
KIT_1717_displace_tilt_middle_24_poses_100_jpos,screened,475,50.0,10,10,1.0,1.0,0.0,0.0,0.0,1.0,0,torque_limited,0.06
KIT_1717_displace_tilt_side_08_poses_100_jpos,screened,464,50.0,10,10,1.0,1.0,0.0,0.0,0.0,1.0,0,torque_limited,0.06
KIT_1717_displace_tilt_side_26_poses_100_jpos,screened,547,50.0,11,11,1.0,1.0,0.0,0.0,0.0,1.0,0,torque_limited,0.06
KIT_1717_displace_tilt_side_42_poses_100_jpos,screened,501,50.0,11,11,1.0,1.0,0.0,0.0,0.0,1.0,0,torque_limited,0.06
KIT_1721_RecoveryStepping_30_0_03_poses_100_jpos,screened,237,50.0,5,5,1.0,1.0,0.0,0.0,0.0,1.0,0,torque_limited,0.06
KIT_1721_RecoveryStepping_50_135_04_poses_100_jpos,screened,236,50.0,5,5,1.0,1.0,0.0,0.0,0.0,1.0,0,torque_limited,0.06
KIT_1721_RecoveryStepping_80_0_02_poses_100_jpos,screened,162,50.0,4,4,1.0,1.0,0.0,0.0,0.0,1.0,0,torque_limited,0.06
KIT_1747_displace_tilt_middle_12_poses_100_jpos,screened,482,50.0,10,10,1.0,1.0,0.0,0.0,0.0,1.0,0,torque_limited,0.06
KIT_1747_displace_tilt_middle_23_poses_100_jpos,screened,513,50.0,11,11,1.0,1.0,0.0,0.0,0.0,1.0,0,torque_limited,0.06
KIT_1747_displace_tilt_side_02_poses_100_jpos,screened,468,50.0,10,10,1.0,1.0,0.0,0.0,0.0,1.0,0,torque_limited,0.06
KIT_1747_displace_tilt_side_04_poses_100_jpos,screened,474,50.0,10,10,1.0,1.0,0.0,0.0,0.0,1.0,0,torque_limited,0.06
KIT_1747_displace_tilt_side_05_poses_100_jpos,screened,480,50.0,10,10,1.0,1.0,0.0,0.0,0.0,1.0,0,torque_limited,0.06
KIT_1747_displace_tilt_side_21_poses_100_jpos,screened,461,50.0,10,10,1.0,1.0,0.0,0.0,0.0,1.0,0,torque_limited,0.06
KIT_1747_displace_tilt_side_24_poses_100_jpos,screened,490,50.0,10,10,1.0,1.0,0.0,0.0,0.0,1.0,0,torque_limited,0.06
KIT_183_bend_left01_poses_100_jpos,screened,293,50.0,6,6,1.0,1.0,0.0,0.0,0.0,1.0,0,torque_limited,0.06
KIT_183_parkour02_poses_100_jpos,screened,664,50.0,14,13,0.9285714285714286,0.9971428571428572,0.0030120481927710845,0.0030120481927710845,0.0030120481927710845,0.9969879518072289,1,torque_limited,0.06
KIT_183_step_over_gap05_poses_100_jpos,screened,259,50.0,6,6,1.0,1.0,0.0,0.0,0.0,1.0,0,torque_limited,0.06
KIT_183_step_over_gap09_poses_100_jpos,screened,263,50.0,6,6,1.0,1.0,0.0,0.0,0.0,1.0,0,torque_limited,0.06
KIT_183_turn_right08_poses_100_jpos,screened,240,50.0,5,5,1.0,1.0,0.0,0.0,0.0,1.0,0,torque_limited,0.06
KIT_183_walking_run02_poses_100_jpos,screened,210,50.0,5,3,0.6,0.74,0.17142857142857143,0.17142857142857143,0.17142857142857143,0.6904761904761905,5,torque_limited,0.06
KIT_183_walking_run06_poses_100_jpos,screened,183,50.0,4,1,0.25,0.49,0.04918032786885246,0.04918032786885246,0.04918032786885246,0.5355191256830601,3,torque_limited,0.06
KIT_183_walking_run07_poses_100_jpos,screened,191,50.0,4,2,0.5,0.585,0.23036649214659685,0.23036649214659685,0.23036649214659685,0.5654450261780105,5,torque_limited,0.06
KIT_183_walking_slow02_poses_100_jpos,screened,367,50.0,8,3,0.375,0.9299999999999999,0.07629427792915532,0.07629427792915532,0.07629427792915532,0.9237057220708447,3,torque_limited,0.06
KIT_200_Kniebeuge01_poses_100_jpos,screened,374,50.0,8,3,0.375,0.6725000000000001,0.3502673796791444,0.3502673796791444,0.3502673796791444,0.6497326203208557,2,torque_limited,0.06
KIT_200_Kniebeuge04_poses_100_jpos,screened,218,50.0,5,3,0.6,0.72,0.3211009174311927,0.3211009174311927,0.3211009174311927,0.6788990825688074,1,torque_limited,0.06
KIT_200_Kniebeuge06_poses_100_jpos,screened,220,50.0,5,3,0.6,0.74,0.29545454545454547,0.29545454545454547,0.29545454545454547,0.7045454545454546,1,torque_limited,0.06
KIT_205_walking_slow02_poses_100_jpos,screened,323,50.0,7,7,1.0,1.0,0.0,0.0,0.0,1.0,0,torque_limited,0.06
KIT_205_walking_slow07_poses_100_jpos,screened,283,50.0,6,6,1.0,1.0,0.0,0.0,0.0,1.0,0,torque_limited,0.06
KIT_291_cal03_poses_100_jpos,screened,212,50.0,5,5,1.0,1.0,0.0,0.0,0.0,1.0,0,torque_limited,0.06
KIT_291_push_recovery_back05_poses_100_jpos,screened,375,50.0,8,8,1.0,1.0,0.0,0.0,0.0,1.0,0,torque_limited,0.06
KIT_291_push_recovery_back07_poses_100_jpos,screened,282,50.0,6,6,1.0,1.0,0.0,0.0,0.0,1.0,0,torque_limited,0.06
KIT_291_push_recovery_left07_poses_100_jpos,screened,311,50.0,7,7,1.0,1.0,0.0,0.0,0.0,1.0,0,torque_limited,0.06
KIT_291_push_recovery_right03_poses_100_jpos,screened,283,50.0,6,6,1.0,1.0,0.0,0.0,0.0,1.0,0,torque_limited,0.06
KIT_291_push_recovery_stand_left01_poses_100_jpos,screened,249,50.0,5,5,1.0,1.0,0.0,0.0,0.0,1.0,0,torque_limited,0.06
KIT_291_push_recovery_stand_right02_poses_100_jpos,screened,227,50.0,5,5,1.0,1.0,0.0,0.0,0.0,1.0,0,torque_limited,0.06
KIT_291_walk_like_an_egyptian01_poses_100_jpos,screened,172,50.0,4,4,1.0,1.0,0.0,0.0,0.0,1.0,0,torque_limited,0.06
KIT_314_bend_left01_poses_100_jpos,screened,188,50.0,4,4,1.0,1.0,0.0,0.0,0.0,1.0,0,torque_limited,0.06
KIT_314_go_over_beam01_poses_100_jpos,screened,543,50.0,11,6,0.5454545454545454,0.6363636363636364,0.3683241252302026,0.3683241252302026,0.3683241252302026,0.6316758747697975,1,torque_limited,0.06
KIT_314_turn_left04_poses_100_jpos,screened,216,50.0,5,5,1.0,1.0,0.0,0.0,0.0,1.0,0,torque_limited,0.06
KIT_314_turn_right10_poses_100_jpos,screened,220,50.0,5,5,1.0,1.0,0.0,0.0,0.0,1.0,0,torque_limited,0.06
KIT_314_walking_fast05_poses_100_jpos,screened,250,50.0,5,5,1.0,1.0,0.0,0.0,0.0,1.0,0,torque_limited,0.06
KIT_314_walking_medium03_poses_100_jpos,screened,349,50.0,7,7,1.0,1.0,0.0,0.0,0.0,1.0,0,torque_limited,0.06
KIT_314_walking_run04_poses_100_jpos,screened,192,50.0,4,2,0.5,0.7949999999999999,0.057291666666666664,0.057291666666666664,0.057291666666666664,0.7864583333333334,2,torque_limited,0.06
KIT_317_bend_left01_poses_100_jpos,screened,164,50.0,4,4,1.0,1.0,0.0,0.0,0.0,1.0,0,torque_limited,0.06
KIT_317_bend_right03_poses_100_jpos,screened,187,50.0,4,4,1.0,1.0,0.0,0.0,0.0,1.0,0,torque_limited,0.06
KIT_317_bend_right08_poses_100_jpos,screened,179,50.0,4,4,1.0,1.0,0.0,0.0,0.0,1.0,0,torque_limited,0.06
KIT_317_go_over_beam06_poses_100_jpos,screened,292,50.0,6,2,0.3333333333333333,0.5499999999999999,0.4623287671232877,0.4623287671232877,0.4623287671232877,0.5376712328767124,1,torque_limited,0.06
KIT_317_go_over_beam08_poses_100_jpos,screened,309,50.0,7,3,0.42857142857142855,0.5971428571428571,0.4563106796116505,0.4563106796116505,0.4563106796116505,0.5436893203883495,1,torque_limited,0.06
KIT_317_step_over_gap05_poses_100_jpos,screened,232,50.0,5,5,1.0,1.0,0.0,0.0,0.0,1.0,0,torque_limited,0.06
KIT_317_turn_right05_poses_100_jpos,screened,237,50.0,5,5,1.0,1.0,0.0,0.0,0.0,1.0,0,torque_limited,0.06
KIT_317_walking_fast09_poses_100_jpos,screened,250,50.0,5,5,1.0,1.0,0.0,0.0,0.0,1.0,0,torque_limited,0.06
KIT_317_walking_medium07_poses_100_jpos,screened,182,50.0,4,4,1.0,1.0,0.0,0.0,0.0,1.0,0,torque_limited,0.06
KIT_317_walking_run03_poses_100_jpos,screened,174,50.0,4,3,0.75,0.975,0.028735632183908046,0.028735632183908046,0.028735632183908046,0.9712643678160919,1,torque_limited,0.06
KIT_317_walking_run09_poses_100_jpos,screened,200,50.0,4,2,0.5,0.97,0.03,0.03,0.03,0.97,1,torque_limited,0.06
KIT_348_bend_left08_poses_100_jpos,screened,256,50.0,6,6,1.0,1.0,0.0,0.0,0.0,1.0,0,torque_limited,0.06
KIT_348_bend_right04_poses_100_jpos,screened,252,50.0,6,6,1.0,1.0,0.0,0.0,0.0,1.0,0,torque_limited,0.06
KIT_348_parkour01_poses_100_jpos,screened,606,50.0,13,12,0.9230769230769231,0.9984615384615385,0.0016501650165016502,0.0016501650165016502,0.0016501650165016502,0.9983498349834984,1,torque_limited,0.06
KIT_348_parkour05_poses_100_jpos,screened,523,50.0,11,11,1.0,1.0,0.0,0.0,0.0,1.0,0,torque_limited,0.06
KIT_348_turn_left05_poses_100_jpos,screened,309,50.0,7,7,1.0,1.0,0.0,0.0,0.0,1.0,0,torque_limited,0.06
KIT_348_turn_left06_poses_100_jpos,screened,317,50.0,7,7,1.0,1.0,0.0,0.0,0.0,1.0,0,torque_limited,0.06
KIT_348_walking_slow08_poses_100_jpos,screened,294,50.0,6,6,1.0,1.0,0.0,0.0,0.0,1.0,0,torque_limited,0.06
KIT_359_bend_left06_poses_100_jpos,screened,210,50.0,5,3,0.6,0.944,0.06666666666666667,0.06666666666666667,0.06666666666666667,0.9333333333333333,2,torque_limited,0.06
KIT_359_go_over_beam02_poses_100_jpos,screened,428,50.0,9,5,0.5555555555555556,0.5711111111111111,0.45093457943925236,0.45093457943925236,0.45093457943925236,0.5490654205607477,1,torque_limited,0.06
KIT_359_go_over_beam03_poses_100_jpos,screened,475,50.0,10,5,0.5,0.616,0.40421052631578946,0.40421052631578946,0.40421052631578946,0.5957894736842105,1,torque_limited,0.06
KIT_359_turn_left02_poses_100_jpos,screened,252,50.0,6,3,0.5,0.9499999999999998,0.05952380952380952,0.05952380952380952,0.05952380952380952,0.9404761904761905,2,torque_limited,0.06
KIT_359_turn_right03_poses_100_jpos,screened,286,50.0,6,3,0.5,0.8766666666666666,0.08391608391608392,0.08391608391608392,0.08391608391608392,0.8706293706293706,3,torque_limited,0.06
KIT_359_turn_right08_poses_100_jpos,screened,274,50.0,6,4,0.6666666666666666,0.9333333333333332,0.072992700729927,0.072992700729927,0.072992700729927,0.927007299270073,2,torque_limited,0.06
KIT_359_walking_fast01_poses_100_jpos,screened,188,50.0,4,1,0.25,0.28,0.11170212765957446,0.11170212765957446,0.11170212765957446,0.2978723404255319,4,torque_limited,0.06
KIT_359_walking_medium10_poses_100_jpos,screened,258,50.0,6,5,0.8333333333333334,0.9733333333333333,0.031007751937984496,0.031007751937984496,0.031007751937984496,0.9689922480620154,1,torque_limited,0.06
KIT_359_walking_slow04_poses_100_jpos,screened,313,50.0,7,6,0.8571428571428571,0.9657142857142856,0.038338658146964855,0.038338658146964855,0.038338658146964855,0.9616613418530351,1,torque_limited,0.06
KIT_359_walking_slow06_poses_100_jpos,screened,267,50.0,6,5,0.8333333333333334,0.89,0.0299625468164794,0.0299625468164794,0.0299625468164794,0.8764044943820225,1,torque_limited,0.06
KIT_378_push_recovery_front04_poses_100_jpos,screened,350,50.0,7,7,1.0,1.0,0.0,0.0,0.0,1.0,0,torque_limited,0.06
KIT_378_push_recovery_right05_poses_100_jpos,screened,325,50.0,7,5,0.7142857142857143,0.9285714285714286,0.043076923076923075,0.043076923076923075,0.043076923076923075,0.9230769230769231,3,torque_limited,0.06
KIT_378_push_recovery_stand_left01_poses_100_jpos,screened,186,50.0,4,2,0.5,0.9199999999999999,0.08064516129032258,0.08064516129032258,0.08064516129032258,0.9139784946236559,2,torque_limited,0.06
KIT_378_push_recovery_stand_right08_poses_100_jpos,screened,226,50.0,5,4,0.8,0.96,0.04424778761061947,0.04424778761061947,0.04424778761061947,0.9557522123893806,1,torque_limited,0.06
KIT_379_push_recovery_back10_poses_100_jpos,screened,200,50.0,4,4,1.0,1.0,0.0,0.0,0.0,1.0,0,torque_limited,0.06
KIT_379_push_recovery_front01_poses_100_jpos,screened,200,50.0,4,3,0.75,0.99,0.01,0.01,0.01,0.99,1,torque_limited,0.06
KIT_379_push_recovery_front06_poses_100_jpos,screened,300,50.0,6,5,0.8333333333333334,0.9899999999999999,0.01,0.01,0.01,0.99,1,torque_limited,0.06
KIT_379_push_recovery_left08_poses_100_jpos,screened,288,50.0,6,5,0.8333333333333334,0.9199999999999999,0.07291666666666667,0.07291666666666667,0.07291666666666667,0.9166666666666666,2,torque_limited,0.06
KIT_379_push_recovery_stand_back06_poses_100_jpos,screened,138,50.0,3,3,1.0,1.0,0.0,0.0,0.0,1.0,0,torque_limited,0.06
KIT_379_push_recovery_stand_left10_poses_100_jpos,screened,138,50.0,3,2,0.6666666666666666,0.7200000000000001,0.007246376811594203,0.007246376811594203,0.007246376811594203,0.6956521739130435,1,torque_limited,0.06
KIT_379_push_recovery_stand_right01_poses_100_jpos,screened,275,50.0,6,4,0.6666666666666666,0.79,0.05454545454545454,0.05454545454545454,0.05454545454545454,0.7709090909090909,2,torque_limited,0.06
KIT_379_push_recovery_stand_right07_poses_100_jpos,screened,175,50.0,4,2,0.5,0.95,0.02857142857142857,0.02857142857142857,0.02857142857142857,0.9428571428571428,2,torque_limited,0.06
KIT_3_Drinking09_poses_100_jpos,screened,399,50.0,8,8,1.0,1.0,0.0,0.0,0.0,1.0,0,torque_limited,0.06
KIT_3_balancing01_poses_100_jpos,screened,559,50.0,12,12,1.0,1.0,0.0,0.0,0.0,1.0,0,torque_limited,0.06
KIT_3_bend_left05_poses_100_jpos,screened,329,50.0,7,7,1.0,1.0,0.0,0.0,0.0,1.0,0,torque_limited,0.06
KIT_3_bend_left08_poses_100_jpos,screened,350,50.0,7,7,1.0,1.0,0.0,0.0,0.0,1.0,0,torque_limited,0.06
KIT_3_bend_right05_poses_100_jpos,screened,257,50.0,6,6,1.0,1.0,0.0,0.0,0.0,1.0,0,torque_limited,0.06
KIT_3_bow_slight02_poses_100_jpos,screened,225,50.0,5,5,1.0,1.0,0.0,0.0,0.0,1.0,0,torque_limited,0.06
KIT_3_bow_slight03_poses_100_jpos,screened,273,50.0,6,6,1.0,1.0,0.0,0.0,0.0,1.0,0,torque_limited,0.06
KIT_3_go_over_beam01_poses_100_jpos,screened,518,50.0,11,7,0.6363636363636364,0.6763636363636364,0.3436293436293436,0.3436293436293436,0.3436293436293436,0.6563706563706564,1,torque_limited,0.06
KIT_3_golf_drive01_poses_100_jpos,screened,315,50.0,7,6,0.8571428571428571,0.9799999999999999,0.015873015873015872,0.022222222222222223,0.022222222222222223,0.9777777777777777,1,torque_limited,0.06
KIT_3_inspect_shoe_sole07_poses_100_jpos,screened,459,50.0,10,7,0.7,0.9199999999999999,0.08714596949891068,0.08714596949891068,0.08714596949891068,0.9128540305010894,2,torque_limited,0.06
KIT_3_jump_left05_poses_100_jpos,screened,218,50.0,5,3,0.6,0.74,0.027522935779816515,0.027522935779816515,0.027522935779816515,0.7018348623853211,2,torque_limited,0.06
KIT_3_jump_up04_poses_100_jpos,screened,291,50.0,6,5,0.8333333333333334,0.93,0.01718213058419244,0.01718213058419244,0.01718213058419244,0.9278350515463918,2,torque_limited,0.06
KIT_3_kick_high_right03_poses_100_jpos,screened,227,50.0,5,4,0.8,0.8400000000000001,0.1762114537444934,0.1762114537444934,0.1762114537444934,0.8237885462555066,1,torque_limited,0.06
KIT_3_kneel_down_with_both_hands08_poses_100_jpos,screened,288,50.0,6,5,0.8333333333333334,0.93,0.07291666666666667,0.07291666666666667,0.07291666666666667,0.9270833333333334,1,torque_limited,0.06
KIT_3_kneel_down_with_left_hand04_poses_100_jpos,screened,453,50.0,10,9,0.9,0.966,0.037527593818984545,0.037527593818984545,0.037527593818984545,0.9624724061810155,1,torque_limited,0.06
KIT_3_kneel_down_with_stool_left_hand08_poses_100_jpos,screened,248,50.0,5,4,0.8,0.9039999999999999,0.0967741935483871,0.0967741935483871,0.0967741935483871,0.9032258064516129,1,torque_limited,0.06
KIT_3_kneel_down_with_stool_right_hand04_poses_100_jpos,screened,325,50.0,7,6,0.8571428571428571,0.9457142857142857,0.05846153846153846,0.05846153846153846,0.05846153846153846,0.9415384615384615,1,torque_limited,0.06
KIT_3_kneel_up_from_crawl02_poses_100_jpos,screened,223,50.0,5,4,0.8,0.976,0.026905829596412557,0.026905829596412557,0.026905829596412557,0.9730941704035875,1,torque_limited,0.06
KIT_3_kneel_up_with_left_hand05_poses_100_jpos,screened,193,50.0,4,3,0.75,0.965,0.03626943005181347,0.03626943005181347,0.03626943005181347,0.9637305699481865,1,torque_limited,0.06
KIT_3_lean_on_table01_poses_100_jpos,screened,353,50.0,8,6,0.75,0.9225,0.08781869688385269,0.08781869688385269,0.08781869688385269,0.9121813031161473,1,torque_limited,0.06
KIT_3_lean_over_table05_poses_100_jpos,screened,551,50.0,12,12,1.0,1.0,0.0,0.0,0.0,1.0,0,torque_limited,0.06
KIT_3_lean_over_table14_poses_100_jpos,screened,489,50.0,10,10,1.0,1.0,0.0,0.0,0.0,1.0,0,torque_limited,0.06
KIT_3_parkour05_poses_100_jpos,screened,722,50.0,15,15,1.0,1.0,0.0,0.0,0.0,1.0,0,torque_limited,0.06
KIT_3_push_from_the_left_side09_poses_100_jpos,screened,244,50.0,5,5,1.0,1.0,0.0,0.0,0.0,1.0,0,torque_limited,0.06
KIT_3_seesaw01_poses_100_jpos,screened,287,50.0,6,5,0.8333333333333334,0.9199999999999999,0.08362369337979095,0.08362369337979095,0.08362369337979095,0.9163763066202091,1,torque_limited,0.06
KIT_3_seesaw_backwards07_poses_100_jpos,screened,674,50.0,14,10,0.7142857142857143,0.7471428571428572,0.2433234421364985,0.2433234421364985,0.2433234421364985,0.7373887240356083,3,torque_limited,0.06
KIT_3_squat05_poses_100_jpos,screened,275,50.0,6,4,0.6666666666666666,0.7633333333333333,0.2581818181818182,0.2581818181818182,0.2581818181818182,0.7418181818181818,1,torque_limited,0.06
KIT_3_step_over_gap02_poses_100_jpos,screened,280,50.0,6,6,1.0,1.0,0.0,0.0,0.0,1.0,0,torque_limited,0.06
KIT_3_stomp_right02_poses_100_jpos,screened,258,50.0,6,6,1.0,1.0,0.0,0.0,0.0,1.0,0,torque_limited,0.06
KIT_3_stomp_right04_poses_100_jpos,screened,229,50.0,5,5,1.0,1.0,0.0,0.0,0.0,1.0,0,torque_limited,0.06
KIT_3_tennis_forehand_left05_poses_100_jpos,screened,297,50.0,6,6,1.0,1.0,0.0,0.0,0.0,1.0,0,torque_limited,0.06
KIT_3_tennis_smash_right05_poses_100_jpos,screened,295,50.0,6,4,0.6666666666666666,0.91,0.04406779661016949,0.04406779661016949,0.04406779661016949,0.9084745762711864,4,torque_limited,0.06
KIT_3_throw_left02_poses_100_jpos,screened,238,50.0,5,4,0.8,0.9640000000000001,0.02100840336134454,0.02100840336134454,0.02100840336134454,0.9621848739495799,2,torque_limited,0.06
KIT_3_throw_right03_poses_100_jpos,screened,272,50.0,6,5,0.8333333333333334,0.9533333333333333,0.051470588235294115,0.051470588235294115,0.051470588235294115,0.9485294117647058,1,torque_limited,0.06
KIT_3_turn_right10_poses_100_jpos,screened,259,50.0,6,6,1.0,1.0,0.0,0.0,0.0,1.0,0,torque_limited,0.06
KIT_3_walk_with_left_support02_poses_100_jpos,screened,377,50.0,8,8,1.0,1.0,0.0,0.0,0.0,1.0,0,torque_limited,0.06
KIT_3_walk_with_left_support_table01_poses_100_jpos,screened,356,50.0,8,6,0.75,0.7925,0.0028089887640449437,0.0028089887640449437,0.0028089887640449437,0.8904494382022472,1,torque_limited,0.06
KIT_3_walking_fast02_poses_100_jpos,screened,261,50.0,6,6,1.0,1.0,0.0,0.0,0.0,1.0,0,torque_limited,0.06
KIT_3_walking_fast05_poses_100_jpos,screened,189,50.0,4,4,1.0,1.0,0.0,0.0,0.0,1.0,0,torque_limited,0.06
KIT_3_walking_medium01_poses_100_jpos,screened,159,50.0,4,4,1.0,1.0,0.0,0.0,0.0,1.0,0,torque_limited,0.06
KIT_3_walking_medium02_poses_100_jpos,screened,330,50.0,7,7,1.0,1.0,0.0,0.0,0.0,1.0,0,torque_limited,0.06
KIT_3_walking_medium06_poses_100_jpos,screened,241,50.0,5,5,1.0,1.0,0.0,0.0,0.0,1.0,0,torque_limited,0.06
KIT_3_walking_slow07_poses_100_jpos,screened,323,50.0,7,7,1.0,1.0,0.0,0.0,0.0,1.0,0,torque_limited,0.06
KIT_3_wave_right04_poses_100_jpos,screened,221,50.0,5,5,1.0,1.0,0.0,0.0,0.0,1.0,0,torque_limited,0.06
KIT_421_push_recovery_back03_poses_100_jpos,screened,275,50.0,6,5,0.8333333333333334,0.9833333333333334,0.01818181818181818,0.01818181818181818,0.01818181818181818,0.9818181818181818,1,torque_limited,0.06
KIT_421_push_recovery_back06_poses_100_jpos,screened,237,50.0,5,5,1.0,1.0,0.0,0.0,0.0,1.0,0,torque_limited,0.06
KIT_421_push_recovery_back07_poses_100_jpos,screened,250,50.0,5,5,1.0,1.0,0.0,0.0,0.0,1.0,0,torque_limited,0.06
KIT_421_push_recovery_front02_poses_100_jpos,screened,375,50.0,8,8,1.0,1.0,0.0,0.0,0.0,1.0,0,torque_limited,0.06
KIT_421_push_recovery_left06_poses_100_jpos,screened,263,50.0,6,5,0.8333333333333334,0.9633333333333334,0.04182509505703422,0.04182509505703422,0.04182509505703422,0.9581749049429658,1,torque_limited,0.06
KIT_421_push_recovery_stand_front03_poses_100_jpos,screened,250,50.0,5,5,1.0,1.0,0.0,0.0,0.0,1.0,0,torque_limited,0.06
KIT_421_push_recovery_stand_front06_poses_100_jpos,screened,175,50.0,4,4,1.0,1.0,0.0,0.0,0.0,1.0,0,torque_limited,0.06
KIT_421_push_recovery_stand_left02_poses_100_jpos,screened,451,50.0,10,9,0.9,0.994,0.0066518847006651885,0.0066518847006651885,0.0066518847006651885,0.9933481152993349,1,torque_limited,0.06
KIT_421_push_recovery_stand_right08_poses_100_jpos,screened,300,50.0,6,6,1.0,1.0,0.0,0.0,0.0,1.0,0,torque_limited,0.06
KIT_424_bend_left05_poses_100_jpos,screened,335,50.0,7,7,1.0,1.0,0.0,0.0,0.0,1.0,0,torque_limited,0.06
KIT_424_bend_left08_poses_100_jpos,screened,266,50.0,6,6,1.0,1.0,0.0,0.0,0.0,1.0,0,torque_limited,0.06
KIT_424_seesaw01_poses_100_jpos,screened,437,50.0,9,6,0.6666666666666666,0.8177777777777777,0.18764302059496568,0.18764302059496568,0.18764302059496568,0.8123569794050344,1,torque_limited,0.06
KIT_424_seesaw04_poses_100_jpos,screened,409,50.0,9,5,0.5555555555555556,0.7555555555555555,0.2273838630806846,0.2273838630806846,0.2273838630806846,0.7310513447432763,3,torque_limited,0.06
KIT_424_seesaw09_poses_100_jpos,screened,300,50.0,6,4,0.6666666666666666,0.8866666666666667,0.11333333333333333,0.11333333333333333,0.11333333333333333,0.8866666666666667,1,torque_limited,0.06
KIT_424_seesaw_backwards03_poses_100_jpos,screened,438,50.0,9,6,0.6666666666666666,0.7666666666666667,0.1735159817351598,0.1735159817351598,0.1735159817351598,0.7602739726027398,2,torque_limited,0.06
KIT_424_step_over_gap05_poses_100_jpos,screened,260,50.0,6,6,1.0,1.0,0.0,0.0,0.0,1.0,0,torque_limited,0.06
KIT_424_step_stones03_poses_100_jpos,screened,592,50.0,12,7,0.5833333333333334,0.71,0.2939189189189189,0.2939189189189189,0.2939189189189189,0.706081081081081,2,torque_limited,0.06
KIT_424_walking_slow10_poses_100_jpos,screened,441,50.0,9,9,1.0,1.0,0.0,0.0,0.0,1.0,0,torque_limited,0.06
KIT_425_bend_left03_poses_100_jpos,screened,223,50.0,5,5,1.0,1.0,0.0,0.0,0.0,1.0,0,torque_limited,0.06
KIT_425_bend_left10_poses_100_jpos,screened,254,50.0,6,6,1.0,1.0,0.0,0.0,0.0,1.0,0,torque_limited,0.06
KIT_425_bend_right04_poses_100_jpos,screened,238,50.0,5,5,1.0,1.0,0.0,0.0,0.0,1.0,0,torque_limited,0.06
KIT_425_bend_right06_poses_100_jpos,screened,359,50.0,8,8,1.0,1.0,0.0,0.0,0.0,1.0,0,torque_limited,0.06
KIT_425_step_over_gap05_poses_100_jpos,screened,284,50.0,6,6,1.0,1.0,0.0,0.0,0.0,1.0,0,torque_limited,0.06
KIT_425_walking_01_poses_100_jpos,screened,330,50.0,7,6,0.8571428571428571,0.8942857142857142,0.06666666666666667,0.06666666666666667,0.06666666666666667,0.8878787878787879,2,torque_limited,0.06
KIT_425_walking_fast02_poses_100_jpos,screened,211,50.0,5,5,1.0,1.0,0.0,0.0,0.0,1.0,0,torque_limited,0.06
KIT_425_walking_medium03_poses_100_jpos,screened,227,50.0,5,5,1.0,1.0,0.0,0.0,0.0,1.0,0,torque_limited,0.06
KIT_425_walking_slow05_poses_100_jpos,screened,284,50.0,6,6,1.0,1.0,0.0,0.0,0.0,1.0,0,torque_limited,0.06
KIT_441_PizzaDelivery03_poses_100_jpos,screened,1187,50.0,24,24,1.0,1.0,0.0,0.0,0.0,1.0,0,torque_limited,0.06
KIT_441_drinking05_poses_100_jpos,screened,699,50.0,14,14,1.0,1.0,0.0,0.0,0.0,1.0,0,torque_limited,0.06
KIT_441_synchron04_poses_100_jpos,screened,569,50.0,12,10,0.8333333333333334,0.9116666666666666,0.050966608084358524,0.050966608084358524,0.050966608084358524,0.9068541300527241,2,torque_limited,0.06
KIT_442_Bouncen01_poses_100_jpos,screened,288,50.0,6,6,1.0,1.0,0.0,0.0,0.0,1.0,0,torque_limited,0.06
KIT_442_PizzaDelivery05_poses_100_jpos,screened,1500,50.0,30,30,1.0,1.0,0.0,0.0,0.0,1.0,0,torque_limited,0.06
KIT_4_RightTurn01_poses_100_jpos,screened,262,50.0,6,6,1.0,1.0,0.0,0.0,0.0,1.0,0,torque_limited,0.06
KIT_4_WalkInClockwiseCircle07_poses_100_jpos,screened,403,50.0,9,9,1.0,1.0,0.0,0.0,0.0,1.0,0,torque_limited,0.06
KIT_4_WalkInClockwiseCircle10_poses_100_jpos,screened,389,50.0,8,8,1.0,1.0,0.0,0.0,0.0,1.0,0,torque_limited,0.06
KIT_4_WalkInCounterClockwiseCircle03_poses_100_jpos,screened,392,50.0,8,8,1.0,1.0,0.0,0.0,0.0,1.0,0,torque_limited,0.06
KIT_4_WalkingStraightBackwards02_poses_100_jpos,screened,275,50.0,6,6,1.0,1.0,0.0,0.0,0.0,1.0,0,torque_limited,0.06
KIT_513_Push_Behind_Soft02_poses_100_jpos,screened,290,50.0,6,6,1.0,1.0,0.0,0.0,0.0,1.0,0,torque_limited,0.06
KIT_513_Push_Left_Hard01_poses_100_jpos,screened,453,50.0,10,10,1.0,1.0,0.0,0.0,0.0,1.0,0,torque_limited,0.06
KIT_513_Push_Right_Soft03_poses_100_jpos,screened,338,50.0,7,7,1.0,1.0,0.0,0.0,0.0,1.0,0,torque_limited,0.06
KIT_513_evasion05_poses_100_jpos,screened,195,50.0,4,4,1.0,1.0,0.0,0.0,0.0,1.0,0,torque_limited,0.06
KIT_513_evasion06_poses_100_jpos,screened,290,50.0,6,6,1.0,1.0,0.0,0.0,0.0,1.0,0,torque_limited,0.06
KIT_513_kick09_poses_100_jpos,screened,383,50.0,8,7,0.875,0.9525,0.04960835509138381,0.04960835509138381,0.04960835509138381,0.9503916449086162,1,torque_limited,0.06
KIT_513_parkour01_poses_100_jpos,screened,566,50.0,12,12,1.0,1.0,0.0,0.0,0.0,1.0,0,torque_limited,0.06
KIT_513_seesaw_down09_poses_100_jpos,screened,313,50.0,7,5,0.7142857142857143,0.9,0.10543130990415335,0.10543130990415335,0.10543130990415335,0.8881789137380192,2,torque_limited,0.06
KIT_513_seesaw_up03_poses_100_jpos,screened,452,50.0,10,7,0.7,0.79,0.2323008849557522,0.2323008849557522,0.2323008849557522,0.7676991150442478,1,torque_limited,0.06
KIT_513_seesaw_up08_poses_100_jpos,screened,512,50.0,11,8,0.7272727272727273,0.7472727272727273,0.263671875,0.263671875,0.263671875,0.728515625,2,torque_limited,0.06
KIT_513_seesaw_up10_poses_100_jpos,screened,458,50.0,10,7,0.7,0.834,0.1812227074235808,0.1812227074235808,0.1812227074235808,0.8187772925764192,1,torque_limited,0.06
KIT_513_turn_left01_poses_100_jpos,screened,354,50.0,8,8,1.0,1.0,0.0,0.0,0.0,1.0,0,torque_limited,0.06
KIT_513_turn_left03_poses_100_jpos,screened,317,50.0,7,7,1.0,1.0,0.0,0.0,0.0,1.0,0,torque_limited,0.06
KIT_513_turn_left08_poses_100_jpos,screened,286,50.0,6,6,1.0,1.0,0.0,0.0,0.0,1.0,0,torque_limited,0.06
KIT_551_cutting_banana02_poses_100_jpos,screened,557,50.0,12,12,1.0,1.0,0.0,0.0,0.0,1.0,0,torque_limited,0.06
KIT_551_mixing_cooking_spoon03_poses_100_jpos,screened,401,50.0,9,9,1.0,1.0,0.0,0.0,0.0,1.0,0,torque_limited,0.06
KIT_551_sponge_big01_poses_100_jpos,screened,428,50.0,9,9,1.0,1.0,0.0,0.0,0.0,1.0,0,torque_limited,0.06
KIT_551_sponge_big_and_mixing_bowl_big05_poses_100_jpos,screened,397,50.0,8,8,1.0,1.0,0.0,0.0,0.0,1.0,0,torque_limited,0.06
KIT_572_dance_chacha06_poses_100_jpos,screened,580,50.0,12,12,1.0,1.0,0.0,0.0,0.0,1.0,0,torque_limited,0.06
KIT_572_dance_chacha15_poses_100_jpos,screened,834,50.0,17,14,0.8235294117647058,0.9952941176470589,0.004796163069544364,0.004796163069544364,0.004796163069544364,0.9952038369304557,2,torque_limited,0.06
KIT_572_dance_waltz06_poses_100_jpos,screened,536,50.0,11,11,1.0,1.0,0.0,0.0,0.0,1.0,0,torque_limited,0.06
KIT_572_dance_waltz_01_poses_100_jpos,screened,462,50.0,10,9,0.9,0.99,0.010822510822510822,0.010822510822510822,0.010822510822510822,0.9891774891774892,1,torque_limited,0.06
KIT_572_golf_putting05_poses_100_jpos,screened,292,50.0,6,6,1.0,1.0,0.0,0.0,0.0,1.0,0,torque_limited,0.06
KIT_572_guitar_left10_poses_100_jpos,screened,285,50.0,6,6,1.0,1.0,0.0,0.0,0.0,1.0,0,torque_limited,0.06
KIT_572_guitar_left13_poses_100_jpos,screened,375,50.0,8,8,1.0,1.0,0.0,0.0,0.0,1.0,0,torque_limited,0.06
KIT_572_guitar_left17_poses_100_jpos,screened,350,50.0,7,7,1.0,1.0,0.0,0.0,0.0,1.0,0,torque_limited,0.06
KIT_572_guitar_left18_poses_100_jpos,screened,351,50.0,8,8,1.0,1.0,0.0,0.0,0.0,1.0,0,torque_limited,0.06
KIT_572_jump_right03_poses_100_jpos,screened,264,50.0,6,5,0.8333333333333334,0.9933333333333333,0.007575757575757576,0.007575757575757576,0.007575757575757576,0.9924242424242424,1,torque_limited,0.06
KIT_572_punch_left05_poses_100_jpos,screened,323,50.0,7,7,1.0,1.0,0.0,0.0,0.0,1.0,0,torque_limited,0.06
KIT_572_squat05_poses_100_jpos,screened,247,50.0,5,3,0.6,0.776,0.22672064777327935,0.22672064777327935,0.22672064777327935,0.7732793522267206,1,torque_limited,0.06
KIT_572_stir_left09_poses_100_jpos,screened,307,50.0,7,7,1.0,1.0,0.0,0.0,0.0,1.0,0,torque_limited,0.06
KIT_572_stir_right14_poses_100_jpos,screened,474,50.0,10,10,1.0,1.0,0.0,0.0,0.0,1.0,0,torque_limited,0.06
KIT_572_stir_right15_poses_100_jpos,screened,495,50.0,10,10,1.0,1.0,0.0,0.0,0.0,1.0,0,torque_limited,0.06
KIT_572_stomp_right02_poses_100_jpos,screened,267,50.0,6,6,1.0,1.0,0.0,0.0,0.0,1.0,0,torque_limited,0.06
KIT_572_throw_left03_poses_100_jpos,screened,171,50.0,4,4,1.0,1.0,0.0,0.0,0.0,1.0,0,torque_limited,0.06
KIT_572_throw_left05_poses_100_jpos,screened,201,50.0,5,5,1.0,1.0,0.0,0.0,0.0,1.0,0,torque_limited,0.06
KIT_572_wave_both07_poses_100_jpos,screened,455,50.0,10,10,1.0,1.0,0.0,0.0,0.0,1.0,0,torque_limited,0.06
KIT_572_wave_both13_poses_100_jpos,screened,562,50.0,12,12,1.0,1.0,0.0,0.0,0.0,1.0,0,torque_limited,0.06
KIT_572_wave_left04_poses_100_jpos,screened,291,50.0,6,6,1.0,1.0,0.0,0.0,0.0,1.0,0,torque_limited,0.06
KIT_572_wave_left10_poses_100_jpos,screened,286,50.0,6,6,1.0,1.0,0.0,0.0,0.0,1.0,0,torque_limited,0.06
KIT_572_wave_left15_poses_100_jpos,screened,453,50.0,10,10,1.0,1.0,0.0,0.0,0.0,1.0,0,torque_limited,0.06
KIT_572_wipe_circular_right05_poses_100_jpos,screened,263,50.0,6,6,1.0,1.0,0.0,0.0,0.0,1.0,0,torque_limited,0.06
KIT_576_MarcusS_AdrianM09_poses_100_jpos,screened,3749,50.0,75,75,1.0,1.0,0.0,0.0,0.0,1.0,0,torque_limited,0.06
KIT_674_dry_back01_poses_100_jpos,screened,696,50.0,14,14,1.0,1.0,0.0,0.0,0.0,1.0,0,torque_limited,0.06
KIT_674_dry_front08_poses_100_jpos,screened,523,50.0,11,11,1.0,1.0,0.0,0.0,0.0,1.0,0,torque_limited,0.06
KIT_674_shower_left_arm10_poses_100_jpos,screened,608,50.0,13,13,1.0,1.0,0.0,0.0,0.0,1.0,0,torque_limited,0.06
KIT_674_shower_right_arm02_poses_100_jpos,screened,509,50.0,11,11,1.0,1.0,0.0,0.0,0.0,1.0,0,torque_limited,0.06
KIT_674_shower_right_arm03_poses_100_jpos,screened,399,50.0,8,8,1.0,1.0,0.0,0.0,0.0,1.0,0,torque_limited,0.06
KIT_674_wash_head02_poses_100_jpos,screened,2838,50.0,57,56,0.9824561403508771,0.9996491228070176,0.00035236081747709656,0.00035236081747709656,0.00035236081747709656,0.9996476391825229,1,torque_limited,0.06
KIT_675_double_pour_and_mixing02_poses_100_jpos,screened,880,50.0,18,18,1.0,1.0,0.0,0.0,0.0,1.0,0,torque_limited,0.06
KIT_675_double_pour_and_mixing04_poses_100_jpos,screened,1131,50.0,23,23,1.0,1.0,0.0,0.0,0.0,1.0,0,torque_limited,0.06
KIT_675_double_pour_and_mixing05_poses_100_jpos,screened,1310,50.0,27,27,1.0,1.0,0.0,0.0,0.0,1.0,0,torque_limited,0.06
KIT_675_double_pour_and_mixing12_poses_100_jpos,screened,952,50.0,20,20,1.0,1.0,0.0,0.0,0.0,1.0,0,torque_limited,0.06
KIT_675_dry_left_arm_14_poses_100_jpos,screened,1090,50.0,22,20,0.9090909090909091,0.9590909090909091,0.04128440366972477,0.04128440366972477,0.04128440366972477,0.9587155963302753,2,torque_limited,0.06
KIT_675_dry_left_arm_15_poses_100_jpos,screened,1269,50.0,26,24,0.9230769230769231,0.9853846153846154,0.014972419227738377,0.014972419227738377,0.014972419227738377,0.9850275807722616,1,torque_limited,0.06
KIT_675_dry_right_arm_014_poses_100_jpos,screened,1005,50.0,21,20,0.9523809523809523,0.9885714285714284,0.011940298507462687,0.011940298507462687,0.011940298507462687,0.9880597014925373,1,torque_limited,0.06
KIT_675_dry_right_arm_015_poses_100_jpos,screened,1165,50.0,24,24,1.0,1.0,0.0,0.0,0.0,1.0,0,torque_limited,0.06
KIT_675_walk_with_handrail_right01_poses_100_jpos,screened,200,50.0,4,4,1.0,1.0,0.0,0.0,0.0,1.0,0,torque_limited,0.06
KIT_675_walk_with_handrail_right07_poses_100_jpos,screened,191,50.0,4,4,1.0,1.0,0.0,0.0,0.0,1.0,0,torque_limited,0.06
KIT_675_walk_with_handrail_table_right009_poses_100_jpos,screened,285,50.0,6,4,0.6666666666666666,0.7666666666666666,0.031578947368421054,0.031578947368421054,0.031578947368421054,0.8070175438596491,1,torque_limited,0.06
KIT_675_walk_with_table_left10_poses_100_jpos,screened,368,50.0,8,8,1.0,1.0,0.0,0.0,0.0,1.0,0,torque_limited,0.06
KIT_675_walk_with_table_right01_poses_100_jpos,screened,411,50.0,9,8,0.8888888888888888,0.9888888888888889,0.012165450121654502,0.012165450121654502,0.012165450121654502,0.9878345498783455,1,torque_limited,0.06
KIT_675_wash_left_arm_04_poses_100_jpos,screened,4003,50.0,81,79,0.9753086419753086,0.9911111111111112,0.002498126405196103,0.002498126405196103,0.002498126405196103,0.991006744941294,3,torque_limited,0.06
KIT_6_LeftTurn03_1_poses_100_jpos,screened,273,50.0,6,6,1.0,1.0,0.0,0.0,0.0,1.0,0,torque_limited,0.06
KIT_6_LeftTurn07_1_poses_100_jpos,screened,242,50.0,5,5,1.0,1.0,0.0,0.0,0.0,1.0,0,torque_limited,0.06
KIT_6_RightTurn10_1_poses_100_jpos,screened,260,50.0,6,6,1.0,1.0,0.0,0.0,0.0,1.0,0,torque_limited,0.06
KIT_6_WalkInClockwiseCircle03_1_poses_100_jpos,screened,357,50.0,8,8,1.0,1.0,0.0,0.0,0.0,1.0,0,torque_limited,0.06
KIT_6_WalkInClockwiseCircle07_1_poses_100_jpos,screened,359,50.0,8,8,1.0,1.0,0.0,0.0,0.0,1.0,0,torque_limited,0.06
KIT_6_WalkInClockwiseCircle10_poses_100_jpos,screened,362,50.0,8,8,1.0,1.0,0.0,0.0,0.0,1.0,0,torque_limited,0.06
KIT_6_WalkInCounterClockwiseCircle01_1_poses_100_jpos,screened,410,50.0,9,9,1.0,1.0,0.0,0.0,0.0,1.0,0,torque_limited,0.06
KIT_6_WalkingStraightBackwards08_poses_100_jpos,screened,242,50.0,5,5,1.0,1.0,0.0,0.0,0.0,1.0,0,torque_limited,0.06
KIT_7_WalkInClockwiseCircle06_poses_100_jpos,screened,366,50.0,8,8,1.0,1.0,0.0,0.0,0.0,1.0,0,torque_limited,0.06
KIT_7_WalkInCounterClockwiseCircle04_poses_100_jpos,screened,361,50.0,8,8,1.0,1.0,0.0,0.0,0.0,1.0,0,torque_limited,0.06
KIT_883_wipe_arm_vertical01_poses_100_jpos,screened,499,50.0,10,10,1.0,1.0,0.0,0.0,0.0,1.0,0,torque_limited,0.06
KIT_883_wipe_back_dabbing03_poses_100_jpos,screened,451,50.0,10,10,1.0,1.0,0.0,0.0,0.0,1.0,0,torque_limited,0.06
KIT_883_wipe_head_vertical03_poses_100_jpos,screened,1008,50.0,21,21,1.0,1.0,0.0,0.0,0.0,1.0,0,torque_limited,0.06
KIT_883_wipe_leg_dabbing03_poses_100_jpos,screened,463,50.0,10,10,1.0,1.0,0.0,0.0,0.0,1.0,0,torque_limited,0.06
KIT_883_wipe_leg_vertical07_poses_100_jpos,screened,372,50.0,8,8,1.0,1.0,0.0,0.0,0.0,1.0,0,torque_limited,0.06
KIT_8_RightTurn06_poses_100_jpos,screened,256,50.0,6,6,1.0,1.0,0.0,0.0,0.0,1.0,0,torque_limited,0.06
KIT_8_WalkingStraightBackwards03_poses_100_jpos,screened,288,50.0,6,6,1.0,1.0,0.0,0.0,0.0,1.0,0,torque_limited,0.06
KIT_8_WalkingStraightBackwards08_poses_100_jpos,screened,294,50.0,6,6,1.0,1.0,0.0,0.0,0.0,1.0,0,torque_limited,0.06
KIT_912_912_3_04_poses_100_jpos,screened,611,50.0,13,13,1.0,1.0,0.0,0.0,0.0,1.0,0,torque_limited,0.06
KIT_948_Wipe_Back_Dabbing_01_poses_100_jpos,screened,524,50.0,11,11,1.0,1.0,0.0,0.0,0.0,1.0,0,torque_limited,0.06
KIT_950_Wipe_Head_Dabbing_01_poses_100_jpos,screened,475,50.0,10,10,1.0,1.0,0.0,0.0,0.0,1.0,0,torque_limited,0.06
KIT_950_Wipe_Head_Small_Circle_01_poses_100_jpos,screened,468,50.0,10,10,1.0,1.0,0.0,0.0,0.0,1.0,0,torque_limited,0.06
KIT_950_Wipe_Leg_Dabbing_01_poses_100_jpos,screened,243,50.0,5,5,1.0,1.0,0.0,0.0,0.0,1.0,0,torque_limited,0.06
KIT_950_Wipe_Leg_Dabbing_02_poses_100_jpos,screened,327,50.0,7,7,1.0,1.0,0.0,0.0,0.0,1.0,0,torque_limited,0.06
KIT_952_wipe_back_biglcircles02_poses_100_jpos,screened,614,50.0,13,13,1.0,1.0,0.0,0.0,0.0,1.0,0,torque_limited,0.06
KIT_952_wipe_back_smallcircle02_poses_100_jpos,screened,528,50.0,11,11,1.0,1.0,0.0,0.0,0.0,1.0,0,torque_limited,0.06
KIT_955_wipe_arm_bigcircles01_poses_100_jpos,screened,651,50.0,14,14,1.0,1.0,0.0,0.0,0.0,1.0,0,torque_limited,0.06
KIT_955_wipe_head_vertical01_poses_100_jpos,screened,480,50.0,10,10,1.0,1.0,0.0,0.0,0.0,1.0,0,torque_limited,0.06
KIT_955_wipe_leg_bigcircles01_poses_100_jpos,screened,552,50.0,12,12,1.0,1.0,0.0,0.0,0.0,1.0,0,torque_limited,0.06
KIT_969_Trial_18_poses_100_jpos,screened,916,50.0,19,19,1.0,1.0,0.0,0.0,0.0,1.0,0,torque_limited,0.06
KIT_969_Trial_24_poses_100_jpos,screened,825,50.0,17,17,1.0,1.0,0.0,0.0,0.0,1.0,0,torque_limited,0.06
KIT_969_Trial_33_poses_100_jpos,screened,602,50.0,13,13,1.0,1.0,0.0,0.0,0.0,1.0,0,torque_limited,0.06
KIT_969_Trial_40_poses_100_jpos,screened,552,50.0,12,12,1.0,1.0,0.0,0.0,0.0,1.0,0,torque_limited,0.06
KIT_969_Trial_41_poses_100_jpos,screened,622,50.0,13,13,1.0,1.0,0.0,0.0,0.0,1.0,0,torque_limited,0.06
KIT_969_Trial_60_poses_100_jpos,screened,510,50.0,11,11,1.0,1.0,0.0,0.0,0.0,1.0,0,torque_limited,0.06
KIT_969_Trial_62_poses_100_jpos,screened,528,50.0,11,11,1.0,1.0,0.0,0.0,0.0,1.0,0,torque_limited,0.06
KIT_969_Trial_69_poses_100_jpos,screened,687,50.0,14,14,1.0,1.0,0.0,0.0,0.0,1.0,0,torque_limited,0.06
KIT_969_Trial_76_poses_100_jpos,screened,654,50.0,14,14,1.0,1.0,0.0,0.0,0.0,1.0,0,torque_limited,0.06
KIT_969_Trial_79_poses_100_jpos,screened,772,50.0,16,16,1.0,1.0,0.0,0.0,0.0,1.0,0,torque_limited,0.06
KIT_9_WalkInClockwiseCircle04_poses_100_jpos,screened,430,50.0,9,9,1.0,1.0,0.0,0.0,0.0,1.0,0,torque_limited,0.06
KIT_9_WalkInClockwiseCircle07_poses_100_jpos,screened,413,50.0,9,9,1.0,1.0,0.0,0.0,0.0,1.0,0,torque_limited,0.06
KIT_9_WalkInCounterClockwiseCircle08_poses_100_jpos,screened,390,50.0,8,8,1.0,1.0,0.0,0.0,0.0,1.0,0,torque_limited,0.06
KIT_9_WalkInCounterClockwiseCircle09_poses_100_jpos,screened,420,50.0,9,9,1.0,1.0,0.0,0.0,0.0,1.0,0,torque_limited,0.06
KIT_9_WalkingStraightBackwards04_poses_100_jpos,screened,242,50.0,5,5,1.0,1.0,0.0,0.0,0.0,1.0,0,torque_limited,0.06
KIT_9_bend_left09_poses_100_jpos,screened,250,50.0,5,5,1.0,1.0,0.0,0.0,0.0,1.0,0,torque_limited,0.06
KIT_9_bend_right08_poses_100_jpos,screened,250,50.0,5,5,1.0,1.0,0.0,0.0,0.0,1.0,0,torque_limited,0.06
KIT_9_step_over_gap01_poses_100_jpos,screened,292,50.0,6,6,1.0,1.0,0.0,0.0,0.0,1.0,0,torque_limited,0.06
KIT_9_turn_left07_poses_100_jpos,screened,267,50.0,6,6,1.0,1.0,0.0,0.0,0.0,1.0,0,torque_limited,0.06
KIT_9_walking_run01_poses_100_jpos,screened,241,50.0,5,5,1.0,1.0,0.0,0.0,0.0,1.0,0,torque_limited,0.06
KIT_9_walking_run05_poses_100_jpos,screened,228,50.0,5,5,1.0,1.0,0.0,0.0,0.0,1.0,0,torque_limited,0.06
KIT_9_walking_slow01_poses_100_jpos,screened,312,50.0,7,7,1.0,1.0,0.0,0.0,0.0,1.0,0,torque_limited,0.06
KIT_9_walking_slow10_poses_100_jpos,screened,370,50.0,8,8,1.0,1.0,0.0,0.0,0.0,1.0,0,torque_limited,0.06
SFU_0015_0015_KendoKata001_poses_120_jpos,screened,7795,50.0,156,128,0.8205128205128205,0.9215811965811965,0.06401539448364336,0.0644002565747274,0.0644002565747274,0.9221295702373317,29,torque_limited,0.06
SFU_0018_0018_Walking001_poses_120_jpos,screened,888,50.0,18,14,0.7777777777777778,0.9366666666666666,0.010135135135135136,0.010135135135135136,0.010135135135135136,0.9358108108108109,4,torque_limited,0.06
SSM_synced_20160330_03333_side_hopping_poses_59_jpos,screened,422,50.0,9,7,0.7777777777777778,0.9888888888888889,0.011848341232227487,0.011848341232227487,0.011848341232227487,0.9881516587677726,1,torque_limited,0.06
SSM_synced_20161014_50033_ATUSquat_sync_poses_120_jpos,screened,107,50.0,3,0,0.0,0.0,0.2616822429906542,0.2616822429906542,0.2616822429906542,0.0,1,torque_limited,0.06
TCD_handMocap_ExperimentDatabase_Talking01A_poses_120_jpos,screened,260,50.0,6,6,1.0,1.0,0.0,0.0,0.0,1.0,0,torque_limited,0.06
TCD_handMocap_ExperimentDatabase_TalkingC_poses_120_jpos,screened,250,50.0,5,5,1.0,1.0,0.0,0.0,0.0,1.0,0,torque_limited,0.06
TCD_handMocap_ExperimentDatabase_TypingA_poses_120_jpos,screened,250,50.0,5,5,1.0,1.0,0.0,0.0,0.0,1.0,0,torque_limited,0.06
TCD_handMocap_ExperimentDatabase_Walking02_B_poses_150_jpos,screened,200,50.0,4,4,1.0,1.0,0.0,0.0,0.0,1.0,0,torque_limited,0.06
TCD_handMocap_ExperimentDatabase_graspLumbrical001_1_poses_120_jpos,screened,250,50.0,5,5,1.0,1.0,0.0,0.0,0.0,1.0,0,torque_limited,0.06
Transitions_mocap_mazen_c3d_airkick_jumpingtwist360_poses_120_jpos,screened,355,50.0,8,4,0.5,0.6675,0.29014084507042254,0.29014084507042254,0.29014084507042254,0.6253521126760564,5,torque_limited,0.06
Transitions_mocap_mazen_c3d_airkick_turntwist180_poses_120_jpos,screened,400,50.0,8,6,0.75,0.895,0.105,0.105,0.105,0.895,1,torque_limited,0.06
Transitions_mocap_mazen_c3d_devishdance_longjump_poses_120_jpos,screened,511,50.0,11,5,0.45454545454545453,0.4890909090909091,0.33659491193737767,0.33659491193737767,0.33659491193737767,0.4500978473581213,12,torque_limited,0.06
Transitions_mocap_mazen_c3d_punchkarate_kick_poses_120_jpos,screened,428,50.0,9,3,0.3333333333333333,0.5155555555555557,0.3247663551401869,0.3247663551401869,0.3247663551401869,0.49065420560747663,7,torque_limited,0.06
Transitions_mocap_mazen_c3d_twistdance_walk_poses_120_jpos,screened,410,50.0,9,5,0.5555555555555556,0.7155555555555555,0.1024390243902439,0.1024390243902439,0.1024390243902439,0.6878048780487804,9,torque_limited,0.06
