clip,policy,frames,fps,n_bins,n_bins_eligible,bin_eligible_frac,bin_score_mean,infeasible_frac,severe_frac,severe_frac_guarded,feasible_frac_kept,n_severe_windows,screen_schema,screen_gap_m
ACCAD_Female1General_c3d_A5_-_pick_up_box_poses_120_jpos,screened,314,50.0,7,3,0.42857142857142855,0.5314285714285714,0.20382165605095542,0.20382165605095542,0.5222929936305732,0.47770700636942676,1,torque_limited,0.06
ACCAD_Male2MartialArtsKicks_c3d_G3_-_front_kick_poses_120_jpos,screened,115,50.0,3,0,0.0,0.0,0.1565217391304348,0.1565217391304348,0.8173913043478261,0.0,1,torque_limited,0.06
ACCAD_Male2MartialArtsStances_c3d_D15_-_switch_stance_poses_120_jpos,screened,153,50.0,4,4,1.0,1.0,0.0,0.0,0.0,1.0,0,torque_limited,0.06
ACCAD_Male2MartialArtsStances_c3d_D16_-_switch_stance_and_bounce_poses_120_jpos,screened,245,50.0,5,5,1.0,1.0,0.0,0.0,0.0,1.0,0,torque_limited,0.06
ACCAD_Male2MartialArtsStances_c3d_D5_-_ready_to_walk_away_poses_120_jpos,screened,223,50.0,5,3,0.6,0.6799999999999999,0.013452914798206279,0.013452914798206279,0.23766816143497757,0.7623318385650224,1,torque_limited,0.06
ACCAD_MartialArtsWalksTurns_c3d_E16_-_block_right_middle_poses_120_jpos,screened,125,50.0,3,3,1.0,1.0,0.0,0.0,0.0,1.0,0,torque_limited,0.06
ACCAD_MartialArtsWalksTurns_c3d_E17_-_block_middle_high_poses_120_jpos,screened,127,50.0,3,3,1.0,1.0,0.0,0.0,0.0,1.0,0,torque_limited,0.06
ACCAD_MartialArtsWalksTurns_c3d_E1_-_Turn_around_right_poses_120_jpos,screened,718,50.0,15,15,1.0,1.0,0.0,0.0,0.0,1.0,0,torque_limited,0.06
ACCAD_MartialArtsWalksTurns_c3d_E2_-_Turn_around_left_poses_120_jpos,screened,654,50.0,14,14,1.0,1.0,0.0,0.0,0.0,1.0,0,torque_limited,0.06
ACCAD_MartialArtsWalksTurns_c3d_E3_-_advance_poses_120_jpos,screened,318,50.0,7,4,0.5714285714285714,0.7114285714285714,0.0031446540880503146,0.0031446540880503146,0.31761006289308175,0.6823899371069182,1,torque_limited,0.06
BMLhandball_S02_Novice_Trial_upper_left_012_poses_120_jpos,screened,338,50.0,7,7,1.0,1.0,0.0,0.0,0.0,1.0,0,torque_limited,0.06
BMLhandball_S05_Novice_Trial_upper_left_061_poses_120_jpos,screened,265,50.0,6,6,1.0,1.0,0.0,0.0,0.0,1.0,0,torque_limited,0.06
BMLhandball_S05_Novice_Trial_upper_left_right_007_poses_120_jpos,screened,347,50.0,7,3,0.42857142857142855,0.4428571428571429,0.069164265129683,0.069164265129683,0.521613832853026,0.44668587896253603,4,torque_limited,0.06
BMLhandball_S05_Novice_Trial_upper_left_right_013_poses_120_jpos,screened,345,50.0,7,4,0.5714285714285714,0.7057142857142856,0.008695652173913044,0.008695652173913044,0.2985507246376812,0.7014492753623188,1,torque_limited,0.06
BMLhandball_S06_Novice_Trial_upper_left_right_123_poses_120_jpos,screened,543,50.0,11,7,0.6363636363636364,0.7545454545454546,0.06445672191528545,0.06445672191528545,0.24861878453038674,0.7513812154696132,1,torque_limited,0.06
BMLhandball_S06_Novice_Trial_upper_right_217_poses_120_jpos,screened,411,50.0,9,6,0.6666666666666666,0.7533333333333334,0.0267639902676399,0.0267639902676399,0.27007299270072993,0.7299270072992701,1,torque_limited,0.06
BMLhandball_S07_Expert_Trial_upper_left_082_poses_120_jpos,screened,441,50.0,9,6,0.6666666666666666,0.7488888888888889,0.022675736961451247,0.022675736961451247,0.2562358276643991,0.7437641723356009,2,torque_limited,0.06
BMLhandball_S07_Expert_Trial_upper_left_right_037_poses_120_jpos,screened,666,50.0,14,11,0.7857142857142857,0.8014285714285715,0.012012012012012012,0.012012012012012012,0.2087087087087087,0.7912912912912913,3,torque_limited,0.06
BMLhandball_S07_Expert_Trial_upper_right_210_poses_120_jpos,screened,582,50.0,12,6,0.5,0.5316666666666666,0.19072164948453607,0.19072164948453607,0.48281786941580757,0.5171821305841925,4,torque_limited,0.06
BMLhandball_S08_Novice_Trial_upper_left_056_poses_120_jpos,screened,668,50.0,14,14,1.0,1.0,0.0,0.0,0.0,1.0,0,torque_limited,0.06
BMLhandball_S08_Novice_Trial_upper_left_082_poses_120_jpos,screened,648,50.0,13,10,0.7692307692307693,0.8307692307692308,0.015432098765432098,0.015432098765432098,0.1697530864197531,0.8302469135802469,1,torque_limited,0.06
BMLhandball_S08_Novice_Trial_upper_right_086_poses_120_jpos,screened,679,50.0,14,11,0.7857142857142857,0.8442857142857143,0.013254786450662739,0.013254786450662739,0.16053019145802652,0.8394698085419735,1,torque_limited,0.06
BMLhandball_S08_Novice_Trial_upper_right_left_090_poses_120_jpos,screened,664,50.0,14,9,0.6428571428571429,0.6785714285714286,0.05120481927710843,0.05120481927710843,0.338855421686747,0.661144578313253,3,torque_limited,0.06
BMLhandball_S09_Novice_Trial_upper_left_188_poses_120_jpos,screened,440,50.0,9,6,0.6666666666666666,0.7666666666666667,0.011363636363636364,0.011363636363636364,0.23863636363636365,0.7613636363636364,1,torque_limited,0.06
BMLhandball_S09_Novice_Trial_upper_left_209_poses_120_jpos,screened,415,50.0,9,5,0.5555555555555556,0.6288888888888889,0.012048192771084338,0.012048192771084338,0.25783132530120484,0.6819277108433734,2,torque_limited,0.06
BMLhandball_S09_Novice_Trial_upper_left_219_poses_120_jpos,screened,420,50.0,9,5,0.5555555555555556,0.6133333333333333,0.01904761904761905,0.01904761904761905,0.2571428571428571,0.6571428571428571,1,torque_limited,0.06
BMLhandball_S09_Novice_Trial_upper_left_right_087_poses_120_jpos,screened,523,50.0,11,1,0.09090909090909091,0.23090909090909092,0.08221797323135756,0.08221797323135756,0.6711281070745698,0.24282982791587,5,torque_limited,0.06
BMLhandball_S09_Novice_Trial_upper_right_left_118_poses_120_jpos,screened,464,50.0,10,3,0.3,0.392,0.07543103448275862,0.07543103448275862,0.5193965517241379,0.4224137931034483,4,torque_limited,0.06
BMLhandball_S09_Novice_Trial_upper_right_left_176_poses_120_jpos,screened,588,50.0,12,9,0.75,0.7799999999999999,0.013605442176870748,0.013605442176870748,0.1836734693877551,0.7959183673469388,1,torque_limited,0.06
BMLhandball_S09_Novice_Trial_upper_right_left_181_poses_120_jpos,screened,456,50.0,10,10,1.0,1.0,0.0,0.0,0.0,1.0,0,torque_limited,0.06
BMLhandball_S09_Novice_Trial_upper_right_left_234_poses_120_jpos,screened,492,50.0,10,10,1.0,1.0,0.0,0.0,0.0,1.0,0,torque_limited,0.06
BMLmovi_Subject_11_F_MoSh_Subject_11_F_11_poses_120_jpos,screened,230,50.0,5,5,1.0,1.0,0.0,0.0,0.0,1.0,0,torque_limited,0.06
BMLmovi_Subject_13_F_MoSh_Subject_13_F_9_poses_120_jpos,screened,380,50.0,8,8,1.0,1.0,0.0,0.0,0.0,1.0,0,torque_limited,0.06
BMLmovi_Subject_15_F_MoSh_Subject_15_F_14_poses_120_jpos,screened,400,50.0,8,1,0.125,0.24,0.0775,0.0775,0.76,0.24,12,torque_limited,0.06
BMLmovi_Subject_15_F_MoSh_Subject_15_F_16_poses_120_jpos,screened,452,50.0,10,10,1.0,1.0,0.0,0.0,0.0,1.0,0,torque_limited,0.06
BMLmovi_Subject_17_F_MoSh_Subject_17_F_10_poses_120_jpos,screened,115,50.0,3,3,1.0,1.0,0.0,0.0,0.0,1.0,0,torque_limited,0.06
BMLmovi_Subject_17_F_MoSh_Subject_17_F_14_poses_120_jpos,screened,342,50.0,7,1,0.14285714285714285,0.18285714285714286,0.34502923976608185,0.34502923976608185,0.6988304093567251,0.1871345029239766,2,torque_limited,0.06
BMLmovi_Subject_17_F_MoSh_Subject_17_F_20_poses_120_jpos,screened,170,50.0,4,4,1.0,1.0,0.0,0.0,0.0,1.0,0,torque_limited,0.06
BMLmovi_Subject_18_F_MoSh_Subject_18_F_17_poses_120_jpos,screened,174,50.0,4,4,1.0,1.0,0.0,0.0,0.0,1.0,0,torque_limited,0.06
BMLmovi_Subject_18_F_MoSh_Subject_18_F_1_poses_120_jpos,screened,277,50.0,6,6,1.0,1.0,0.0,0.0,0.0,1.0,0,torque_limited,0.06
BMLmovi_Subject_18_F_MoSh_Subject_18_F_3_poses_120_jpos,screened,157,50.0,4,4,1.0,1.0,0.0,0.0,0.0,1.0,0,torque_limited,0.06
BMLmovi_Subject_1_F_MoSh_Subject_1_F_13_poses_120_jpos,screened,285,50.0,6,0,0.0,0.0,0.10877192982456141,0.10877192982456141,0.887719298245614,0.0,6,torque_limited,0.06
BMLmovi_Subject_20_F_MoSh_Subject_20_F_17_poses_120_jpos,screened,97,50.0,2,2,1.0,1.0,0.0,0.0,0.0,1.0,0,torque_limited,0.06
BMLmovi_Subject_20_F_MoSh_Subject_20_F_7_poses_120_jpos,screened,145,50.0,3,3,1.0,1.0,0.0,0.0,0.0,1.0,0,torque_limited,0.06
BMLmovi_Subject_20_F_MoSh_Subject_20_F_8_poses_120_jpos,screened,192,50.0,4,4,1.0,1.0,0.0,0.0,0.0,1.0,0,torque_limited,0.06
BMLmovi_Subject_22_F_MoSh_Subject_22_F_10_poses_120_jpos,screened,127,50.0,3,3,1.0,1.0,0.0,0.0,0.0,1.0,0,torque_limited,0.06
BMLmovi_Subject_22_F_MoSh_Subject_22_F_12_poses_120_jpos,screened,169,50.0,4,4,1.0,1.0,0.0,0.0,0.0,1.0,0,torque_limited,0.06
BMLmovi_Subject_22_F_MoSh_Subject_22_F_1_poses_120_jpos,screened,487,50.0,10,0,0.0,0.0,0.03490759753593429,0.03490759753593429,0.8254620123203286,0.0,5,torque_limited,0.06
BMLmovi_Subject_22_F_MoSh_Subject_22_F_2_poses_120_jpos,screened,150,50.0,3,3,1.0,1.0,0.0,0.0,0.0,1.0,0,torque_limited,0.06
BMLmovi_Subject_24_F_MoSh_Subject_24_F_12_poses_120_jpos,screened,245,50.0,5,2,0.4,0.44000000000000006,0.08163265306122448,0.08163265306122448,0.5469387755102041,0.42857142857142855,5,torque_limited,0.06
BMLmovi_Subject_24_F_MoSh_Subject_24_F_2_poses_120_jpos,screened,144,50.0,3,0,0.0,0.0,0.034722222222222224,0.034722222222222224,0.7291666666666666,0.0,1,torque_limited,0.06
BMLmovi_Subject_27_F_MoSh_Subject_27_F_17_poses_120_jpos,screened,494,50.0,10,10,1.0,1.0,0.0,0.0,0.0,1.0,0,torque_limited,0.06
BMLmovi_Subject_27_F_MoSh_Subject_27_F_19_poses_120_jpos,screened,209,50.0,5,5,1.0,1.0,0.0,0.0,0.0,1.0,0,torque_limited,0.06
BMLmovi_Subject_27_F_MoSh_Subject_27_F_5_poses_120_jpos,screened,529,50.0,11,3,0.2727272727272727,0.32727272727272727,0.20793950850661624,0.20793950850661624,0.5879017013232514,0.34026465028355385,3,torque_limited,0.06
BMLmovi_Subject_29_F_MoSh_Subject_29_F_21_poses_120_jpos,screened,272,50.0,6,6,1.0,1.0,0.0,0.0,0.0,1.0,0,torque_limited,0.06
BMLmovi_Subject_30_F_MoSh_Subject_30_F_5_poses_120_jpos,screened,189,50.0,4,4,1.0,1.0,0.0,0.0,0.0,1.0,0,torque_limited,0.06
BMLmovi_Subject_31_F_MoSh_Subject_31_F_21_poses_120_jpos,screened,289,50.0,6,4,0.6666666666666666,0.73,0.006920415224913495,0.006920415224913495,0.28027681660899656,0.7197231833910035,1,torque_limited,0.06
BMLmovi_Subject_31_F_MoSh_Subject_31_F_4_poses_120_jpos,screened,177,50.0,4,4,1.0,1.0,0.0,0.0,0.0,1.0,0,torque_limited,0.06
BMLmovi_Subject_31_F_MoSh_Subject_31_F_8_poses_120_jpos,screened,277,50.0,6,6,1.0,1.0,0.0,0.0,0.0,1.0,0,torque_limited,0.06
BMLmovi_Subject_32_F_MoSh_Subject_32_F_19_poses_120_jpos,screened,285,50.0,6,6,1.0,1.0,0.0,0.0,0.0,1.0,0,torque_limited,0.06
BMLmovi_Subject_32_F_MoSh_Subject_32_F_9_poses_120_jpos,screened,177,50.0,4,4,1.0,1.0,0.0,0.0,0.0,1.0,0,torque_limited,0.06
BMLmovi_Subject_34_F_MoSh_Subject_34_F_20_poses_120_jpos,screened,284,50.0,6,6,1.0,1.0,0.0,0.0,0.0,1.0,0,torque_limited,0.06
BMLmovi_Subject_36_F_MoSh_Subject_36_F_11_poses_120_jpos,screened,249,50.0,5,5,1.0,1.0,0.0,0.0,0.0,1.0,0,torque_limited,0.06
BMLmovi_Subject_36_F_MoSh_Subject_36_F_12_poses_120_jpos,screened,492,50.0,10,10,1.0,1.0,0.0,0.0,0.0,1.0,0,torque_limited,0.06
BMLmovi_Subject_36_F_MoSh_Subject_36_F_21_poses_120_jpos,screened,217,50.0,5,5,1.0,1.0,0.0,0.0,0.0,1.0,0,torque_limited,0.06
BMLmovi_Subject_39_F_MoSh_Subject_39_F_14_poses_120_jpos,screened,160,50.0,4,4,1.0,1.0,0.0,0.0,0.0,1.0,0,torque_limited,0.06
BMLmovi_Subject_39_F_MoSh_Subject_39_F_17_poses_120_jpos,screened,207,50.0,5,5,1.0,1.0,0.0,0.0,0.0,1.0,0,torque_limited,0.06
BMLmovi_Subject_39_F_MoSh_Subject_39_F_18_poses_120_jpos,screened,294,50.0,6,6,1.0,1.0,0.0,0.0,0.0,1.0,0,torque_limited,0.06
BMLmovi_Subject_39_F_MoSh_Subject_39_F_20_poses_120_jpos,screened,209,50.0,5,5,1.0,1.0,0.0,0.0,0.0,1.0,0,torque_limited,0.06
BMLmovi_Subject_39_F_MoSh_Subject_39_F_6_poses_120_jpos,screened,229,50.0,5,5,1.0,1.0,0.0,0.0,0.0,1.0,0,torque_limited,0.06
BMLmovi_Subject_3_F_MoSh_Subject_3_F_18_poses_120_jpos,screened,224,50.0,5,5,1.0,1.0,0.0,0.0,0.0,1.0,0,torque_limited,0.06
BMLmovi_Subject_3_F_MoSh_Subject_3_F_6_poses_120_jpos,screened,137,50.0,3,3,1.0,1.0,0.0,0.0,0.0,1.0,0,torque_limited,0.06
BMLmovi_Subject_3_F_MoSh_Subject_3_F_7_poses_120_jpos,screened,224,50.0,5,0,0.0,0.0,0.16071428571428573,0.16071428571428573,0.9375,0.0,4,torque_limited,0.06
BMLmovi_Subject_41_F_MoSh_Subject_41_F_16_poses_120_jpos,screened,185,50.0,4,0,0.0,0.0,0.15675675675675677,0.15675675675675677,0.8648648648648649,0.0,3,torque_limited,0.06
BMLmovi_Subject_41_F_MoSh_Subject_41_F_17_poses_120_jpos,screened,129,50.0,3,0,0.0,0.0,0.3875968992248062,0.3875968992248062,1.0,0.0,1,torque_limited,0.06
BMLmovi_Subject_41_F_MoSh_Subject_41_F_2_poses_120_jpos,screened,409,50.0,9,9,1.0,1.0,0.0,0.0,0.0,1.0,0,torque_limited,0.06
BMLmovi_Subject_41_F_MoSh_Subject_41_F_5_poses_120_jpos,screened,182,50.0,4,4,1.0,1.0,0.0,0.0,0.0,1.0,0,torque_limited,0.06
BMLmovi_Subject_48_F_MoSh_Subject_48_F_11_poses_120_jpos,screened,232,50.0,5,5,1.0,1.0,0.0,0.0,0.0,1.0,0,torque_limited,0.06
BMLmovi_Subject_48_F_MoSh_Subject_48_F_16_poses_120_jpos,screened,522,50.0,11,3,0.2727272727272727,0.35818181818181816,0.19923371647509577,0.19923371647509577,0.5842911877394636,0.32375478927203066,3,torque_limited,0.06
BMLmovi_Subject_48_F_MoSh_Subject_48_F_18_poses_120_jpos,screened,515,50.0,11,11,1.0,1.0,0.0,0.0,0.0,1.0,0,torque_limited,0.06
BMLmovi_Subject_51_F_MoSh_Subject_51_F_5_poses_120_jpos,screened,285,50.0,6,0,0.0,0.0,0.21052631578947367,0.21052631578947367,0.9508771929824561,0.0,5,torque_limited,0.06
BMLmovi_Subject_51_F_MoSh_Subject_51_F_9_poses_120_jpos,screened,197,50.0,4,4,1.0,1.0,0.0,0.0,0.0,1.0,0,torque_limited,0.06
BMLmovi_Subject_53_F_MoSh_Subject_53_F_20_poses_120_jpos,screened,435,50.0,9,1,0.1111111111111111,0.1622222222222222,0.15632183908045977,0.15632183908045977,0.8482758620689655,0.13333333333333333,12,torque_limited,0.06
BMLmovi_Subject_53_F_MoSh_Subject_53_F_3_poses_120_jpos,screened,259,50.0,6,2,0.3333333333333333,0.4166666666666667,0.019305019305019305,0.019305019305019305,0.40540540540540543,0.4826254826254826,1,torque_limited,0.06
BMLmovi_Subject_55_F_MoSh_Subject_55_F_10_poses_120_jpos,screened,182,50.0,4,4,1.0,1.0,0.0,0.0,0.0,1.0,0,torque_limited,0.06
BMLmovi_Subject_55_F_MoSh_Subject_55_F_13_poses_120_jpos,screened,207,50.0,5,5,1.0,1.0,0.0,0.0,0.0,1.0,0,torque_limited,0.06
BMLmovi_Subject_55_F_MoSh_Subject_55_F_21_poses_120_jpos,screened,414,50.0,9,9,1.0,1.0,0.0,0.0,0.0,1.0,0,torque_limited,0.06
BMLmovi_Subject_55_F_MoSh_Subject_55_F_3_poses_120_jpos,screened,182,50.0,4,4,1.0,1.0,0.0,0.0,0.0,1.0,0,torque_limited,0.06
BMLmovi_Subject_57_F_MoSh_Subject_57_F_14_poses_120_jpos,screened,577,50.0,12,12,1.0,1.0,0.0,0.0,0.0,1.0,0,torque_limited,0.06
BMLmovi_Subject_57_F_MoSh_Subject_57_F_6_poses_120_jpos,screened,300,50.0,6,6,1.0,1.0,0.0,0.0,0.0,1.0,0,torque_limited,0.06
BMLmovi_Subject_58_F_MoSh_Subject_58_F_3_poses_120_jpos,screened,475,50.0,10,10,1.0,1.0,0.0,0.0,0.0,1.0,0,torque_limited,0.06
BMLmovi_Subject_5_F_MoSh_Subject_5_F_10_poses_120_jpos,screened,149,50.0,3,3,1.0,1.0,0.0,0.0,0.0,1.0,0,torque_limited,0.06
BMLmovi_Subject_5_F_MoSh_Subject_5_F_9_poses_120_jpos,screened,119,50.0,3,3,1.0,1.0,0.0,0.0,0.0,1.0,0,torque_limited,0.06
BMLmovi_Subject_62_F_MoSh_Subject_62_F_3_poses_120_jpos,screened,240,50.0,5,0,0.0,0.0,0.1,0.1,0.9416666666666667,0.0,5,torque_limited,0.06
BMLmovi_Subject_62_F_MoSh_Subject_62_F_7_poses_120_jpos,screened,197,50.0,4,4,1.0,1.0,0.0,0.0,0.0,1.0,0,torque_limited,0.06
BMLmovi_Subject_62_F_MoSh_Subject_62_F_8_poses_120_jpos,screened,197,50.0,4,4,1.0,1.0,0.0,0.0,0.0,1.0,0,torque_limited,0.06
BMLmovi_Subject_64_F_MoSh_Subject_64_F_13_poses_120_jpos,screened,194,50.0,4,4,1.0,1.0,0.0,0.0,0.0,1.0,0,torque_limited,0.06
BMLmovi_Subject_64_F_MoSh_Subject_64_F_14_poses_120_jpos,screened,197,50.0,4,4,1.0,1.0,0.0,0.0,0.0,1.0,0,torque_limited,0.06
BMLmovi_Subject_64_F_MoSh_Subject_64_F_19_poses_120_jpos,screened,200,50.0,4,4,1.0,1.0,0.0,0.0,0.0,1.0,0,torque_limited,0.06
BMLmovi_Subject_67_F_MoSh_Subject_67_F_17_poses_120_jpos,screened,215,50.0,5,5,1.0,1.0,0.0,0.0,0.0,1.0,0,torque_limited,0.06
BMLmovi_Subject_67_F_MoSh_Subject_67_F_21_poses_120_jpos,screened,562,50.0,12,12,1.0,1.0,0.0,0.0,0.0,1.0,0,torque_limited,0.06
BMLmovi_Subject_69_F_MoSh_Subject_69_F_18_poses_120_jpos,screened,405,50.0,9,9,1.0,1.0,0.0,0.0,0.0,1.0,0,torque_limited,0.06
BMLmovi_Subject_69_F_MoSh_Subject_69_F_1_poses_120_jpos,screened,722,50.0,15,12,0.8,0.804,0.018005540166204988,0.018005540166204988,0.15650969529085873,0.8351800554016621,1,torque_limited,0.06
BMLmovi_Subject_6_F_MoSh_Subject_6_F_2_poses_120_jpos,screened,119,50.0,3,3,1.0,1.0,0.0,0.0,0.0,1.0,0,torque_limited,0.06
BMLmovi_Subject_70_F_MoSh_Subject_70_F_19_poses_120_jpos,screened,127,50.0,3,3,1.0,1.0,0.0,0.0,0.0,1.0,0,torque_limited,0.06
BMLmovi_Subject_71_F_MoSh_Subject_71_F_13_poses_120_jpos,screened,179,50.0,4,4,1.0,1.0,0.0,0.0,0.0,1.0,0,torque_limited,0.06
BMLmovi_Subject_72_F_MoSh_Subject_72_F_15_poses_120_jpos,screened,204,50.0,5,5,1.0,1.0,0.0,0.0,0.0,1.0,0,torque_limited,0.06
BMLmovi_Subject_72_F_MoSh_Subject_72_F_17_poses_120_jpos,screened,172,50.0,4,4,1.0,1.0,0.0,0.0,0.0,1.0,0,torque_limited,0.06
BMLmovi_Subject_72_F_MoSh_Subject_72_F_5_poses_120_jpos,screened,319,50.0,7,4,0.5714285714285714,0.6885714285714286,0.02821316614420063,0.02821316614420063,0.34169278996865204,0.658307210031348,1,torque_limited,0.06
BMLmovi_Subject_72_F_MoSh_Subject_72_F_6_poses_120_jpos,screened,237,50.0,5,2,0.4,0.404,0.1350210970464135,0.1350210970464135,0.5569620253164557,0.37130801687763715,1,torque_limited,0.06
BMLmovi_Subject_74_F_MoSh_Subject_74_F_11_poses_120_jpos,screened,229,50.0,5,5,1.0,1.0,0.0,0.0,0.0,1.0,0,torque_limited,0.06
BMLmovi_Subject_74_F_MoSh_Subject_74_F_20_poses_120_jpos,screened,412,50.0,9,3,0.3333333333333333,0.35333333333333333,0.07766990291262135,0.07766990291262135,0.616504854368932,0.2936893203883495,6,torque_limited,0.06
BMLmovi_Subject_74_F_MoSh_Subject_74_F_5_poses_120_jpos,screened,299,50.0,6,0,0.0,0.0,0.4180602006688963,0.4180602006688963,0.9464882943143813,0.0,2,torque_limited,0.06
BMLmovi_Subject_76_F_MoSh_Subject_76_F_10_poses_120_jpos,screened,444,50.0,9,9,1.0,1.0,0.0,0.0,0.0,1.0,0,torque_limited,0.06
BMLmovi_Subject_79_F_MoSh_Subject_79_F_10_poses_120_jpos,screened,199,50.0,4,4,1.0,1.0,0.0,0.0,0.0,1.0,0,torque_limited,0.06
BMLmovi_Subject_79_F_MoSh_Subject_79_F_15_poses_120_jpos,screened,214,50.0,5,5,1.0,1.0,0.0,0.0,0.0,1.0,0,torque_limited,0.06
BMLmovi_Subject_81_F_MoSh_Subject_81_F_15_poses_120_jpos,screened,194,50.0,4,4,1.0,1.0,0.0,0.0,0.0,1.0,0,torque_limited,0.06
BMLmovi_Subject_83_F_MoSh_Subject_83_F_19_poses_120_jpos,screened,269,50.0,6,2,0.3333333333333333,0.43333333333333335,0.007434944237918215,0.007434944237918215,0.379182156133829,0.483271375464684,1,torque_limited,0.06
BMLmovi_Subject_83_F_MoSh_Subject_83_F_21_poses_120_jpos,screened,190,50.0,4,4,1.0,1.0,0.0,0.0,0.0,1.0,0,torque_limited,0.06
BMLmovi_Subject_85_F_MoSh_Subject_85_F_4_poses_120_jpos,screened,347,50.0,7,7,1.0,1.0,0.0,0.0,0.0,1.0,0,torque_limited,0.06
BMLmovi_Subject_85_F_MoSh_Subject_85_F_7_poses_120_jpos,screened,182,50.0,4,4,1.0,1.0,0.0,0.0,0.0,1.0,0,torque_limited,0.06
BMLmovi_Subject_88_F_MoSh_Subject_88_F_17_poses_120_jpos,screened,174,50.0,4,4,1.0,1.0,0.0,0.0,0.0,1.0,0,torque_limited,0.06
BMLmovi_Subject_8_F_MoSh_Subject_8_F_15_poses_120_jpos,screened,197,50.0,4,4,1.0,1.0,0.0,0.0,0.0,1.0,0,torque_limited,0.06
CMU_02_02_08_poses_120_jpos,screened,625,50.0,13,4,0.3076923076923077,0.42,0.1168,0.1168,0.5824,0.3968,3,torque_limited,0.06
CMU_06_06_01_poses_120_jpos,screened,206,50.0,5,5,1.0,1.0,0.0,0.0,0.0,1.0,0,torque_limited,0.06
CMU_06_06_14_poses_120_jpos,screened,200,50.0,4,4,1.0,1.0,0.0,0.0,0.0,1.0,0,torque_limited,0.06
CMU_07_07_01_poses_120_jpos,screened,132,50.0,3,0,0.0,0.0,0.15151515151515152,0.15151515151515152,0.7348484848484849,0.0,4,torque_limited,0.06
CMU_102_102_20_poses_120_jpos,screened,253,50.0,6,0,0.0,0.0,0.30434782608695654,0.30434782608695654,0.8537549407114624,0.0,8,torque_limited,0.06
CMU_105_105_06_poses_120_jpos,screened,57,50.0,2,2,1.0,1.0,0.0,0.0,0.0,1.0,0,torque_limited,0.06
CMU_105_105_11_poses_120_jpos,screened,776,50.0,16,13,0.8125,0.8725,0.002577319587628866,0.002577319587628866,0.13144329896907217,0.8685567010309279,1,torque_limited,0.06
CMU_105_105_21_poses_120_jpos,screened,1613,50.0,33,33,1.0,1.0,0.0,0.0,0.0,1.0,0,torque_limited,0.06
CMU_105_105_35_poses_120_jpos,screened,1272,50.0,26,26,1.0,1.0,0.0,0.0,0.0,1.0,0,torque_limited,0.06
CMU_106_106_11_poses_60_jpos,screened,571,50.0,12,9,0.75,0.8150000000000001,0.01926444833625219,0.01926444833625219,0.19439579684763572,0.8056042031523643,1,torque_limited,0.06
CMU_107_107_01_poses_60_jpos,screened,442,50.0,9,9,1.0,1.0,0.0,0.0,0.0,1.0,0,torque_limited,0.06
CMU_108_108_11_poses_120_jpos,screened,102,50.0,3,0,0.0,0.0,0.09803921568627451,0.09803921568627451,1.0,0.0,4,torque_limited,0.06
CMU_108_108_13_poses_120_jpos,screened,65,50.0,2,0,0.0,0.0,0.12307692307692308,0.12307692307692308,1.0,0.0,2,torque_limited,0.06
CMU_108_108_20_poses_120_jpos,screened,116,50.0,3,0,0.0,0.0,0.05172413793103448,0.05172413793103448,1.0,0.0,3,torque_limited,0.06
CMU_111_111_37_poses_120_jpos,screened,135,50.0,3,3,1.0,1.0,0.0,0.0,0.0,1.0,0,torque_limited,0.06
CMU_114_114_01_poses_120_jpos,screened,134,50.0,3,3,1.0,1.0,0.0,0.0,0.0,1.0,0,torque_limited,0.06
CMU_114_114_04_poses_120_jpos,screened,373,50.0,8,5,0.625,0.655,0.2359249329758713,0.2359249329758713,0.3699731903485255,0.6300268096514745,1,torque_limited,0.06
CMU_114_114_06_poses_120_jpos,screened,426,50.0,9,4,0.4444444444444444,0.4955555555555555,0.4154929577464789,0.4154929577464789,0.5328638497652582,0.4671361502347418,1,torque_limited,0.06
CMU_114_114_09_poses_120_jpos,screened,949,50.0,19,5,0.2631578947368421,0.3336842105263158,0.41938883034773444,0.41938883034773444,0.6301369863013698,0.3329820864067439,2,torque_limited,0.06
CMU_114_114_13_poses_120_jpos,screened,1305,50.0,27,27,1.0,1.0,0.0,0.0,0.0,1.0,0,torque_limited,0.06
CMU_115_115_06_poses_60_jpos,screened,297,50.0,6,2,0.3333333333333333,0.44333333333333336,0.2053872053872054,0.2053872053872054,0.5420875420875421,0.4377104377104377,1,torque_limited,0.06
CMU_118_118_10_poses_120_jpos,screened,218,50.0,5,2,0.4,0.41600000000000004,0.009174311926605505,0.009174311926605505,0.46788990825688076,0.3302752293577982,1,torque_limited,0.06
CMU_118_118_19_poses_120_jpos,screened,255,50.0,6,1,0.16666666666666666,0.32666666666666666,0.03137254901960784,0.03137254901960784,0.43529411764705883,0.3843137254901961,2,torque_limited,0.06
CMU_120_120_07_poses_120_jpos,screened,464,50.0,10,1,0.1,0.13599999999999998,0.17672413793103448,0.17672413793103448,0.790948275862069,0.14655172413793102,8,torque_limited,0.06
CMU_120_120_21_poses_120_jpos,screened,1297,50.0,26,9,0.34615384615384615,0.42615384615384616,0.2413261372397841,0.2413261372397841,0.5728604471858134,0.4271395528141866,7,torque_limited,0.06
CMU_122_122_01_poses_120_jpos,screened,264,50.0,6,2,0.3333333333333333,0.3433333333333333,0.21212121212121213,0.21212121212121213,0.6022727272727273,0.39015151515151514,3,torque_limited,0.06
CMU_122_122_09_poses_120_jpos,screened,188,50.0,4,1,0.25,0.4,0.3723404255319149,0.3723404255319149,0.6382978723404256,0.3617021276595745,1,torque_limited,0.06
CMU_122_122_34_poses_120_jpos,screened,403,50.0,9,3,0.3333333333333333,0.3977777777777778,0.4317617866004963,0.4317617866004963,0.5558312655086849,0.4441687344913151,1,torque_limited,0.06
CMU_122_122_44_poses_120_jpos,screened,275,50.0,6,6,1.0,1.0,0.0,0.0,0.0,1.0,0,torque_limited,0.06
CMU_122_122_48_poses_120_jpos,screened,185,50.0,4,1,0.25,0.435,0.005405405405405406,0.005405405405405406,0.5297297297297298,0.4702702702702703,1,torque_limited,0.06
CMU_122_122_55_poses_120_jpos,screened,307,50.0,7,2,0.2857142857142857,0.4257142857142857,0.029315960912052116,0.029315960912052116,0.36482084690553745,0.48534201954397393,2,torque_limited,0.06
CMU_123_123_10_poses_120_jpos,screened,333,50.0,7,7,1.0,1.0,0.0,0.0,0.0,1.0,0,torque_limited,0.06
CMU_127_127_16_poses_120_jpos,screened,108,50.0,3,0,0.0,0.0,0.2222222222222222,0.2222222222222222,1.0,0.0,4,torque_limited,0.06
CMU_12_12_02_poses_120_jpos,screened,280,50.0,6,3,0.5,0.5266666666666667,0.017857142857142856,0.017857142857142856,0.5071428571428571,0.4928571428571429,2,torque_limited,0.06
CMU_131_131_12_poses_120_jpos,screened,320,50.0,7,1,0.14285714285714285,0.2714285714285714,0.165625,0.165625,0.703125,0.296875,4,torque_limited,0.06
CMU_132_132_10_poses_120_jpos,screened,677,50.0,14,14,1.0,1.0,0.0,0.0,0.0,1.0,0,torque_limited,0.06
CMU_132_132_19_poses_120_jpos,screened,113,50.0,3,3,1.0,1.0,0.0,0.0,0.0,1.0,0,torque_limited,0.06
CMU_132_132_22_poses_120_jpos,screened,155,50.0,4,2,0.5,0.51,0.01935483870967742,0.01935483870967742,0.3419354838709677,0.6580645161290323,1,torque_limited,0.06
CMU_132_132_43_poses_120_jpos,screened,335,50.0,7,7,1.0,1.0,0.0,0.0,0.0,1.0,0,torque_limited,0.06
CMU_132_132_46_poses_120_jpos,screened,510,50.0,11,11,1.0,1.0,0.0,0.0,0.0,1.0,0,torque_limited,0.06
CMU_132_132_47_poses_120_jpos,screened,629,50.0,13,13,1.0,1.0,0.0,0.0,0.0,1.0,0,torque_limited,0.06
CMU_132_132_53_poses_120_jpos,screened,2709,50.0,55,5,0.09090909090909091,0.16145454545454546,0.2517534145441122,0.2517534145441122,0.8416389811738649,0.14876338132152087,49,torque_limited,0.06
CMU_133_133_04_poses_120_jpos,screened,326,50.0,7,3,0.42857142857142855,0.5371428571428571,0.08588957055214724,0.08588957055214724,0.49693251533742333,0.5030674846625767,6,torque_limited,0.06
CMU_133_133_23_poses_120_jpos,screened,353,50.0,8,8,1.0,1.0,0.0,0.0,0.0,1.0,0,torque_limited,0.06
CMU_133_133_25_poses_120_jpos,screened,171,50.0,4,4,1.0,1.0,0.0,0.0,0.0,1.0,0,torque_limited,0.06
CMU_135_135_02_poses_120_jpos,screened,2168,50.0,44,5,0.11363636363636363,0.12318181818181818,0.2878228782287823,0.29289667896678967,0.8745387453874539,0.11023985239852399,57,torque_limited,0.06
CMU_136_136_02_poses_120_jpos,screened,358,50.0,8,4,0.5,0.5475,0.08379888268156424,0.08379888268156424,0.505586592178771,0.49441340782122906,2,torque_limited,0.06
CMU_136_136_06_poses_120_jpos,screened,393,50.0,8,2,0.25,0.26,0.17557251908396945,0.17557251908396945,0.7353689567430025,0.26463104325699743,8,torque_limited,0.06
CMU_136_136_27_poses_120_jpos,screened,453,50.0,10,2,0.2,0.236,0.2163355408388521,0.2163355408388521,0.7373068432671082,0.26048565121412803,8,torque_limited,0.06
CMU_137_137_08_poses_120_jpos,screened,808,50.0,17,5,0.29411764705882354,0.3364705882352941,0.1150990099009901,0.1150990099009901,0.6658415841584159,0.30198019801980197,9,torque_limited,0.06
CMU_137_137_13_poses_120_jpos,screened,1235,50.0,25,11,0.44,0.58,0.05020242914979757,0.05020242914979757,0.42105263157894735,0.5748987854251012,5,torque_limited,0.06
CMU_138_138_23_poses_120_jpos,screened,191,50.0,4,4,1.0,1.0,0.0,0.0,0.0,1.0,0,torque_limited,0.06
CMU_138_138_25_poses_120_jpos,screened,149,50.0,3,0,0.0,0.0,0.12080536912751678,0.12080536912751678,0.8322147651006712,0.0,3,torque_limited,0.06
CMU_139_139_15_poses_60_jpos,screened,898,50.0,18,0,0.0,0.0,0.2594654788418708,0.2594654788418708,0.9643652561247216,0.0,13,torque_limited,0.06
CMU_13_13_07_poses_120_jpos,screened,605,50.0,13,13,1.0,1.0,0.0,0.0,0.0,1.0,0,torque_limited,0.06
CMU_13_13_08_poses_120_jpos,screened,668,50.0,14,14,1.0,1.0,0.0,0.0,0.0,1.0,0,torque_limited,0.06
CMU_13_13_32_poses_120_jpos,screened,140,50.0,3,0,0.0,0.0,0.2357142857142857,0.2357142857142857,0.9571428571428572,0.0,3,torque_limited,0.06
CMU_141_141_18_poses_60_jpos,screened,323,50.0,7,4,0.5714285714285714,0.7057142857142856,0.02786377708978328,0.02786377708978328,0.23529411764705882,0.7647058823529411,1,torque_limited,0.06
CMU_141_141_21_poses_60_jpos,screened,226,50.0,5,5,1.0,1.0,0.0,0.0,0.0,1.0,0,torque_limited,0.06
CMU_143_143_01_poses_60_jpos,screened,83,50.0,2,0,0.0,0.0,0.08433734939759036,0.08433734939759036,1.0,0.0,2,torque_limited,0.06
CMU_143_143_09_poses_60_jpos,screened,454,50.0,10,3,0.3,0.316,0.10572687224669604,0.10572687224669604,0.7158590308370044,0.24669603524229075,8,torque_limited,0.06
CMU_143_143_10_poses_60_jpos,screened,479,50.0,10,7,0.7,0.772,0.029227557411273485,0.029227557411273485,0.23799582463465555,0.7620041753653445,1,torque_limited,0.06
CMU_143_143_20_poses_60_jpos,screened,542,50.0,11,8,0.7272727272727273,0.7872727272727272,0.03136531365313653,0.03136531365313653,0.2158671586715867,0.7841328413284133,1,torque_limited,0.06
CMU_143_143_27_poses_60_jpos,screened,586,50.0,12,12,1.0,1.0,0.0,0.0,0.0,1.0,0,torque_limited,0.06
CMU_143_143_38_poses_60_jpos,screened,1097,50.0,22,18,0.8181818181818182,0.8990909090909092,0.010027347310847767,0.010027347310847767,0.10118505013673655,0.8988149498632635,1,torque_limited,0.06
CMU_144_144_05_poses_120_jpos,screened,1161,50.0,24,1,0.041666666666666664,0.07583333333333332,0.32127476313522824,0.32127476313522824,0.9509043927648578,0.04478897502153316,22,torque_limited,0.06
CMU_144_144_17_poses_120_jpos,screened,1175,50.0,24,0,0.0,0.0,0.34808510638297874,0.34808510638297874,0.9285106382978724,0.0,21,torque_limited,0.06
CMU_144_144_28_poses_120_jpos,screened,953,50.0,20,8,0.4,0.564,0.030430220356768102,0.030430220356768102,0.45750262329485836,0.5424973767051416,6,torque_limited,0.06
CMU_15_15_01_poses_120_jpos,screened,2302,50.0,47,47,1.0,1.0,0.0,0.0,0.0,1.0,0,torque_limited,0.06
CMU_16_16_35_poses_120_jpos,screened,68,50.0,2,0,0.0,0.0,0.11764705882352941,0.11764705882352941,1.0,0.0,2,torque_limited,0.06
CMU_17_17_09_poses_120_jpos,screened,2533,50.0,51,51,1.0,1.0,0.0,0.0,0.0,1.0,0,torque_limited,0.06
CMU_18_19_Justin_18_07_poses_120_jpos,screened,121,50.0,3,0,0.0,0.0,0.1487603305785124,0.1487603305785124,0.9008264462809917,0.0,2,torque_limited,0.06
CMU_18_19_Justin_18_15_poses_120_jpos,screened,640,50.0,13,5,0.38461538461538464,0.536923076923077,0.11875,0.11875,0.4703125,0.5296875,4,torque_limited,0.06
CMU_20_21_rory1_20_08_poses_120_jpos,screened,89,50.0,2,2,1.0,1.0,0.0,0.0,0.0,1.0,0,torque_limited,0.06
CMU_22_23_justin_22_06_poses_120_jpos,screened,210,50.0,5,5,1.0,1.0,0.0,0.0,0.0,1.0,0,torque_limited,0.06
CMU_22_23_justin_22_12_poses_120_jpos,screened,127,50.0,3,0,0.0,0.0,0.07086614173228346,0.07086614173228346,1.0,0.0,3,torque_limited,0.06
CMU_22_23_justin_22_22_poses_120_jpos,screened,75,50.0,2,2,1.0,1.0,0.0,0.0,0.0,1.0,0,torque_limited,0.06
CMU_27_27_11_poses_120_jpos,screened,807,50.0,17,17,1.0,1.0,0.0,0.0,0.0,1.0,0,torque_limited,0.06
CMU_28_28_16_poses_120_jpos,screened,2334,50.0,47,47,1.0,1.0,0.0,0.0,0.0,1.0,0,torque_limited,0.06
CMU_29_29_13_poses_120_jpos,screened,6111,50.0,123,123,1.0,1.0,0.0,0.0,0.0,1.0,0,torque_limited,0.06
CMU_29_29_15_poses_120_jpos,screened,1845,50.0,37,37,1.0,1.0,0.0,0.0,0.0,1.0,0,torque_limited,0.06
CMU_29_29_24_poses_120_jpos,screened,1772,50.0,36,36,1.0,1.0,0.0,0.0,0.0,1.0,0,torque_limited,0.06
CMU_30_30_09_poses_120_jpos,screened,1566,50.0,32,32,1.0,1.0,0.0,0.0,0.0,1.0,0,torque_limited,0.06
CMU_30_30_13_poses_120_jpos,screened,819,50.0,17,17,1.0,1.0,0.0,0.0,0.0,1.0,0,torque_limited,0.06
CMU_32_32_01_poses_120_jpos,screened,201,50.0,5,5,1.0,1.0,0.0,0.0,0.0,1.0,0,torque_limited,0.06
CMU_35_35_06_poses_120_jpos,screened,183,50.0,4,4,1.0,1.0,0.0,0.0,0.0,1.0,0,torque_limited,0.06
CMU_35_35_07_poses_120_jpos,screened,150,50.0,3,3,1.0,1.0,0.0,0.0,0.0,1.0,0,torque_limited,0.06
CMU_35_35_14_poses_120_jpos,screened,171,50.0,4,4,1.0,1.0,0.0,0.0,0.0,1.0,0,torque_limited,0.06
CMU_35_35_32_poses_120_jpos,screened,163,50.0,4,4,1.0,1.0,0.0,0.0,0.0,1.0,0,torque_limited,0.06
CMU_35_35_33_poses_120_jpos,screened,175,50.0,4,4,1.0,1.0,0.0,0.0,0.0,1.0,0,torque_limited,0.06
CMU_36_36_04_poses_120_jpos,screened,1553,50.0,32,6,0.1875,0.2975,0.27945911139729557,0.27945911139729557,0.7128139085640696,0.2762395363811977,8,torque_limited,0.06
CMU_36_36_18_poses_120_jpos,screened,1793,50.0,36,10,0.2777777777777778,0.34111111111111114,0.35973229224762965,0.35973229224762965,0.6480758505298383,0.3424428332403793,8,torque_limited,0.06
CMU_37_37_01_poses_120_jpos,screened,213,50.0,5,5,1.0,1.0,0.0,0.0,0.0,1.0,0,torque_limited,0.06
CMU_38_38_02_poses_120_jpos,screened,175,50.0,4,2,0.5,0.61,0.017142857142857144,0.017142857142857144,0.3028571428571429,0.6971428571428572,1,torque_limited,0.06
CMU_39_39_05_poses_120_jpos,screened,167,50.0,4,0,0.0,0.31,0.023952095808383235,0.023952095808383235,0.6287425149700598,0.3712574850299401,2,torque_limited,0.06
CMU_40_40_02_poses_120_jpos,screened,2081,50.0,42,28,0.6666666666666666,0.7847619047619047,0.024987986544930323,0.024987986544930323,0.21720326765977896,0.7827967323402211,4,torque_limited,0.06
CMU_40_40_11_poses_120_jpos,screened,2508,50.0,51,51,1.0,1.0,0.0,0.0,0.0,1.0,0,torque_limited,0.06
CMU_40_40_12_poses_120_jpos,screened,3515,50.0,71,71,1.0,1.0,0.0,0.0,0.0,1.0,0,torque_limited,0.06
CMU_54_54_21_poses_120_jpos,screened,2912,50.0,59,25,0.423728813559322,0.4586440677966102,0.11778846153846154,0.11778846153846154,0.5113324175824175,0.4646291208791209,27,torque_limited,0.06
CMU_54_54_22_poses_120_jpos,screened,1056,50.0,22,8,0.36363636363636365,0.43090909090909085,0.13920454545454544,0.13920454545454544,0.5331439393939394,0.44886363636363635,11,torque_limited,0.06
CMU_54_54_23_poses_120_jpos,screened,1791,50.0,36,36,1.0,1.0,0.0,0.0,0.0,1.0,0,torque_limited,0.06
CMU_55_55_01_poses_120_jpos,screened,753,50.0,16,7,0.4375,0.595,0.010624169986719787,0.010624169986719787,0.40903054448871184,0.5697211155378487,3,torque_limited,0.06
CMU_55_55_10_poses_120_jpos,screened,568,50.0,12,12,1.0,1.0,0.0,0.0,0.0,1.0,0,torque_limited,0.06
CMU_55_55_12_poses_120_jpos,screened,865,50.0,18,15,0.8333333333333334,0.8522222222222222,0.03815028901734104,0.03815028901734104,0.15375722543352602,0.846242774566474,1,torque_limited,0.06
CMU_55_55_18_poses_120_jpos,screened,2245,50.0,45,45,1.0,1.0,0.0,0.0,0.0,1.0,0,torque_limited,0.06
CMU_60_60_09_poses_60_jpos,screened,2145,50.0,43,7,0.16279069767441862,0.19023255813953488,0.26666666666666666,0.26666666666666666,0.7906759906759907,0.18834498834498833,37,torque_limited,0.06
CMU_60_60_15_poses_60_jpos,screened,1783,50.0,36,16,0.4444444444444444,0.48944444444444435,0.04374649467190129,0.04374649467190129,0.48625911385305665,0.4845765563656758,15,torque_limited,0.06
CMU_62_62_05_poses_60_jpos,screened,965,50.0,20,20,1.0,1.0,0.0,0.0,0.0,1.0,0,torque_limited,0.06
CMU_62_62_14_poses_60_jpos,screened,561,50.0,12,12,1.0,1.0,0.0,0.0,0.0,1.0,0,torque_limited,0.06
CMU_62_62_19_poses_60_jpos,screened,549,50.0,11,11,1.0,1.0,0.0,0.0,0.0,1.0,0,torque_limited,0.06
CMU_63_63_09_poses_120_jpos,screened,188,50.0,4,1,0.25,0.35,0.0425531914893617,0.05851063829787234,0.6276595744680851,0.3723404255319149,2,torque_limited,0.06
CMU_63_63_27_poses_120_jpos,screened,237,50.0,5,2,0.4,0.5599999999999999,0.04219409282700422,0.04219409282700422,0.4641350210970464,0.5358649789029536,1,torque_limited,0.06
CMU_64_64_28_poses_120_jpos,screened,215,50.0,5,5,1.0,1.0,0.0,0.0,0.0,1.0,0,torque_limited,0.06
CMU_74_74_05_poses_60_jpos,screened,269,50.0,6,6,1.0,1.0,0.0,0.0,0.0,1.0,0,torque_limited,0.06
CMU_74_74_09_poses_120_jpos,screened,83,50.0,2,2,1.0,1.0,0.0,0.0,0.0,1.0,0,torque_limited,0.06
CMU_76_76_10_poses_120_jpos,screened,569,50.0,12,12,1.0,1.0,0.0,0.0,0.0,1.0,0,torque_limited,0.06
CMU_77_77_02_poses_60_jpos,screened,780,50.0,16,16,1.0,1.0,0.0,0.0,0.0,1.0,0,torque_limited,0.06
CMU_77_77_04_poses_60_jpos,screened,735,50.0,15,15,1.0,1.0,0.0,0.0,0.0,1.0,0,torque_limited,0.06
CMU_77_77_30_poses_60_jpos,screened,1050,50.0,21,21,1.0,1.0,0.0,0.0,0.0,1.0,0,torque_limited,0.06
CMU_78_78_31_poses_120_jpos,screened,333,50.0,7,0,0.0,0.0,0.32732732732732733,0.3303303303303303,1.0,0.0,12,torque_limited,0.06
CMU_79_79_01_poses_60_jpos,screened,488,50.0,10,4,0.4,0.576,0.0,0.02459016393442623,0.4344262295081967,0.5655737704918032,2,torque_limited,0.06
CMU_79_79_39_poses_60_jpos,screened,673,50.0,14,14,1.0,1.0,0.0,0.0,0.0,1.0,0,torque_limited,0.06
CMU_79_79_54_poses_60_jpos,screened,972,50.0,20,20,1.0,1.0,0.0,0.0,0.0,1.0,0,torque_limited,0.06
CMU_79_79_59_poses_60_jpos,screened,708,50.0,15,15,1.0,1.0,0.0,0.0,0.0,1.0,0,torque_limited,0.06
CMU_79_79_84_poses_60_jpos,screened,730,50.0,15,15,1.0,1.0,0.0,0.0,0.0,1.0,0,torque_limited,0.06
CMU_79_79_89_poses_60_jpos,screened,737,50.0,15,15,1.0,1.0,0.0,0.0,0.0,1.0,0,torque_limited,0.06
CMU_79_79_96_poses_60_jpos,screened,465,50.0,10,10,1.0,1.0,0.0,0.0,0.0,1.0,0,torque_limited,0.06
CMU_80_80_06_poses_60_jpos,screened,801,50.0,17,17,1.0,1.0,0.0,0.0,0.0,1.0,0,torque_limited,0.06
CMU_80_80_16_poses_60_jpos,screened,1049,50.0,21,21,1.0,1.0,0.0,0.0,0.0,1.0,0,torque_limited,0.06
CMU_80_80_40_poses_60_jpos,screened,762,50.0,16,16,1.0,1.0,0.0,0.0,0.0,1.0,0,torque_limited,0.06
CMU_80_80_47_poses_60_jpos,screened,836,50.0,17,17,1.0,1.0,0.0,0.0,0.0,1.0,0,torque_limited,0.06
CMU_82_82_07_poses_120_jpos,screened,499,50.0,10,1,0.1,0.11400000000000002,0.35070140280561124,0.35070140280561124,0.8857715430861723,0.11422845691382766,11,torque_limited,0.06
CMU_83_83_15_poses_120_jpos,screened,218,50.0,5,1,0.2,0.368,0.4954128440366973,0.4954128440366973,0.7247706422018348,0.27522935779816515,1,torque_limited,0.06
CMU_83_83_16_poses_120_jpos,screened,213,50.0,5,2,0.4,0.44800000000000006,0.4084507042253521,0.4084507042253521,0.647887323943662,0.352112676056338,2,torque_limited,0.06
CMU_83_83_34_poses_120_jpos,screened,403,50.0,9,3,0.3333333333333333,0.3977777777777778,0.4317617866004963,0.4317617866004963,0.5558312655086849,0.4441687344913151,1,torque_limited,0.06
CMU_83_83_49_poses_120_jpos,screened,190,50.0,4,1,0.25,0.29,0.10526315789473684,0.10526315789473684,0.6947368421052632,0.30526315789473685,3,torque_limited,0.06
CMU_83_83_53_poses_120_jpos,screened,225,50.0,5,1,0.2,0.23199999999999998,0.19555555555555557,0.19555555555555557,0.7422222222222222,0.2577777777777778,4,torque_limited,0.06
CMU_84_84_01_poses_60_jpos,screened,386,50.0,8,8,1.0,1.0,0.0,0.0,0.0,1.0,0,torque_limited,0.06
CMU_84_84_05_poses_60_jpos,screened,269,50.0,6,6,1.0,1.0,0.0,0.0,0.0,1.0,0,torque_limited,0.06
CMU_84_84_09_poses_120_jpos,screened,83,50.0,2,2,1.0,1.0,0.0,0.0,0.0,1.0,0,torque_limited,0.06
CMU_85_85_09_poses_120_jpos,screened,105,50.0,3,3,1.0,1.0,0.0,0.0,0.0,1.0,0,torque_limited,0.06
CMU_89_89_02_poses_120_jpos,screened,150,50.0,3,3,1.0,1.0,0.0,0.0,0.0,1.0,0,torque_limited,0.06
CMU_91_91_11_poses_120_jpos,screened,776,50.0,16,16,1.0,1.0,0.0,0.0,0.0,1.0,0,torque_limited,0.06
CMU_91_91_12_poses_120_jpos,screened,926,50.0,19,19,1.0,1.0,0.0,0.0,0.0,1.0,0,torque_limited,0.06
CMU_91_91_17_poses_120_jpos,screened,633,50.0,13,13,1.0,1.0,0.0,0.0,0.0,1.0,0,torque_limited,0.06
DFaust_67_50002_50002_light_hopping_loose_poses_60_jpos,screened,195,50.0,4,0,0.0,0.0,0.020512820512820513,0.020512820512820513,0.8358974358974359,0.0,3,torque_limited,0.06
DFaust_67_50004_50004_knees_poses_60_jpos,screened,609,50.0,13,4,0.3076923076923077,0.40923076923076923,0.2348111658456486,0.2348111658456486,0.5714285714285714,0.3694581280788177,3,torque_limited,0.06
DFaust_67_50004_50004_shake_hips_poses_60_jpos,screened,178,50.0,4,4,1.0,1.0,0.0,0.0,0.0,1.0,0,torque_limited,0.06
DFaust_67_50009_50009_light_hopping_stiff_poses_60_jpos,screened,211,50.0,5,5,1.0,1.0,0.0,0.0,0.0,1.0,0,torque_limited,0.06
DFaust_67_50009_50009_one_leg_loose_poses_60_jpos,screened,149,50.0,3,3,1.0,1.0,0.0,0.0,0.0,1.0,0,torque_limited,0.06
DFaust_67_50020_50020_knees_poses_60_jpos,screened,429,50.0,9,9,1.0,1.0,0.0,0.0,0.0,1.0,0,torque_limited,0.06
DFaust_67_50025_50025_punching_poses_60_jpos,screened,166,50.0,4,1,0.25,0.45499999999999996,0.13855421686746988,0.13855421686746988,0.6566265060240963,0.3433734939759036,2,torque_limited,0.06
DFaust_67_50027_50027_hips_poses_60_jpos,screened,675,50.0,14,14,1.0,1.0,0.0,0.0,0.0,1.0,0,torque_limited,0.06
Eyes_Japan_Dataset_aita_accident-08-damage_rightfoot-aita_poses_120_jpos,screened,1500,50.0,30,16,0.5333333333333333,0.5506666666666666,0.162,0.162,0.422,0.5506666666666666,6,torque_limited,0.06
Eyes_Japan_Dataset_aita_gesture_etc-20-swing_chair-aita_poses_120_jpos,screened,1500,50.0,30,6,0.2,0.264,0.44,0.44,0.7066666666666667,0.264,4,torque_limited,0.06
Eyes_Japan_Dataset_aita_gesture_etc-22-mobile_receive-aita_poses_120_jpos,screened,1500,50.0,30,30,1.0,1.0,0.0,0.0,0.0,1.0,0,torque_limited,0.06
Eyes_Japan_Dataset_aita_gesture_etc-48-medium_drum-aita_poses_120_jpos,screened,1500,50.0,30,30,1.0,1.0,0.0,0.0,0.0,1.0,0,torque_limited,0.06
Eyes_Japan_Dataset_aita_greeting-02-bye-aita_poses_120_jpos,screened,1500,50.0,30,30,1.0,1.0,0.0,0.0,0.0,1.0,0,torque_limited,0.06
Eyes_Japan_Dataset_aita_greeting-10-card_exchange-aita_poses_120_jpos,screened,1500,50.0,30,30,1.0,1.0,0.0,0.0,0.0,1.0,0,torque_limited,0.06
Eyes_Japan_Dataset_aita_pain-01-headache-aita_poses_120_jpos,screened,1500,50.0,30,30,1.0,1.0,0.0,0.0,0.0,1.0,0,torque_limited,0.06
Eyes_Japan_Dataset_aita_pose-14-look_up-aita_poses_120_jpos,screened,1500,50.0,30,30,1.0,1.0,0.0,0.0,0.0,1.0,0,torque_limited,0.06
Eyes_Japan_Dataset_aita_pose-18-applause-aita_poses_120_jpos,screened,1500,50.0,30,30,1.0,1.0,0.0,0.0,0.0,1.0,0,torque_limited,0.06
Eyes_Japan_Dataset_aita_sitdown_standup-16-reseat-aita_poses_120_jpos,screened,1500,50.0,30,9,0.3,0.36733333333333335,0.39466666666666667,0.39466666666666667,0.6326666666666667,0.36733333333333335,5,torque_limited,0.06
Eyes_Japan_Dataset_aita_walk-05-backward-aita_poses_120_jpos,screened,1500,50.0,30,16,0.5333333333333333,0.596,0.051333333333333335,0.051333333333333335,0.404,0.596,11,torque_limited,0.06
Eyes_Japan_Dataset_aita_walk-23-shuffle_oneleg-aita_poses_120_jpos,screened,1500,50.0,30,3,0.1,0.15133333333333335,0.422,0.422,0.8486666666666667,0.15133333333333332,33,torque_limited,0.06
Eyes_Japan_Dataset_hamada_accident-08-damage_rightfoot-hamada_poses_120_jpos,screened,1488,50.0,30,17,0.5666666666666667,0.6926666666666667,0.056451612903225805,0.056451612903225805,0.30981182795698925,0.6901881720430108,5,torque_limited,0.06
Eyes_Japan_Dataset_hamada_gesture_etc-33-watch_here-hamada_poses_120_jpos,screened,1488,50.0,30,30,1.0,1.0,0.0,0.0,0.0,1.0,0,torque_limited,0.06
Eyes_Japan_Dataset_hamada_gesture_etc-41-mosh-hamada_poses_120_jpos,screened,1488,50.0,30,30,1.0,1.0,0.0,0.0,0.0,1.0,0,torque_limited,0.06
Eyes_Japan_Dataset_hamada_gesture_etc-48-medium_drum-hamada_poses_120_jpos,screened,1488,50.0,30,30,1.0,1.0,0.0,0.0,0.0,1.0,0,torque_limited,0.06
Eyes_Japan_Dataset_hamada_pain-03-toothache-hamada_poses_120_jpos,screened,1488,50.0,30,30,1.0,1.0,0.0,0.0,0.0,1.0,0,torque_limited,0.06
Eyes_Japan_Dataset_hamada_pose-04-drank-hamada_poses_120_jpos,screened,1488,50.0,30,25,0.8333333333333334,0.8520000000000001,0.012096774193548387,0.012096774193548387,0.14919354838709678,0.8508064516129032,3,torque_limited,0.06
Eyes_Japan_Dataset_hamada_throw_toss-14-pass_to_right_heavy-hamada_poses_120_jpos,screened,1500,50.0,30,30,1.0,1.0,0.0,0.0,0.0,1.0,0,torque_limited,0.06
Eyes_Japan_Dataset_hamada_turn-05-turn-hamada_poses_120_jpos,screened,1500,50.0,30,30,1.0,1.0,0.0,0.0,0.0,1.0,0,torque_limited,0.06
Eyes_Japan_Dataset_hamada_walk-02-drank-hamada_poses_120_jpos,screened,1500,50.0,30,5,0.16666666666666666,0.20800000000000002,0.22466666666666665,0.22466666666666665,0.792,0.208,36,torque_limited,0.06
Eyes_Japan_Dataset_hamada_walk-10-shoulder_bag-hamada_poses_120_jpos,screened,1500,50.0,30,27,0.9,0.9306666666666668,0.0026666666666666666,0.0026666666666666666,0.06933333333333333,0.9306666666666666,1,torque_limited,0.06
Eyes_Japan_Dataset_hamada_walk-17-push_by_back-hamada_poses_120_jpos,screened,1500,50.0,30,27,0.9,0.9233333333333335,0.01,0.01,0.07666666666666666,0.9233333333333333,1,torque_limited,0.06
Eyes_Japan_Dataset_kaiwa_gesture_etc-01-set_1-kaiwa_poses_120_jpos,screened,1500,50.0,30,30,1.0,1.0,0.0,0.0,0.0,1.0,0,torque_limited,0.06
Eyes_Japan_Dataset_kaiwa_gesture_etc-31-ok-kaiwa_poses_120_jpos,screened,1500,50.0,30,30,1.0,1.0,0.0,0.0,0.0,1.0,0,torque_limited,0.06
Eyes_Japan_Dataset_kaiwa_greeting-05-salute_(chest)-kaiwa_poses_120_jpos,screened,1500,50.0,30,30,1.0,1.0,0.0,0.0,0.0,1.0,0,torque_limited,0.06
Eyes_Japan_Dataset_kaiwa_greeting-07-bow-kaiwa_poses_120_jpos,screened,1500,50.0,30,30,1.0,1.0,0.0,0.0,0.0,1.0,0,torque_limited,0.06
Eyes_Japan_Dataset_kaiwa_jump-03-vertical-kaiwa_poses_120_jpos,screened,1500,50.0,30,10,0.3333333333333333,0.386,0.156,0.156,0.5746666666666667,0.386,16,torque_limited,0.06
Eyes_Japan_Dataset_kaiwa_pose-18-applause-kaiwa_poses_120_jpos,screened,1500,50.0,30,30,1.0,1.0,0.0,0.0,0.0,1.0,0,torque_limited,0.06
Eyes_Japan_Dataset_kaiwa_walk-24-listless-kaiwa_poses_120_jpos,screened,1480,50.0,30,30,1.0,1.0,0.0,0.0,0.0,1.0,0,torque_limited,0.06
Eyes_Japan_Dataset_kanno_accident-02-dodge_fast-kanno_poses_120_jpos,screened,1488,50.0,30,11,0.36666666666666664,0.5106666666666666,0.034274193548387094,0.034274193548387094,0.4831989247311828,0.5067204301075269,12,torque_limited,0.06
Eyes_Japan_Dataset_kanno_accident-11-fall_down-kanno_poses_120_jpos,screened,1488,50.0,30,8,0.26666666666666666,0.31333333333333335,0.1297043010752688,0.1297043010752688,0.6626344086021505,0.3077956989247312,18,torque_limited,0.06
Eyes_Japan_Dataset_kanno_accident-13-damage_back-kanno_poses_120_jpos,screened,1488,50.0,30,27,0.9,0.914,0.009408602150537635,0.009408602150537635,0.08669354838709678,0.9133064516129032,2,torque_limited,0.06
Eyes_Japan_Dataset_kanno_gesture_etc-41-mosh-kanno_poses_120_jpos,screened,1681,50.0,34,13,0.38235294117647056,0.5029411764705882,0.05056513979773944,0.05056513979773944,0.5026769779892921,0.49732302201070794,19,torque_limited,0.06
Eyes_Japan_Dataset_kanno_greeting-03-election-kanno_poses_120_jpos,screened,1687,50.0,34,31,0.9117647058823529,0.9341176470588236,0.007113218731475993,0.007113218731475993,0.06639004149377593,0.9336099585062241,1,torque_limited,0.06
Eyes_Japan_Dataset_kanno_pose-14-look_up-kanno_poses_120_jpos,screened,1488,50.0,30,30,1.0,1.0,0.0,0.0,0.0,1.0,0,torque_limited,0.06
Eyes_Japan_Dataset_kawaguchi_gesture_etc-42-hung_over-kawaguchi_poses_120_jpos,screened,897,50.0,18,18,1.0,1.0,0.0,0.0,0.0,1.0,0,torque_limited,0.06
Eyes_Japan_Dataset_kawaguchi_throw_toss-17-pass_to_back_light-kawaguchi_poses_120_jpos,screened,996,50.0,20,20,1.0,1.0,0.0,0.0,0.0,1.0,0,torque_limited,0.06
Eyes_Japan_Dataset_kudo_gesture_etc-18-eat-kudo_poses_120_jpos,screened,1650,50.0,33,33,1.0,1.0,0.0,0.0,0.0,1.0,0,torque_limited,0.06
Eyes_Japan_Dataset_kudo_gesture_etc-45-feel_dizzy_-kudo_poses_250_jpos,screened,1650,50.0,33,33,1.0,1.0,0.0,0.0,0.0,1.0,0,torque_limited,0.06
Eyes_Japan_Dataset_kudo_greeting-03-election-kudo_poses_250_jpos,screened,1650,50.0,33,33,1.0,1.0,0.0,0.0,0.0,1.0,0,torque_limited,0.06
Eyes_Japan_Dataset_shiono_gesture_etc-10-snip_nail-shiono_poses_120_jpos,screened,1500,50.0,30,22,0.7333333333333333,0.808,0.058666666666666666,0.058666666666666666,0.192,0.808,2,torque_limited,0.06
Eyes_Japan_Dataset_shiono_gesture_etc-33-watch_here-shiono_poses_120_jpos,screened,1500,50.0,30,30,1.0,1.0,0.0,0.0,0.0,1.0,0,torque_limited,0.06
Eyes_Japan_Dataset_shiono_gesture_etc-35-west_side-shiono_poses_120_jpos,screened,1500,50.0,30,27,0.9,0.9313333333333332,0.002,0.002,0.06866666666666667,0.9313333333333333,1,torque_limited,0.06
Eyes_Japan_Dataset_shiono_throw_toss-13-pass_to_right_light-shiono_poses_120_jpos,screened,1417,50.0,29,29,1.0,1.0,0.0,0.0,0.0,1.0,0,torque_limited,0.06
Eyes_Japan_Dataset_shiono_throw_toss-19-pass_to_front_light-shiono_poses_120_jpos,screened,1417,50.0,29,29,1.0,1.0,0.0,0.0,0.0,1.0,0,torque_limited,0.06
Eyes_Japan_Dataset_takiguchi_throw_toss-13-pass_to_right_light-takiguchi_poses_120_jpos,screened,1199,50.0,24,24,1.0,1.0,0.0,0.0,0.0,1.0,0,torque_limited,0.06
Eyes_Japan_Dataset_takiguchi_throw_toss-16-pass_to_left_heavy-takiguchi_poses_120_jpos,screened,1244,50.0,25,25,1.0,1.0,0.0,0.0,0.0,1.0,0,torque_limited,0.06
Eyes_Japan_Dataset_takiguchi_turn-01-call-takiguchi_poses_120_jpos,screened,1250,50.0,25,25,1.0,1.0,0.0,0.0,0.0,1.0,0,torque_limited,0.06
Eyes_Japan_Dataset_takiguchi_walk-05-backward-takiguchi_poses_120_jpos,screened,1000,50.0,20,12,0.6,0.653,0.01,0.01,0.31,0.653,3,torque_limited,0.06
Eyes_Japan_Dataset_yamaoka_tennis-01-forehand-yamaoka_poses_120_jpos,screened,1240,50.0,25,6,0.24,0.3488,0.1596774193548387,0.1596774193548387,0.6330645161290323,0.3435483870967742,18,torque_limited,0.06
GRAB_s10_cylindermedium_inspect_1,screened,320,50.0,7,7,1.0,1.0,0.0,0.0,0.0,1.0,0,torque_limited,0.06
GRAB_s10_cylindersmall_pass_1,screened,280,50.0,6,6,1.0,1.0,0.0,0.0,0.0,1.0,0,torque_limited,0.06
GRAB_s10_flashlight_on_2,screened,450,50.0,9,9,1.0,1.0,0.0,0.0,0.0,1.0,0,torque_limited,0.06
GRAB_s10_headphones_pass_1,screened,242,50.0,5,5,1.0,1.0,0.0,0.0,0.0,1.0,0,torque_limited,0.06
GRAB_s10_phone_pick_all,screened,912,50.0,19,19,1.0,1.0,0.0,0.0,0.0,1.0,0,torque_limited,0.06
GRAB_s10_piggybank_use_1,screened,558,50.0,12,12,1.0,1.0,0.0,0.0,0.0,1.0,0,torque_limited,0.06
GRAB_s10_pyramidlarge_pass_1,screened,330,50.0,7,7,1.0,1.0,0.0,0.0,0.0,1.0,0,torque_limited,0.06
GRAB_s10_pyramidmedium_pick_all,screened,432,50.0,9,9,1.0,1.0,0.0,0.0,0.0,1.0,0,torque_limited,0.06
GRAB_s10_spherelarge_pass_1,screened,248,50.0,5,5,1.0,1.0,0.0,0.0,0.0,1.0,0,torque_limited,0.06
GRAB_s10_spheremedium_pick_all,screened,337,50.0,7,7,1.0,1.0,0.0,0.0,0.0,1.0,0,torque_limited,0.06
GRAB_s10_stamp_pass_1,screened,297,50.0,6,6,1.0,1.0,0.0,0.0,0.0,1.0,0,torque_limited,0.06
GRAB_s1_binoculars_see_1,screened,785,50.0,16,16,1.0,1.0,0.0,0.0,0.0,1.0,0,torque_limited,0.06
GRAB_s1_cubelarge_pass_1,screened,338,50.0,7,7,1.0,1.0,0.0,0.0,0.0,1.0,0,torque_limited,0.06
GRAB_s1_cubemedium_pick_all,screened,1177,50.0,24,24,1.0,1.0,0.0,0.0,0.0,1.0,0,torque_limited,0.06
GRAB_s1_cubesmall_pass_1,screened,475,50.0,10,10,1.0,1.0,0.0,0.0,0.0,1.0,0,torque_limited,0.06
GRAB_s1_cubesmall_pick_all,screened,1331,50.0,27,27,1.0,1.0,0.0,0.0,0.0,1.0,0,torque_limited,0.06
GRAB_s1_cup_pick_all,screened,1556,50.0,32,32,1.0,1.0,0.0,0.0,0.0,1.0,0,torque_limited,0.06
GRAB_s1_cylinderlarge_offhand_1,screened,524,50.0,11,11,1.0,1.0,0.0,0.0,0.0,1.0,0,torque_limited,0.06
GRAB_s1_cylindersmall_offhand_1,screened,416,50.0,9,9,1.0,1.0,0.0,0.0,0.0,1.0,0,torque_limited,0.06
GRAB_s1_eyeglasses_clean_1,screened,728,50.0,15,15,1.0,1.0,0.0,0.0,0.0,1.0,0,torque_limited,0.06
GRAB_s1_eyeglasses_pass_1,screened,439,50.0,9,9,1.0,1.0,0.0,0.0,0.0,1.0,0,torque_limited,0.06
GRAB_s1_hammer_use_3,screened,750,50.0,15,15,1.0,1.0,0.0,0.0,0.0,1.0,0,torque_limited,0.06
GRAB_s1_mouse_offhand_1,screened,362,50.0,8,8,1.0,1.0,0.0,0.0,0.0,1.0,0,torque_limited,0.06
GRAB_s1_mug_drink_2,screened,628,50.0,13,13,1.0,1.0,0.0,0.0,0.0,1.0,0,torque_limited,0.06
GRAB_s1_pyramidlarge_offhand_1,screened,534,50.0,11,11,1.0,1.0,0.0,0.0,0.0,1.0,0,torque_limited,0.06
GRAB_s1_pyramidsmall_inspect_1,screened,423,50.0,9,9,1.0,1.0,0.0,0.0,0.0,1.0,0,torque_limited,0.06
GRAB_s1_scissors_pass_1,screened,431,50.0,9,9,1.0,1.0,0.0,0.0,0.0,1.0,0,torque_limited,0.06
GRAB_s1_stamp_offhand_1,screened,572,50.0,12,12,1.0,1.0,0.0,0.0,0.0,1.0,0,torque_limited,0.06
GRAB_s1_stanfordbunny_pick_all,screened,1565,50.0,32,32,1.0,1.0,0.0,0.0,0.0,1.0,0,torque_limited,0.06
GRAB_s1_torusmedium_offhand_1,screened,480,50.0,10,10,1.0,1.0,0.0,0.0,0.0,1.0,0,torque_limited,0.06
GRAB_s1_watch_offhand_1,screened,476,50.0,10,10,1.0,1.0,0.0,0.0,0.0,1.0,0,torque_limited,0.06
GRAB_s2_banana_eat_1,screened,613,50.0,13,13,1.0,1.0,0.0,0.0,0.0,1.0,0,torque_limited,0.06
GRAB_s2_camera_pass_1,screened,363,50.0,8,8,1.0,1.0,0.0,0.0,0.0,1.0,0,torque_limited,0.06
GRAB_s2_cubelarge_inspect_1,screened,730,50.0,15,15,1.0,1.0,0.0,0.0,0.0,1.0,0,torque_limited,0.06
GRAB_s2_flashlight_on_2,screened,478,50.0,10,10,1.0,1.0,0.0,0.0,0.0,1.0,0,torque_limited,0.06
GRAB_s2_gamecontroller_play_1,screened,430,50.0,9,9,1.0,1.0,0.0,0.0,0.0,1.0,0,torque_limited,0.06
GRAB_s2_hand_inspect_1,screened,484,50.0,10,10,1.0,1.0,0.0,0.0,0.0,1.0,0,torque_limited,0.06
GRAB_s2_hand_pick_all,screened,1109,50.0,23,23,1.0,1.0,0.0,0.0,0.0,1.0,0,torque_limited,0.06
GRAB_s2_pyramidlarge_inspect_1,screened,401,50.0,9,9,1.0,1.0,0.0,0.0,0.0,1.0,0,torque_limited,0.06
GRAB_s2_pyramidmedium_pass_1,screened,470,50.0,10,10,1.0,1.0,0.0,0.0,0.0,1.0,0,torque_limited,0.06
GRAB_s2_toruslarge_pick_all,screened,890,50.0,18,18,1.0,1.0,0.0,0.0,0.0,1.0,0,torque_limited,0.06
GRAB_s3_airplane_offhand_1,screened,412,50.0,9,6,0.6666666666666666,0.7711111111111111,0.03640776699029126,0.03640776699029126,0.25,0.75,1,torque_limited,0.06
GRAB_s3_bowl_drink_1,screened,362,50.0,8,8,1.0,1.0,0.0,0.0,0.0,1.0,0,torque_limited,0.06
GRAB_s3_cylindersmall_pass_1,screened,353,50.0,8,8,1.0,1.0,0.0,0.0,0.0,1.0,0,torque_limited,0.06
GRAB_s3_eyeglasses_offhand_1,screened,494,50.0,10,10,1.0,1.0,0.0,0.0,0.0,1.0,0,torque_limited,0.06
GRAB_s3_hand_pass_1,screened,366,50.0,8,8,1.0,1.0,0.0,0.0,0.0,1.0,0,torque_limited,0.06
GRAB_s3_piggybank_use_1,screened,343,50.0,7,7,1.0,1.0,0.0,0.0,0.0,1.0,0,torque_limited,0.06
GRAB_s3_pyramidmedium_inspect_1,screened,409,50.0,9,9,1.0,1.0,0.0,0.0,0.0,1.0,0,torque_limited,0.06
GRAB_s3_toothbrush_brush_1,screened,323,50.0,7,7,1.0,1.0,0.0,0.0,0.0,1.0,0,torque_limited,0.06
GRAB_s3_toruslarge_inspect_1,screened,446,50.0,9,9,1.0,1.0,0.0,0.0,0.0,1.0,0,torque_limited,0.06
GRAB_s3_torusmedium_inspect_1,screened,456,50.0,10,10,1.0,1.0,0.0,0.0,0.0,1.0,0,torque_limited,0.06
GRAB_s3_train_pick_all,screened,588,50.0,12,12,1.0,1.0,0.0,0.0,0.0,1.0,0,torque_limited,0.06
GRAB_s4_banana_pass_1,screened,375,50.0,8,8,1.0,1.0,0.0,0.0,0.0,1.0,0,torque_limited,0.06
GRAB_s4_cubemedium_inspect_1,screened,499,50.0,10,10,1.0,1.0,0.0,0.0,0.0,1.0,0,torque_limited,0.06
GRAB_s4_doorknob_pick_all,screened,888,50.0,18,18,1.0,1.0,0.0,0.0,0.0,1.0,0,torque_limited,0.06
GRAB_s4_phone_call_1,screened,532,50.0,11,11,1.0,1.0,0.0,0.0,0.0,1.0,0,torque_limited,0.06
GRAB_s4_spherelarge_pass_1,screened,271,50.0,6,6,1.0,1.0,0.0,0.0,0.0,1.0,0,torque_limited,0.06
GRAB_s4_spherelarge_pick_all,screened,768,50.0,16,16,1.0,1.0,0.0,0.0,0.0,1.0,0,torque_limited,0.06
GRAB_s4_stanfordbunny_pick_all,screened,1040,50.0,21,21,1.0,1.0,0.0,0.0,0.0,1.0,0,torque_limited,0.06
GRAB_s4_wineglass_toast_1,screened,258,50.0,6,6,1.0,1.0,0.0,0.0,0.0,1.0,0,torque_limited,0.06
GRAB_s5_binoculars_see_1,screened,502,50.0,11,11,1.0,1.0,0.0,0.0,0.0,1.0,0,torque_limited,0.06
GRAB_s5_camera_takepicture_3,screened,388,50.0,8,8,1.0,1.0,0.0,0.0,0.0,1.0,0,torque_limited,0.06
GRAB_s5_cubelarge_inspect_1,screened,433,50.0,9,9,1.0,1.0,0.0,0.0,0.0,1.0,0,torque_limited,0.06
GRAB_s5_cylinderlarge_inspect_1,screened,458,50.0,10,10,1.0,1.0,0.0,0.0,0.0,1.0,0,torque_limited,0.06
GRAB_s5_duck_pick_all,screened,1057,50.0,22,22,1.0,1.0,0.0,0.0,0.0,1.0,0,torque_limited,0.06
GRAB_s5_toothpaste_pass_1,screened,240,50.0,5,5,1.0,1.0,0.0,0.0,0.0,1.0,0,torque_limited,0.06
GRAB_s6_apple_pick_all,screened,978,50.0,20,20,1.0,1.0,0.0,0.0,0.0,1.0,0,torque_limited,0.06
GRAB_s6_banana_peel_2,screened,448,50.0,9,9,1.0,1.0,0.0,0.0,0.0,1.0,0,torque_limited,0.06
GRAB_s6_camera_pick_all,screened,779,50.0,16,16,1.0,1.0,0.0,0.0,0.0,1.0,0,torque_limited,0.06
GRAB_s6_cup_pass_1,screened,338,50.0,7,7,1.0,1.0,0.0,0.0,0.0,1.0,0,torque_limited,0.06
GRAB_s6_duck_pass_1,screened,324,50.0,7,7,1.0,1.0,0.0,0.0,0.0,1.0,0,torque_limited,0.06
GRAB_s6_eyeglasses_wear_1,screened,515,50.0,11,11,1.0,1.0,0.0,0.0,0.0,1.0,0,torque_limited,0.06
GRAB_s6_hammer_use_1,screened,420,50.0,9,9,1.0,1.0,0.0,0.0,0.0,1.0,0,torque_limited,0.06
GRAB_s6_mug_toast_1,screened,372,50.0,8,8,1.0,1.0,0.0,0.0,0.0,1.0,0,torque_limited,0.06
GRAB_s6_phone_call_1,screened,759,50.0,16,16,1.0,1.0,0.0,0.0,0.0,1.0,0,torque_limited,0.06
GRAB_s6_scissors_use_2,screened,518,50.0,11,11,1.0,1.0,0.0,0.0,0.0,1.0,0,torque_limited,0.06
GRAB_s6_spheremedium_pick_all,screened,942,50.0,19,19,1.0,1.0,0.0,0.0,0.0,1.0,0,torque_limited,0.06
GRAB_s6_train_pass_1,screened,411,50.0,9,9,1.0,1.0,0.0,0.0,0.0,1.0,0,torque_limited,0.06
GRAB_s7_apple_pick_all,screened,800,50.0,16,16,1.0,1.0,0.0,0.0,0.0,1.0,0,torque_limited,0.06
GRAB_s7_banana_peel_2,screened,515,50.0,11,11,1.0,1.0,0.0,0.0,0.0,1.0,0,torque_limited,0.06
GRAB_s7_cubemedium_pick_all,screened,1490,50.0,30,30,1.0,1.0,0.0,0.0,0.0,1.0,0,torque_limited,0.06
GRAB_s7_gamecontroller_pick_all,screened,1023,50.0,21,21,1.0,1.0,0.0,0.0,0.0,1.0,0,torque_limited,0.06
GRAB_s7_lightbulb_pass_1,screened,213,50.0,5,5,1.0,1.0,0.0,0.0,0.0,1.0,0,torque_limited,0.06
GRAB_s7_mouse_use_1,screened,457,50.0,10,10,1.0,1.0,0.0,0.0,0.0,1.0,0,torque_limited,0.06
GRAB_s7_pyramidlarge_inspect_1,screened,404,50.0,9,9,1.0,1.0,0.0,0.0,0.0,1.0,0,torque_limited,0.06
GRAB_s7_spheremedium_inspect_1,screened,323,50.0,7,7,1.0,1.0,0.0,0.0,0.0,1.0,0,torque_limited,0.06
GRAB_s7_wineglass_drink_2,screened,402,50.0,9,9,1.0,1.0,0.0,0.0,0.0,1.0,0,torque_limited,0.06
GRAB_s8_bowl_drink_2,screened,417,50.0,9,9,1.0,1.0,0.0,0.0,0.0,1.0,0,torque_limited,0.06
GRAB_s8_camera_offhand_1,screened,495,50.0,10,10,1.0,1.0,0.0,0.0,0.0,1.0,0,torque_limited,0.06
GRAB_s8_cubelarge_inspect_1,screened,427,50.0,9,9,1.0,1.0,0.0,0.0,0.0,1.0,0,torque_limited,0.06
GRAB_s8_cubelarge_pick_all,screened,1025,50.0,21,21,1.0,1.0,0.0,0.0,0.0,1.0,0,torque_limited,0.06
GRAB_s8_cubesmall_pick_all,screened,700,50.0,14,14,1.0,1.0,0.0,0.0,0.0,1.0,0,torque_limited,0.06
GRAB_s8_cylindersmall_pick_all,screened,792,50.0,16,16,1.0,1.0,0.0,0.0,0.0,1.0,0,torque_limited,0.06
GRAB_s8_doorknob_use_2,screened,503,50.0,11,11,1.0,1.0,0.0,0.0,0.0,1.0,0,torque_limited,0.06
GRAB_s8_fryingpan_cook_2,screened,398,50.0,8,8,1.0,1.0,0.0,0.0,0.0,1.0,0,torque_limited,0.06
GRAB_s8_gamecontroller_pass_1,screened,383,50.0,8,8,1.0,1.0,0.0,0.0,0.0,1.0,0,torque_limited,0.06
GRAB_s8_hammer_use_1,screened,528,50.0,11,11,1.0,1.0,0.0,0.0,0.0,1.0,0,torque_limited,0.06
GRAB_s8_pyramidmedium_pass_1,screened,415,50.0,9,9,1.0,1.0,0.0,0.0,0.0,1.0,0,torque_limited,0.06
GRAB_s8_stanfordbunny_inspect_1,screened,432,50.0,9,9,1.0,1.0,0.0,0.0,0.0,1.0,0,torque_limited,0.06
GRAB_s8_stanfordbunny_pass_1,screened,388,50.0,8,8,1.0,1.0,0.0,0.0,0.0,1.0,0,torque_limited,0.06
GRAB_s8_stanfordbunny_pick_all,screened,838,50.0,17,17,1.0,1.0,0.0,0.0,0.0,1.0,0,torque_limited,0.06
GRAB_s8_wineglass_drink_1,screened,428,50.0,9,9,1.0,1.0,0.0,0.0,0.0,1.0,0,torque_limited,0.06
GRAB_s8_wineglass_pick_all,screened,948,50.0,19,19,1.0,1.0,0.0,0.0,0.0,1.0,0,torque_limited,0.06
GRAB_s9_alarmclock_pass_1,screened,267,50.0,6,6,1.0,1.0,0.0,0.0,0.0,1.0,0,torque_limited,0.06
GRAB_s9_alarmclock_see_1,screened,338,50.0,7,7,1.0,1.0,0.0,0.0,0.0,1.0,0,torque_limited,0.06
GRAB_s9_cylinderlarge_pick_all,screened,705,50.0,15,15,1.0,1.0,0.0,0.0,0.0,1.0,0,torque_limited,0.06
GRAB_s9_piggybank_use_1,screened,455,50.0,10,10,1.0,1.0,0.0,0.0,0.0,1.0,0,torque_limited,0.06
GRAB_s9_pyramidmedium_inspect_1,screened,256,50.0,6,6,1.0,1.0,0.0,0.0,0.0,1.0,0,torque_limited,0.06
GRAB_s9_spheresmall_pass_1,screened,317,50.0,7,4,0.5714285714285714,0.7085714285714285,0.006309148264984227,0.006309148264984227,0.3217665615141956,0.6782334384858044,1,torque_limited,0.06
GRAB_s9_torussmall_inspect_1,screened,250,50.0,5,5,1.0,1.0,0.0,0.0,0.0,1.0,0,torque_limited,0.06
GRAB_s9_wineglass_drink_1,screened,395,50.0,8,8,1.0,1.0,0.0,0.0,0.0,1.0,0,torque_limited,0.06
HUMAN4D_Subject1_2_Aude_INF_TalkingWhispering_S1S2_01_poses_120_jpos,screened,2628,50.0,53,53,1.0,1.0,0.0,0.0,0.0,1.0,0,torque_limited,0.06
HUMAN4D_Subject2_Aude_INF_InflightSafety_S2_01_poses_120_jpos,screened,2805,50.0,57,57,1.0,1.0,0.0,0.0,0.0,1.0,0,torque_limited,0.06
HUMAN4D_Subject2_Aude_RGB_Talking_S2_01_poses_120_jpos,screened,1010,50.0,21,21,1.0,1.0,0.0,0.0,0.0,1.0,0,torque_limited,0.06
HUMAN4D_Subject3_4_Carine_INF_Dancing_S3S4_01_poses_120_jpos,screened,1012,50.0,21,5,0.23809523809523808,0.38857142857142857,0.11857707509881422,0.12944664031620554,0.616600790513834,0.36561264822134387,17,torque_limited,0.06
HUMAN4D_Subject3_4_Carine_RGB_TalkingWhispering_S3S4_01_poses_120_jpos,screened,2571,50.0,52,52,1.0,1.0,0.0,0.0,0.0,1.0,0,torque_limited,0.06
HUMAN4D_Subject3_Medhi_INF_InflightSafety_S3_01_poses_120_jpos,screened,2413,50.0,49,44,0.8979591836734694,0.9232653061224491,0.036469125569830084,0.036469125569830084,0.07791131371736428,0.9220886862826357,1,torque_limited,0.06
HUMAN4D_Subject3_Medhi_RGB_TalkingWalking_S3_01_poses_120_jpos,screened,1224,50.0,25,2,0.08,0.1024,0.16666666666666666,0.16666666666666666,0.8954248366013072,0.10457516339869281,21,torque_limited,0.06
HUMAN4D_Subject3_Medhi_RGB_Talking_S3_01_poses_120_jpos,screened,1045,50.0,21,21,1.0,1.0,0.0,0.0,0.0,1.0,0,torque_limited,0.06
HUMAN4D_Subject4_Carine_INF_InflightSafety_S4_02_poses_120_jpos,screened,2797,50.0,56,53,0.9464285714285714,0.9639285714285715,0.0003575259206292456,0.0003575259206292456,0.036110117983553805,0.9638898820164462,1,torque_limited,0.06
HUMAN4D_Subject4_Carine_RGB_BasketBall_S4_01_poses_120_jpos,screened,863,50.0,18,1,0.05555555555555555,0.10555555555555556,0.2688296639629201,0.2688296639629201,0.8899188876013905,0.1100811123986095,12,torque_limited,0.06
HUMAN4D_Subject4_Carine_RGB_Bending_S4_01_poses_120_jpos,screened,1178,50.0,24,3,0.125,0.19250000000000003,0.023769100169779286,0.06536502546689305,0.7597623089983022,0.1960950764006791,13,torque_limited,0.06
HumanEva_S1_Box_1_poses_120_jpos,screened,1143,50.0,23,19,0.8260869565217391,0.8739130434782609,0.022747156605424323,0.022747156605424323,0.1268591426071741,0.8731408573928259,2,torque_limited,0.06
HumanEva_S1_Gestures_3_poses_120_jpos,screened,887,50.0,18,18,1.0,1.0,0.0,0.0,0.0,1.0,0,torque_limited,0.06
HumanEva_S3_Gestures_3_poses_120_jpos,screened,746,50.0,15,15,1.0,1.0,0.0,0.0,0.0,1.0,0,torque_limited,0.06
KIT_10_RightTurn05_poses_100_jpos,screened,314,50.0,7,7,1.0,1.0,0.0,0.0,0.0,1.0,0,torque_limited,0.06
KIT_10_WalkInClockwiseCircle09_poses_100_jpos,screened,330,50.0,7,7,1.0,1.0,0.0,0.0,0.0,1.0,0,torque_limited,0.06
KIT_10_WalkingStraightBackwards07_poses_100_jpos,screened,252,50.0,6,6,1.0,1.0,0.0,0.0,0.0,1.0,0,torque_limited,0.06
KIT_11_WalkInCounterClockwiseCircle02_poses_100_jpos,screened,382,50.0,8,8,1.0,1.0,0.0,0.0,0.0,1.0,0,torque_limited,0.06
KIT_11_WalkInCounterClockwiseCircle05_poses_100_jpos,screened,348,50.0,7,7,1.0,1.0,0.0,0.0,0.0,1.0,0,torque_limited,0.06
KIT_11_WalkingStraightForwards02_poses_100_jpos,screened,271,50.0,6,6,1.0,1.0,0.0,0.0,0.0,1.0,0,torque_limited,0.06
KIT_11_WalkingStraightForwards05_poses_100_jpos,screened,244,50.0,5,5,1.0,1.0,0.0,0.0,0.0,1.0,0,torque_limited,0.06
KIT_1226_Trial_03_poses_100_jpos,screened,5579,50.0,112,112,1.0,1.0,0.0,0.0,0.0,1.0,0,torque_limited,0.06
KIT_1226_Trial_06_poses_100_jpos,screened,399,50.0,8,8,1.0,1.0,0.0,0.0,0.0,1.0,0,torque_limited,0.06
KIT_1226_Trial_13_poses_100_jpos,screened,374,50.0,8,8,1.0,1.0,0.0,0.0,0.0,1.0,0,torque_limited,0.06
KIT_1226_Trial_19_poses_100_jpos,screened,438,50.0,9,9,1.0,1.0,0.0,0.0,0.0,1.0,0,torque_limited,0.06
KIT_1226_Trial_24_poses_100_jpos,screened,385,50.0,8,8,1.0,1.0,0.0,0.0,0.0,1.0,0,torque_limited,0.06
KIT_1226_Trial_44_poses_100_jpos,screened,324,50.0,7,7,1.0,1.0,0.0,0.0,0.0,1.0,0,torque_limited,0.06
KIT_1226_Trial_67_poses_100_jpos,screened,567,50.0,12,12,1.0,1.0,0.0,0.0,0.0,1.0,0,torque_limited,0.06
KIT_1226_Trial_75_poses_100_jpos,screened,537,50.0,11,11,1.0,1.0,0.0,0.0,0.0,1.0,0,torque_limited,0.06
KIT_1226_Trial_78_poses_100_jpos,screened,897,50.0,18,18,1.0,1.0,0.0,0.0,0.0,1.0,0,torque_limited,0.06
KIT_1229_flexion_with_help_02_poses_100_jpos,screened,430,50.0,9,9,1.0,1.0,0.0,0.0,0.0,1.0,0,torque_limited,0.06
KIT_1229_hand_to_mouth_right_arm_03_poses_100_jpos,screened,180,50.0,4,4,1.0,1.0,0.0,0.0,0.0,1.0,0,torque_limited,0.06
KIT_1229_in_out_rotation_with_help_03_poses_100_jpos,screened,307,50.0,7,7,1.0,1.0,0.0,0.0,0.0,1.0,0,torque_limited,0.06
KIT_1229_supination_with_help_03_poses_100_jpos,screened,320,50.0,7,7,1.0,1.0,0.0,0.0,0.0,1.0,0,torque_limited,0.06
KIT_1229_take_book_from_shelf_with_help_02_poses_100_jpos,screened,298,50.0,6,6,1.0,1.0,0.0,0.0,0.0,1.0,0,torque_limited,0.06
KIT_1229_take_of_t-shirt_left_arm_05_poses_100_jpos,screened,169,50.0,4,4,1.0,1.0,0.0,0.0,0.0,1.0,0,torque_limited,0.06
KIT_1229_take_of_t-shirt_with_help_05_poses_100_jpos,screened,356,50.0,8,8,1.0,1.0,0.0,0.0,0.0,1.0,0,torque_limited,0.06
KIT_1229_washing_movement_left_arm_03_poses_100_jpos,screened,199,50.0,4,4,1.0,1.0,0.0,0.0,0.0,1.0,0,torque_limited,0.06
KIT_1229_washing_movement_with_help_02_poses_100_jpos,screened,250,50.0,5,5,1.0,1.0,0.0,0.0,0.0,1.0,0,torque_limited,0.06
KIT_1297_wipe02_poses_100_jpos,screened,767,50.0,16,16,1.0,1.0,0.0,0.0,0.0,1.0,0,torque_limited,0.06
KIT_1297_wipe08_poses_100_jpos,screened,836,50.0,17,17,1.0,1.0,0.0,0.0,0.0,1.0,0,torque_limited,0.06
KIT_1297_wipe15_poses_100_jpos,screened,1108,50.0,23,23,1.0,1.0,0.0,0.0,0.0,1.0,0,torque_limited,0.06
KIT_12_RightTurn02_poses_100_jpos,screened,462,50.0,10,10,1.0,1.0,0.0,0.0,0.0,1.0,0,torque_limited,0.06
KIT_12_RightTurn05_poses_100_jpos,screened,177,50.0,4,4,1.0,1.0,0.0,0.0,0.0,1.0,0,torque_limited,0.06
KIT_12_WalkInCounterClockwiseCircle05_poses_100_jpos,screened,378,50.0,8,8,1.0,1.0,0.0,0.0,0.0,1.0,0,torque_limited,0.06
KIT_12_WalkInCounterClockwiseCircle08_poses_100_jpos,screened,363,50.0,8,8,1.0,1.0,0.0,0.0,0.0,1.0,0,torque_limited,0.06
KIT_12_WalkingStraightBackwards01_poses_100_jpos,screened,300,50.0,6,6,1.0,1.0,0.0,0.0,0.0,1.0,0,torque_limited,0.06
KIT_12_WalkingStraightBackwards02_poses_100_jpos,screened,289,50.0,6,6,1.0,1.0,0.0,0.0,0.0,1.0,0,torque_limited,0.06
KIT_12_WalkingStraightBackwards10_poses_100_jpos,screened,341,50.0,7,7,1.0,1.0,0.0,0.0,0.0,1.0,0,torque_limited,0.06
KIT_167_bend_right01_poses_100_jpos,screened,276,50.0,6,6,1.0,1.0,0.0,0.0,0.0,1.0,0,torque_limited,0.06
KIT_167_bend_right04_poses_100_jpos,screened,258,50.0,6,6,1.0,1.0,0.0,0.0,0.0,1.0,0,torque_limited,0.06
KIT_167_bend_right09_poses_100_jpos,screened,289,50.0,6,6,1.0,1.0,0.0,0.0,0.0,1.0,0,torque_limited,0.06
KIT_167_parkour03_poses_100_jpos,screened,352,50.0,8,5,0.625,0.745,0.005681818181818182,0.005681818181818182,0.2897727272727273,0.7102272727272727,1,torque_limited,0.06
KIT_167_parkour04_poses_100_jpos,screened,455,50.0,10,2,0.2,0.374,0.041758241758241756,0.041758241758241756,0.5296703296703297,0.41098901098901097,4,torque_limited,0.06
KIT_167_parkour05_poses_100_jpos,screened,443,50.0,9,9,1.0,1.0,0.0,0.0,0.0,1.0,0,torque_limited,0.06
KIT_167_parkour06_poses_100_jpos,screened,435,50.0,9,6,0.6666666666666666,0.6844444444444444,0.041379310344827586,0.041379310344827586,0.3264367816091954,0.6735632183908046,3,torque_limited,0.06
KIT_167_step_over_gap11_poses_100_jpos,screened,276,50.0,6,6,1.0,1.0,0.0,0.0,0.0,1.0,0,torque_limited,0.06
KIT_167_turn_left04_poses_100_jpos,screened,271,50.0,6,3,0.5,0.6533333333333333,0.014760147601476014,0.014760147601476014,0.3837638376383764,0.6162361623616236,1,torque_limited,0.06
KIT_167_walking_run08_poses_100_jpos,screened,218,50.0,5,0,0.0,0.0,0.03211009174311927,0.03211009174311927,0.6926605504587156,0.0,2,torque_limited,0.06
KIT_167_walking_run10_poses_100_jpos,screened,244,50.0,5,0,0.0,0.0,0.05737704918032787,0.05737704918032787,0.7131147540983607,0.0,4,torque_limited,0.06
KIT_167_walking_slow02_poses_100_jpos,screened,377,50.0,8,8,1.0,1.0,0.0,0.0,0.0,1.0,0,torque_limited,0.06
KIT_167_walking_slow04_poses_100_jpos,screened,325,50.0,7,7,1.0,1.0,0.0,0.0,0.0,1.0,0,torque_limited,0.06
KIT_1717_displace_from_left_to_right_21_poses_100_jpos,screened,228,50.0,5,5,1.0,1.0,0.0,0.0,0.0,1.0,0,torque_limited,0.06
KIT_1717_displace_from_left_to_right_30_poses_100_jpos,screened,244,50.0,5,5,1.0,1.0,0.0,0.0,0.0,1.0,0,torque_limited,0.06
KIT_1717_displace_from_left_to_right_33_poses_100_jpos,screened,212,50.0,5,5,1.0,1.0,0.0,0.0,0.0,1.0,0,torque_limited,0.06
KIT_1717_displace_from_left_to_right_39_poses_100_jpos,screened,205,50.0,5,5,1.0,1.0,0.0,0.0,0.0,1.0,0,torque_limited,0.06
KIT_1717_displace_from_left_to_right_49_poses_100_jpos,screened,261,50.0,6,6,1.0,1.0,0.0,0.0,0.0,1.0,0,torque_limited,0.06
KIT_1717_displace_tilt_middle_11_poses_100_jpos,screened,453,50.0,10,10,1.0,1.0,0.0,0.0,0.0,1.0,0,torque_limited,0.06
KIT_1717_displace_tilt_middle_21_poses_100_jpos,screened,475,50.0,10,10,1.0,1.0,0.0,0.0,0.0,1.0,0,torque_limited,0.06
KIT_1717_displace_tilt_middle_24_poses_100_jpos,screened,475,50.0,10,10,1.0,1.0,0.0,0.0,0.0,1.0,0,torque_limited,0.06
KIT_1717_displace_tilt_side_08_poses_100_jpos,screened,464,50.0,10,10,1.0,1.0,0.0,0.0,0.0,1.0,0,torque_limited,0.06
KIT_1717_displace_tilt_side_26_poses_100_jpos,screened,547,50.0,11,11,1.0,1.0,0.0,0.0,0.0,1.0,0,torque_limited,0.06
KIT_1717_displace_tilt_side_42_poses_100_jpos,screened,501,50.0,11,11,1.0,1.0,0.0,0.0,0.0,1.0,0,torque_limited,0.06
KIT_1721_RecoveryStepping_30_0_03_poses_100_jpos,screened,237,50.0,5,5,1.0,1.0,0.0,0.0,0.0,1.0,0,torque_limited,0.06
KIT_1721_RecoveryStepping_50_135_04_poses_100_jpos,screened,236,50.0,5,5,1.0,1.0,0.0,0.0,0.0,1.0,0,torque_limited,0.06
KIT_1721_RecoveryStepping_80_0_02_poses_100_jpos,screened,162,50.0,4,4,1.0,1.0,0.0,0.0,0.0,1.0,0,torque_limited,0.06
KIT_1747_displace_tilt_middle_12_poses_100_jpos,screened,482,50.0,10,10,1.0,1.0,0.0,0.0,0.0,1.0,0,torque_limited,0.06
KIT_1747_displace_tilt_middle_23_poses_100_jpos,screened,513,50.0,11,11,1.0,1.0,0.0,0.0,0.0,1.0,0,torque_limited,0.06
KIT_1747_displace_tilt_side_02_poses_100_jpos,screened,468,50.0,10,10,1.0,1.0,0.0,0.0,0.0,1.0,0,torque_limited,0.06
KIT_1747_displace_tilt_side_04_poses_100_jpos,screened,474,50.0,10,10,1.0,1.0,0.0,0.0,0.0,1.0,0,torque_limited,0.06
KIT_1747_displace_tilt_side_05_poses_100_jpos,screened,480,50.0,10,10,1.0,1.0,0.0,0.0,0.0,1.0,0,torque_limited,0.06
KIT_1747_displace_tilt_side_21_poses_100_jpos,screened,461,50.0,10,10,1.0,1.0,0.0,0.0,0.0,1.0,0,torque_limited,0.06
KIT_1747_displace_tilt_side_24_poses_100_jpos,screened,490,50.0,10,10,1.0,1.0,0.0,0.0,0.0,1.0,0,torque_limited,0.06
KIT_183_bend_left01_poses_100_jpos,screened,293,50.0,6,6,1.0,1.0,0.0,0.0,0.0,1.0,0,torque_limited,0.06
KIT_183_parkour02_poses_100_jpos,screened,664,50.0,14,11,0.7857142857142857,0.8028571428571428,0.0030120481927710845,0.0030120481927710845,0.1536144578313253,0.7921686746987951,1,torque_limited,0.06
KIT_183_step_over_gap05_poses_100_jpos,screened,259,50.0,6,6,1.0,1.0,0.0,0.0,0.0,1.0,0,torque_limited,0.06
KIT_183_step_over_gap09_poses_100_jpos,screened,263,50.0,6,6,1.0,1.0,0.0,0.0,0.0,1.0,0,torque_limited,0.06
KIT_183_turn_right08_poses_100_jpos,screened,240,50.0,5,5,1.0,1.0,0.0,0.0,0.0,1.0,0,torque_limited,0.06
KIT_183_walking_run02_poses_100_jpos,screened,210,50.0,5,0,0.0,0.0,0.17142857142857143,0.17142857142857143,0.7857142857142857,0.0,5,torque_limited,0.06
KIT_183_walking_run06_poses_100_jpos,screened,183,50.0,4,0,0.0,0.0,0.04918032786885246,0.04918032786885246,0.7377049180327869,0.0,3,torque_limited,0.06
KIT_183_walking_run07_poses_100_jpos,screened,191,50.0,4,0,0.0,0.0,0.23036649214659685,0.23036649214659685,0.9581151832460733,0.0,5,torque_limited,0.06
KIT_183_walking_slow02_poses_100_jpos,screened,367,50.0,8,0,0.0,0.0,0.07629427792915532,0.07629427792915532,0.8528610354223434,0.0,3,torque_limited,0.06
KIT_200_Kniebeuge01_poses_100_jpos,screened,374,50.0,8,1,0.125,0.195,0.3502673796791444,0.3502673796791444,0.7593582887700535,0.13903743315508021,2,torque_limited,0.06
KIT_200_Kniebeuge04_poses_100_jpos,screened,218,50.0,5,0,0.0,0.0,0.3211009174311927,0.3211009174311927,0.7798165137614679,0.0,1,torque_limited,0.06
KIT_200_Kniebeuge06_poses_100_jpos,screened,220,50.0,5,0,0.0,0.0,0.29545454545454547,0.29545454545454547,0.75,0.0,1,torque_limited,0.06
KIT_205_walking_slow02_poses_100_jpos,screened,323,50.0,7,7,1.0,1.0,0.0,0.0,0.0,1.0,0,torque_limited,0.06
KIT_205_walking_slow07_poses_100_jpos,screened,283,50.0,6,6,1.0,1.0,0.0,0.0,0.0,1.0,0,torque_limited,0.06
KIT_291_cal03_poses_100_jpos,screened,212,50.0,5,5,1.0,1.0,0.0,0.0,0.0,1.0,0,torque_limited,0.06
KIT_291_push_recovery_back05_poses_100_jpos,screened,375,50.0,8,8,1.0,1.0,0.0,0.0,0.0,1.0,0,torque_limited,0.06
KIT_291_push_recovery_back07_poses_100_jpos,screened,282,50.0,6,6,1.0,1.0,0.0,0.0,0.0,1.0,0,torque_limited,0.06
KIT_291_push_recovery_left07_poses_100_jpos,screened,311,50.0,7,7,1.0,1.0,0.0,0.0,0.0,1.0,0,torque_limited,0.06
KIT_291_push_recovery_right03_poses_100_jpos,screened,283,50.0,6,6,1.0,1.0,0.0,0.0,0.0,1.0,0,torque_limited,0.06
KIT_291_push_recovery_stand_left01_poses_100_jpos,screened,249,50.0,5,5,1.0,1.0,0.0,0.0,0.0,1.0,0,torque_limited,0.06
KIT_291_push_recovery_stand_right02_poses_100_jpos,screened,227,50.0,5,5,1.0,1.0,0.0,0.0,0.0,1.0,0,torque_limited,0.06
KIT_291_walk_like_an_egyptian01_poses_100_jpos,screened,172,50.0,4,4,1.0,1.0,0.0,0.0,0.0,1.0,0,torque_limited,0.06
KIT_314_bend_left01_poses_100_jpos,screened,188,50.0,4,4,1.0,1.0,0.0,0.0,0.0,1.0,0,torque_limited,0.06
KIT_314_go_over_beam01_poses_100_jpos,screened,543,50.0,11,4,0.36363636363636365,0.45454545454545453,0.3683241252302026,0.3683241252302026,0.5524861878453039,0.44751381215469616,1,torque_limited,0.06
KIT_314_turn_left04_poses_100_jpos,screened,216,50.0,5,5,1.0,1.0,0.0,0.0,0.0,1.0,0,torque_limited,0.06
KIT_314_turn_right10_poses_100_jpos,screened,220,50.0,5,5,1.0,1.0,0.0,0.0,0.0,1.0,0,torque_limited,0.06
KIT_314_walking_fast05_poses_100_jpos,screened,250,50.0,5,5,1.0,1.0,0.0,0.0,0.0,1.0,0,torque_limited,0.06
KIT_314_walking_medium03_poses_100_jpos,screened,349,50.0,7,7,1.0,1.0,0.0,0.0,0.0,1.0,0,torque_limited,0.06
KIT_314_walking_run04_poses_100_jpos,screened,192,50.0,4,0,0.0,0.0,0.057291666666666664,0.057291666666666664,0.734375,0.0,2,torque_limited,0.06
KIT_317_bend_left01_poses_100_jpos,screened,164,50.0,4,4,1.0,1.0,0.0,0.0,0.0,1.0,0,torque_limited,0.06
KIT_317_bend_right03_poses_100_jpos,screened,187,50.0,4,4,1.0,1.0,0.0,0.0,0.0,1.0,0,torque_limited,0.06
KIT_317_bend_right08_poses_100_jpos,screened,179,50.0,4,4,1.0,1.0,0.0,0.0,0.0,1.0,0,torque_limited,0.06
KIT_317_go_over_beam06_poses_100_jpos,screened,292,50.0,6,0,0.0,0.0,0.4623287671232877,0.4623287671232877,0.8047945205479452,0.0,1,torque_limited,0.06
KIT_317_go_over_beam08_poses_100_jpos,screened,309,50.0,7,0,0.0,0.0,0.4563106796116505,0.4563106796116505,0.7799352750809061,0.0,1,torque_limited,0.06
KIT_317_step_over_gap05_poses_100_jpos,screened,232,50.0,5,5,1.0,1.0,0.0,0.0,0.0,1.0,0,torque_limited,0.06
KIT_317_turn_right05_poses_100_jpos,screened,237,50.0,5,5,1.0,1.0,0.0,0.0,0.0,1.0,0,torque_limited,0.06
KIT_317_walking_fast09_poses_100_jpos,screened,250,50.0,5,5,1.0,1.0,0.0,0.0,0.0,1.0,0,torque_limited,0.06
KIT_317_walking_medium07_poses_100_jpos,screened,182,50.0,4,4,1.0,1.0,0.0,0.0,0.0,1.0,0,torque_limited,0.06
KIT_317_walking_run03_poses_100_jpos,screened,174,50.0,4,0,0.0,0.0,0.028735632183908046,0.028735632183908046,0.603448275862069,0.0,1,torque_limited,0.06
KIT_317_walking_run09_poses_100_jpos,screened,200,50.0,4,0,0.0,0.0,0.03,0.03,0.53,0.0,1,torque_limited,0.06
KIT_348_bend_left08_poses_100_jpos,screened,256,50.0,6,6,1.0,1.0,0.0,0.0,0.0,1.0,0,torque_limited,0.06
KIT_348_bend_right04_poses_100_jpos,screened,252,50.0,6,6,1.0,1.0,0.0,0.0,0.0,1.0,0,torque_limited,0.06
KIT_348_parkour01_poses_100_jpos,screened,606,50.0,13,10,0.7692307692307693,0.8446153846153847,0.0016501650165016502,0.0016501650165016502,0.16666666666666666,0.8333333333333334,1,torque_limited,0.06
KIT_348_parkour05_poses_100_jpos,screened,523,50.0,11,11,1.0,1.0,0.0,0.0,0.0,1.0,0,torque_limited,0.06
KIT_348_turn_left05_poses_100_jpos,screened,309,50.0,7,7,1.0,1.0,0.0,0.0,0.0,1.0,0,torque_limited,0.06
KIT_348_turn_left06_poses_100_jpos,screened,317,50.0,7,7,1.0,1.0,0.0,0.0,0.0,1.0,0,torque_limited,0.06
KIT_348_walking_slow08_poses_100_jpos,screened,294,50.0,6,6,1.0,1.0,0.0,0.0,0.0,1.0,0,torque_limited,0.06
KIT_359_bend_left06_poses_100_jpos,screened,210,50.0,5,0,0.0,0.0,0.06666666666666667,0.06666666666666667,0.8,0.0,2,torque_limited,0.06
KIT_359_go_over_beam02_poses_100_jpos,screened,428,50.0,9,2,0.2222222222222222,0.22666666666666668,0.45093457943925236,0.45093457943925236,0.6845794392523364,0.2383177570093458,1,torque_limited,0.06
KIT_359_go_over_beam03_poses_100_jpos,screened,475,50.0,10,3,0.3,0.41600000000000004,0.40421052631578946,0.40421052631578946,0.6147368421052631,0.38526315789473686,1,torque_limited,0.06
KIT_359_turn_left02_poses_100_jpos,screened,252,50.0,6,1,0.16666666666666666,0.22666666666666666,0.05952380952380952,0.05952380952380952,0.7301587301587301,0.2698412698412698,2,torque_limited,0.06
KIT_359_turn_right03_poses_100_jpos,screened,286,50.0,6,1,0.16666666666666666,0.19666666666666666,0.08391608391608392,0.08391608391608392,0.7132867132867133,0.2062937062937063,3,torque_limited,0.06
KIT_359_turn_right08_poses_100_jpos,screened,274,50.0,6,1,0.16666666666666666,0.26666666666666666,0.072992700729927,0.072992700729927,0.6751824817518248,0.19708029197080293,2,torque_limited,0.06
KIT_359_walking_fast01_poses_100_jpos,screened,188,50.0,4,0,0.0,0.0,0.11170212765957446,0.11170212765957446,0.9680851063829787,0.0,4,torque_limited,0.06
KIT_359_walking_medium10_poses_100_jpos,screened,258,50.0,6,3,0.5,0.64,0.031007751937984496,0.031007751937984496,0.4186046511627907,0.5813953488372093,1,torque_limited,0.06
KIT_359_walking_slow04_poses_100_jpos,screened,313,50.0,7,4,0.5714285714285714,0.6257142857142857,0.038338658146964855,0.038338658146964855,0.35782747603833864,0.5814696485623003,1,torque_limited,0.06
KIT_359_walking_slow06_poses_100_jpos,screened,267,50.0,6,4,0.6666666666666666,0.7233333333333333,0.0299625468164794,0.0299625468164794,0.31086142322097376,0.6891385767790262,1,torque_limited,0.06
KIT_378_push_recovery_front04_poses_100_jpos,screened,350,50.0,7,7,1.0,1.0,0.0,0.0,0.0,1.0,0,torque_limited,0.06
KIT_378_push_recovery_right05_poses_100_jpos,screened,325,50.0,7,3,0.42857142857142855,0.5314285714285714,0.043076923076923075,0.043076923076923075,0.38461538461538464,0.49538461538461537,3,torque_limited,0.06
KIT_378_push_recovery_stand_left01_poses_100_jpos,screened,186,50.0,4,0,0.0,0.0,0.08064516129032258,0.08064516129032258,0.6236559139784946,0.0,2,torque_limited,0.06
KIT_378_push_recovery_stand_right08_poses_100_jpos,screened,226,50.0,5,2,0.4,0.5599999999999999,0.04424778761061947,0.04424778761061947,0.48672566371681414,0.5132743362831859,1,torque_limited,0.06
KIT_379_push_recovery_back10_poses_100_jpos,screened,200,50.0,4,4,1.0,1.0,0.0,0.0,0.0,1.0,0,torque_limited,0.06
KIT_379_push_recovery_front01_poses_100_jpos,screened,200,50.0,4,1,0.25,0.28,0.01,0.01,0.51,0.28,1,torque_limited,0.06
KIT_379_push_recovery_front06_poses_100_jpos,screened,300,50.0,6,3,0.5,0.6566666666666666,0.01,0.01,0.3433333333333333,0.6566666666666666,1,torque_limited,0.06
KIT_379_push_recovery_left08_poses_100_jpos,screened,288,50.0,6,3,0.5,0.5866666666666667,0.07291666666666667,0.07291666666666667,0.4305555555555556,0.5694444444444444,2,torque_limited,0.06
KIT_379_push_recovery_stand_back06_poses_100_jpos,screened,138,50.0,3,3,1.0,1.0,0.0,0.0,0.0,1.0,0,torque_limited,0.06
KIT_379_push_recovery_stand_left10_poses_100_jpos,screened,138,50.0,3,0,0.0,0.0,0.007246376811594203,0.007246376811594203,0.6666666666666666,0.0,1,torque_limited,0.06
KIT_379_push_recovery_stand_right01_poses_100_jpos,screened,275,50.0,6,3,0.5,0.6233333333333334,0.05454545454545454,0.05454545454545454,0.4109090909090909,0.5890909090909091,2,torque_limited,0.06
KIT_379_push_recovery_stand_right07_poses_100_jpos,screened,175,50.0,4,0,0.0,0.0,0.02857142857142857,0.02857142857142857,0.6285714285714286,0.0,2,torque_limited,0.06
KIT_3_Drinking09_poses_100_jpos,screened,399,50.0,8,8,1.0,1.0,0.0,0.0,0.0,1.0,0,torque_limited,0.06
KIT_3_balancing01_poses_100_jpos,screened,559,50.0,12,12,1.0,1.0,0.0,0.0,0.0,1.0,0,torque_limited,0.06
KIT_3_bend_left05_poses_100_jpos,screened,329,50.0,7,7,1.0,1.0,0.0,0.0,0.0,1.0,0,torque_limited,0.06
KIT_3_bend_left08_poses_100_jpos,screened,350,50.0,7,7,1.0,1.0,0.0,0.0,0.0,1.0,0,torque_limited,0.06
KIT_3_bend_right05_poses_100_jpos,screened,257,50.0,6,6,1.0,1.0,0.0,0.0,0.0,1.0,0,torque_limited,0.06
KIT_3_bow_slight02_poses_100_jpos,screened,225,50.0,5,5,1.0,1.0,0.0,0.0,0.0,1.0,0,torque_limited,0.06
KIT_3_bow_slight03_poses_100_jpos,screened,273,50.0,6,6,1.0,1.0,0.0,0.0,0.0,1.0,0,torque_limited,0.06
KIT_3_go_over_beam01_poses_100_jpos,screened,518,50.0,11,5,0.45454545454545453,0.49454545454545457,0.3436293436293436,0.3436293436293436,0.5366795366795367,0.46332046332046334,1,torque_limited,0.06
KIT_3_golf_drive01_poses_100_jpos,screened,315,50.0,7,4,0.5714285714285714,0.6942857142857142,0.015873015873015872,0.022222222222222223,0.3396825396825397,0.6603174603174603,1,torque_limited,0.06
KIT_3_inspect_shoe_sole07_poses_100_jpos,screened,459,50.0,10,5,0.5,0.6199999999999999,0.08714596949891068,0.08714596949891068,0.4139433551198257,0.5860566448801743,2,torque_limited,0.06
KIT_3_jump_left05_poses_100_jpos,screened,218,50.0,5,2,0.4,0.54,0.027522935779816515,0.027522935779816515,0.5275229357798165,0.4724770642201835,2,torque_limited,0.06
KIT_3_jump_up04_poses_100_jpos,screened,291,50.0,6,3,0.5,0.5966666666666667,0.01718213058419244,0.01718213058419244,0.41580756013745707,0.584192439862543,2,torque_limited,0.06
KIT_3_kick_high_right03_poses_100_jpos,screened,227,50.0,5,2,0.4,0.43599999999999994,0.1762114537444934,0.1762114537444934,0.6167400881057269,0.3788546255506608,1,torque_limited,0.06
KIT_3_kneel_down_with_both_hands08_poses_100_jpos,screened,288,50.0,6,3,0.5,0.5,0.07291666666666667,0.07291666666666667,0.4201388888888889,0.4791666666666667,1,torque_limited,0.06
KIT_3_kneel_down_with_left_hand04_poses_100_jpos,screened,453,50.0,10,7,0.7,0.766,0.037527593818984545,0.037527593818984545,0.2582781456953642,0.7417218543046358,1,torque_limited,0.06
KIT_3_kneel_down_with_stool_left_hand08_poses_100_jpos,screened,248,50.0,5,2,0.4,0.504,0.0967741935483871,0.0967741935483871,0.5,0.5,1,torque_limited,0.06
KIT_3_kneel_down_with_stool_right_hand04_poses_100_jpos,screened,325,50.0,7,4,0.5714285714285714,0.66,0.05846153846153846,0.05846153846153846,0.36615384615384616,0.6338461538461538,1,torque_limited,0.06
KIT_3_kneel_up_from_crawl02_poses_100_jpos,screened,223,50.0,5,2,0.4,0.45999999999999996,0.026905829596412557,0.026905829596412557,0.47533632286995514,0.39461883408071746,1,torque_limited,0.06
KIT_3_kneel_up_with_left_hand05_poses_100_jpos,screened,193,50.0,4,1,0.25,0.355,0.03626943005181347,0.03626943005181347,0.5544041450777202,0.3316062176165803,1,torque_limited,0.06
KIT_3_lean_on_table01_poses_100_jpos,screened,353,50.0,8,3,0.375,0.44,0.08781869688385269,0.08781869688385269,0.37110481586402266,0.4985835694050991,1,torque_limited,0.06
KIT_3_lean_over_table05_poses_100_jpos,screened,551,50.0,12,12,1.0,1.0,0.0,0.0,0.0,1.0,0,torque_limited,0.06
KIT_3_lean_over_table14_poses_100_jpos,screened,489,50.0,10,10,1.0,1.0,0.0,0.0,0.0,1.0,0,torque_limited,0.06
KIT_3_parkour05_poses_100_jpos,screened,722,50.0,15,15,1.0,1.0,0.0,0.0,0.0,1.0,0,torque_limited,0.06
KIT_3_push_from_the_left_side09_poses_100_jpos,screened,244,50.0,5,5,1.0,1.0,0.0,0.0,0.0,1.0,0,torque_limited,0.06
KIT_3_seesaw01_poses_100_jpos,screened,287,50.0,6,3,0.5,0.5866666666666667,0.08362369337979095,0.08362369337979095,0.43205574912891986,0.5679442508710801,1,torque_limited,0.06
KIT_3_seesaw_backwards07_poses_100_jpos,screened,674,50.0,14,8,0.5714285714285714,0.6042857142857143,0.2433234421364985,0.2433234421364985,0.41097922848664686,0.5890207715133531,3,torque_limited,0.06
KIT_3_squat05_poses_100_jpos,screened,275,50.0,6,2,0.3333333333333333,0.3666666666666667,0.2581818181818182,0.2581818181818182,0.6218181818181818,0.3090909090909091,1,torque_limited,0.06
KIT_3_step_over_gap02_poses_100_jpos,screened,280,50.0,6,6,1.0,1.0,0.0,0.0,0.0,1.0,0,torque_limited,0.06
KIT_3_stomp_right02_poses_100_jpos,screened,258,50.0,6,6,1.0,1.0,0.0,0.0,0.0,1.0,0,torque_limited,0.06
KIT_3_stomp_right04_poses_100_jpos,screened,229,50.0,5,5,1.0,1.0,0.0,0.0,0.0,1.0,0,torque_limited,0.06
KIT_3_tennis_forehand_left05_poses_100_jpos,screened,297,50.0,6,6,1.0,1.0,0.0,0.0,0.0,1.0,0,torque_limited,0.06
KIT_3_tennis_smash_right05_poses_100_jpos,screened,295,50.0,6,2,0.3333333333333333,0.49333333333333335,0.04406779661016949,0.04406779661016949,0.43050847457627117,0.4847457627118644,4,torque_limited,0.06
KIT_3_throw_left02_poses_100_jpos,screened,238,50.0,5,2,0.4,0.45199999999999996,0.02100840336134454,0.02100840336134454,0.4579831932773109,0.42436974789915966,2,torque_limited,0.06
KIT_3_throw_right03_poses_100_jpos,screened,272,50.0,6,3,0.5,0.54,0.051470588235294115,0.051470588235294115,0.41911764705882354,0.49264705882352944,1,torque_limited,0.06
KIT_3_turn_right10_poses_100_jpos,screened,259,50.0,6,6,1.0,1.0,0.0,0.0,0.0,1.0,0,torque_limited,0.06
KIT_3_walk_with_left_support02_poses_100_jpos,screened,377,50.0,8,8,1.0,1.0,0.0,0.0,0.0,1.0,0,torque_limited,0.06
KIT_3_walk_with_left_support_table01_poses_100_jpos,screened,356,50.0,8,5,0.625,0.6675,0.0028089887640449437,0.0028089887640449437,0.25,0.75,1,torque_limited,0.06
KIT_3_walking_fast02_poses_100_jpos,screened,261,50.0,6,6,1.0,1.0,0.0,0.0,0.0,1.0,0,torque_limited,0.06
KIT_3_walking_fast05_poses_100_jpos,screened,189,50.0,4,4,1.0,1.0,0.0,0.0,0.0,1.0,0,torque_limited,0.06
KIT_3_walking_medium01_poses_100_jpos,screened,159,50.0,4,4,1.0,1.0,0.0,0.0,0.0,1.0,0,torque_limited,0.06
KIT_3_walking_medium02_poses_100_jpos,screened,330,50.0,7,7,1.0,1.0,0.0,0.0,0.0,1.0,0,torque_limited,0.06
KIT_3_walking_medium06_poses_100_jpos,screened,241,50.0,5,5,1.0,1.0,0.0,0.0,0.0,1.0,0,torque_limited,0.06
KIT_3_walking_slow07_poses_100_jpos,screened,323,50.0,7,7,1.0,1.0,0.0,0.0,0.0,1.0,0,torque_limited,0.06
KIT_3_wave_right04_poses_100_jpos,screened,221,50.0,5,5,1.0,1.0,0.0,0.0,0.0,1.0,0,torque_limited,0.06
KIT_421_push_recovery_back03_poses_100_jpos,screened,275,50.0,6,3,0.5,0.65,0.01818181818181818,0.01818181818181818,0.38181818181818183,0.6181818181818182,1,torque_limited,0.06
KIT_421_push_recovery_back06_poses_100_jpos,screened,237,50.0,5,5,1.0,1.0,0.0,0.0,0.0,1.0,0,torque_limited,0.06
KIT_421_push_recovery_back07_poses_100_jpos,screened,250,50.0,5,5,1.0,1.0,0.0,0.0,0.0,1.0,0,torque_limited,0.06
KIT_421_push_recovery_front02_poses_100_jpos,screened,375,50.0,8,8,1.0,1.0,0.0,0.0,0.0,1.0,0,torque_limited,0.06
KIT_421_push_recovery_left06_poses_100_jpos,screened,263,50.0,6,3,0.5,0.63,0.04182509505703422,0.04182509505703422,0.4220532319391635,0.5779467680608364,1,torque_limited,0.06
KIT_421_push_recovery_stand_front03_poses_100_jpos,screened,250,50.0,5,5,1.0,1.0,0.0,0.0,0.0,1.0,0,torque_limited,0.06
KIT_421_push_recovery_stand_front06_poses_100_jpos,screened,175,50.0,4,4,1.0,1.0,0.0,0.0,0.0,1.0,0,torque_limited,0.06
KIT_421_push_recovery_stand_left02_poses_100_jpos,screened,451,50.0,10,7,0.7,0.7939999999999999,0.0066518847006651885,0.0066518847006651885,0.22838137472283815,0.7716186252771619,1,torque_limited,0.06
KIT_421_push_recovery_stand_right08_poses_100_jpos,screened,300,50.0,6,6,1.0,1.0,0.0,0.0,0.0,1.0,0,torque_limited,0.06
KIT_424_bend_left05_poses_100_jpos,screened,335,50.0,7,7,1.0,1.0,0.0,0.0,0.0,1.0,0,torque_limited,0.06
KIT_424_bend_left08_poses_100_jpos,screened,266,50.0,6,6,1.0,1.0,0.0,0.0,0.0,1.0,0,torque_limited,0.06
KIT_424_seesaw01_poses_100_jpos,screened,437,50.0,9,4,0.4444444444444444,0.5955555555555555,0.18764302059496568,0.18764302059496568,0.41647597254004576,0.5835240274599542,1,torque_limited,0.06
KIT_424_seesaw04_poses_100_jpos,screened,409,50.0,9,3,0.3333333333333333,0.5333333333333333,0.2273838630806846,0.2273838630806846,0.5134474327628362,0.48655256723716384,3,torque_limited,0.06
KIT_424_seesaw09_poses_100_jpos,screened,300,50.0,6,2,0.3333333333333333,0.5533333333333333,0.11333333333333333,0.11333333333333333,0.44666666666666666,0.5533333333333333,1,torque_limited,0.06
KIT_424_seesaw_backwards03_poses_100_jpos,screened,438,50.0,9,4,0.4444444444444444,0.5444444444444445,0.1735159817351598,0.1735159817351598,0.4680365296803653,0.5319634703196348,2,torque_limited,0.06
KIT_424_step_over_gap05_poses_100_jpos,screened,260,50.0,6,6,1.0,1.0,0.0,0.0,0.0,1.0,0,torque_limited,0.06
KIT_424_step_stones03_poses_100_jpos,screened,592,50.0,12,5,0.4166666666666667,0.45,0.2939189189189189,0.2939189189189189,0.5574324324324325,0.44256756756756754,2,torque_limited,0.06
KIT_424_walking_slow10_poses_100_jpos,screened,441,50.0,9,9,1.0,1.0,0.0,0.0,0.0,1.0,0,torque_limited,0.06
KIT_425_bend_left03_poses_100_jpos,screened,223,50.0,5,5,1.0,1.0,0.0,0.0,0.0,1.0,0,torque_limited,0.06
KIT_425_bend_left10_poses_100_jpos,screened,254,50.0,6,6,1.0,1.0,0.0,0.0,0.0,1.0,0,torque_limited,0.06
KIT_425_bend_right04_poses_100_jpos,screened,238,50.0,5,5,1.0,1.0,0.0,0.0,0.0,1.0,0,torque_limited,0.06
KIT_425_bend_right06_poses_100_jpos,screened,359,50.0,8,8,1.0,1.0,0.0,0.0,0.0,1.0,0,torque_limited,0.06
KIT_425_step_over_gap05_poses_100_jpos,screened,284,50.0,6,6,1.0,1.0,0.0,0.0,0.0,1.0,0,torque_limited,0.06
KIT_425_walking_01_poses_100_jpos,screened,330,50.0,7,5,0.7142857142857143,0.7514285714285714,0.06666666666666667,0.06666666666666667,0.2636363636363636,0.7363636363636363,2,torque_limited,0.06
KIT_425_walking_fast02_poses_100_jpos,screened,211,50.0,5,5,1.0,1.0,0.0,0.0,0.0,1.0,0,torque_limited,0.06
KIT_425_walking_medium03_poses_100_jpos,screened,227,50.0,5,5,1.0,1.0,0.0,0.0,0.0,1.0,0,torque_limited,0.06
KIT_425_walking_slow05_poses_100_jpos,screened,284,50.0,6,6,1.0,1.0,0.0,0.0,0.0,1.0,0,torque_limited,0.06
KIT_441_PizzaDelivery03_poses_100_jpos,screened,1187,50.0,24,24,1.0,1.0,0.0,0.0,0.0,1.0,0,torque_limited,0.06
KIT_441_drinking05_poses_100_jpos,screened,699,50.0,14,14,1.0,1.0,0.0,0.0,0.0,1.0,0,torque_limited,0.06
KIT_441_synchron04_poses_100_jpos,screened,569,50.0,12,8,0.6666666666666666,0.745,0.050966608084358524,0.050966608084358524,0.2688927943760984,0.7311072056239016,2,torque_limited,0.06
KIT_442_Bouncen01_poses_100_jpos,screened,288,50.0,6,6,1.0,1.0,0.0,0.0,0.0,1.0,0,torque_limited,0.06
KIT_442_PizzaDelivery05_poses_100_jpos,screened,1500,50.0,30,30,1.0,1.0,0.0,0.0,0.0,1.0,0,torque_limited,0.06
KIT_4_RightTurn01_poses_100_jpos,screened,262,50.0,6,6,1.0,1.0,0.0,0.0,0.0,1.0,0,torque_limited,0.06
KIT_4_WalkInClockwiseCircle07_poses_100_jpos,screened,403,50.0,9,9,1.0,1.0,0.0,0.0,0.0,1.0,0,torque_limited,0.06
KIT_4_WalkInClockwiseCircle10_poses_100_jpos,screened,389,50.0,8,8,1.0,1.0,0.0,0.0,0.0,1.0,0,torque_limited,0.06
KIT_4_WalkInCounterClockwiseCircle03_poses_100_jpos,screened,392,50.0,8,8,1.0,1.0,0.0,0.0,0.0,1.0,0,torque_limited,0.06
KIT_4_WalkingStraightBackwards02_poses_100_jpos,screened,275,50.0,6,6,1.0,1.0,0.0,0.0,0.0,1.0,0,torque_limited,0.06
KIT_513_Push_Behind_Soft02_poses_100_jpos,screened,290,50.0,6,6,1.0,1.0,0.0,0.0,0.0,1.0,0,torque_limited,0.06
KIT_513_Push_Left_Hard01_poses_100_jpos,screened,453,50.0,10,10,1.0,1.0,0.0,0.0,0.0,1.0,0,torque_limited,0.06
KIT_513_Push_Right_Soft03_poses_100_jpos,screened,338,50.0,7,7,1.0,1.0,0.0,0.0,0.0,1.0,0,torque_limited,0.06
KIT_513_evasion05_poses_100_jpos,screened,195,50.0,4,4,1.0,1.0,0.0,0.0,0.0,1.0,0,torque_limited,0.06
KIT_513_evasion06_poses_100_jpos,screened,290,50.0,6,6,1.0,1.0,0.0,0.0,0.0,1.0,0,torque_limited,0.06
KIT_513_kick09_poses_100_jpos,screened,383,50.0,8,5,0.625,0.7025,0.04960835509138381,0.04960835509138381,0.31070496083550914,0.6892950391644909,1,torque_limited,0.06
KIT_513_parkour01_poses_100_jpos,screened,566,50.0,12,12,1.0,1.0,0.0,0.0,0.0,1.0,0,torque_limited,0.06
KIT_513_seesaw_down09_poses_100_jpos,screened,313,50.0,7,3,0.42857142857142855,0.6142857142857142,0.10543130990415335,0.10543130990415335,0.43130990415335463,0.5686900958466453,2,torque_limited,0.06
KIT_513_seesaw_up03_poses_100_jpos,screened,452,50.0,10,5,0.5,0.5900000000000001,0.2323008849557522,0.2323008849557522,0.45353982300884954,0.5464601769911505,1,torque_limited,0.06
KIT_513_seesaw_up08_poses_100_jpos,screened,512,50.0,11,6,0.5454545454545454,0.5654545454545455,0.263671875,0.263671875,0.466796875,0.533203125,2,torque_limited,0.06
KIT_513_seesaw_up10_poses_100_jpos,screened,458,50.0,10,5,0.5,0.634,0.1812227074235808,0.1812227074235808,0.39956331877729256,0.6004366812227074,1,torque_limited,0.06
KIT_513_turn_left01_poses_100_jpos,screened,354,50.0,8,8,1.0,1.0,0.0,0.0,0.0,1.0,0,torque_limited,0.06
KIT_513_turn_left03_poses_100_jpos,screened,317,50.0,7,7,1.0,1.0,0.0,0.0,0.0,1.0,0,torque_limited,0.06
KIT_513_turn_left08_poses_100_jpos,screened,286,50.0,6,6,1.0,1.0,0.0,0.0,0.0,1.0,0,torque_limited,0.06
KIT_551_cutting_banana02_poses_100_jpos,screened,557,50.0,12,12,1.0,1.0,0.0,0.0,0.0,1.0,0,torque_limited,0.06
KIT_551_mixing_cooking_spoon03_poses_100_jpos,screened,401,50.0,9,9,1.0,1.0,0.0,0.0,0.0,1.0,0,torque_limited,0.06
KIT_551_sponge_big01_poses_100_jpos,screened,428,50.0,9,9,1.0,1.0,0.0,0.0,0.0,1.0,0,torque_limited,0.06
KIT_551_sponge_big_and_mixing_bowl_big05_poses_100_jpos,screened,397,50.0,8,8,1.0,1.0,0.0,0.0,0.0,1.0,0,torque_limited,0.06
KIT_572_dance_chacha06_poses_100_jpos,screened,580,50.0,12,12,1.0,1.0,0.0,0.0,0.0,1.0,0,torque_limited,0.06
KIT_572_dance_chacha15_poses_100_jpos,screened,834,50.0,17,10,0.5882352941176471,0.76,0.004796163069544364,0.004796163069544364,0.2446043165467626,0.7553956834532374,2,torque_limited,0.06
KIT_572_dance_waltz06_poses_100_jpos,screened,536,50.0,11,11,1.0,1.0,0.0,0.0,0.0,1.0,0,torque_limited,0.06
KIT_572_dance_waltz_01_poses_100_jpos,screened,462,50.0,10,7,0.7,0.79,0.010822510822510822,0.010822510822510822,0.22727272727272727,0.7727272727272727,1,torque_limited,0.06
KIT_572_golf_putting05_poses_100_jpos,screened,292,50.0,6,6,1.0,1.0,0.0,0.0,0.0,1.0,0,torque_limited,0.06
KIT_572_guitar_left10_poses_100_jpos,screened,285,50.0,6,6,1.0,1.0,0.0,0.0,0.0,1.0,0,torque_limited,0.06
KIT_572_guitar_left13_poses_100_jpos,screened,375,50.0,8,8,1.0,1.0,0.0,0.0,0.0,1.0,0,torque_limited,0.06
KIT_572_guitar_left17_poses_100_jpos,screened,350,50.0,7,7,1.0,1.0,0.0,0.0,0.0,1.0,0,torque_limited,0.06
KIT_572_guitar_left18_poses_100_jpos,screened,351,50.0,8,8,1.0,1.0,0.0,0.0,0.0,1.0,0,torque_limited,0.06
KIT_572_jump_right03_poses_100_jpos,screened,264,50.0,6,3,0.5,0.66,0.007575757575757576,0.007575757575757576,0.38636363636363635,0.6136363636363636,1,torque_limited,0.06
KIT_572_punch_left05_poses_100_jpos,screened,323,50.0,7,7,1.0,1.0,0.0,0.0,0.0,1.0,0,torque_limited,0.06
KIT_572_squat05_poses_100_jpos,screened,247,50.0,5,1,0.2,0.22000000000000003,0.22672064777327935,0.22672064777327935,0.631578947368421,0.22267206477732793,1,torque_limited,0.06
KIT_572_stir_left09_poses_100_jpos,screened,307,50.0,7,7,1.0,1.0,0.0,0.0,0.0,1.0,0,torque_limited,0.06
KIT_572_stir_right14_poses_100_jpos,screened,474,50.0,10,10,1.0,1.0,0.0,0.0,0.0,1.0,0,torque_limited,0.06
KIT_572_stir_right15_poses_100_jpos,screened,495,50.0,10,10,1.0,1.0,0.0,0.0,0.0,1.0,0,torque_limited,0.06
KIT_572_stomp_right02_poses_100_jpos,screened,267,50.0,6,6,1.0,1.0,0.0,0.0,0.0,1.0,0,torque_limited,0.06
KIT_572_throw_left03_poses_100_jpos,screened,171,50.0,4,4,1.0,1.0,0.0,0.0,0.0,1.0,0,torque_limited,0.06
KIT_572_throw_left05_poses_100_jpos,screened,201,50.0,5,5,1.0,1.0,0.0,0.0,0.0,1.0,0,torque_limited,0.06
KIT_572_wave_both07_poses_100_jpos,screened,455,50.0,10,10,1.0,1.0,0.0,0.0,0.0,1.0,0,torque_limited,0.06
KIT_572_wave_both13_poses_100_jpos,screened,562,50.0,12,12,1.0,1.0,0.0,0.0,0.0,1.0,0,torque_limited,0.06
KIT_572_wave_left04_poses_100_jpos,screened,291,50.0,6,6,1.0,1.0,0.0,0.0,0.0,1.0,0,torque_limited,0.06
KIT_572_wave_left10_poses_100_jpos,screened,286,50.0,6,6,1.0,1.0,0.0,0.0,0.0,1.0,0,torque_limited,0.06
KIT_572_wave_left15_poses_100_jpos,screened,453,50.0,10,10,1.0,1.0,0.0,0.0,0.0,1.0,0,torque_limited,0.06
KIT_572_wipe_circular_right05_poses_100_jpos,screened,263,50.0,6,6,1.0,1.0,0.0,0.0,0.0,1.0,0,torque_limited,0.06
KIT_576_MarcusS_AdrianM09_poses_100_jpos,screened,3749,50.0,75,75,1.0,1.0,0.0,0.0,0.0,1.0,0,torque_limited,0.06
KIT_674_dry_back01_poses_100_jpos,screened,696,50.0,14,14,1.0,1.0,0.0,0.0,0.0,1.0,0,torque_limited,0.06
KIT_674_dry_front08_poses_100_jpos,screened,523,50.0,11,11,1.0,1.0,0.0,0.0,0.0,1.0,0,torque_limited,0.06
KIT_674_shower_left_arm10_poses_100_jpos,screened,608,50.0,13,13,1.0,1.0,0.0,0.0,0.0,1.0,0,torque_limited,0.06
KIT_674_shower_right_arm02_poses_100_jpos,screened,509,50.0,11,11,1.0,1.0,0.0,0.0,0.0,1.0,0,torque_limited,0.06
KIT_674_shower_right_arm03_poses_100_jpos,screened,399,50.0,8,8,1.0,1.0,0.0,0.0,0.0,1.0,0,torque_limited,0.06
KIT_674_wash_head02_poses_100_jpos,screened,2838,50.0,57,54,0.9473684210526315,0.9645614035087718,0.00035236081747709656,0.00035236081747709656,0.03558844256518675,0.9644115574348132,1,torque_limited,0.06
KIT_675_double_pour_and_mixing02_poses_100_jpos,screened,880,50.0,18,18,1.0,1.0,0.0,0.0,0.0,1.0,0,torque_limited,0.06
KIT_675_double_pour_and_mixing04_poses_100_jpos,screened,1131,50.0,23,23,1.0,1.0,0.0,0.0,0.0,1.0,0,torque_limited,0.06
KIT_675_double_pour_and_mixing05_poses_100_jpos,screened,1310,50.0,27,27,1.0,1.0,0.0,0.0,0.0,1.0,0,torque_limited,0.06
KIT_675_double_pour_and_mixing12_poses_100_jpos,screened,952,50.0,20,20,1.0,1.0,0.0,0.0,0.0,1.0,0,torque_limited,0.06
KIT_675_dry_left_arm_14_poses_100_jpos,screened,1090,50.0,22,16,0.7272727272727273,0.7772727272727273,0.04128440366972477,0.04128440366972477,0.22477064220183487,0.7752293577981652,2,torque_limited,0.06
KIT_675_dry_left_arm_15_poses_100_jpos,screened,1269,50.0,26,22,0.8461538461538461,0.8715384615384616,0.014972419227738377,0.014972419227738377,0.0937746256895193,0.8684003152088259,1,torque_limited,0.06
KIT_675_dry_right_arm_014_poses_100_jpos,screened,1005,50.0,21,18,0.8571428571428571,0.8933333333333332,0.011940298507462687,0.011940298507462687,0.11144278606965174,0.8885572139303483,1,torque_limited,0.06
KIT_675_dry_right_arm_015_poses_100_jpos,screened,1165,50.0,24,24,1.0,1.0,0.0,0.0,0.0,1.0,0,torque_limited,0.06
KIT_675_walk_with_handrail_right01_poses_100_jpos,screened,200,50.0,4,4,1.0,1.0,0.0,0.0,0.0,1.0,0,torque_limited,0.06
KIT_675_walk_with_handrail_right07_poses_100_jpos,screened,191,50.0,4,4,1.0,1.0,0.0,0.0,0.0,1.0,0,torque_limited,0.06
KIT_675_walk_with_handrail_table_right009_poses_100_jpos,screened,285,50.0,6,3,0.5,0.6,0.031578947368421054,0.031578947368421054,0.3684210526315789,0.631578947368421,1,torque_limited,0.06
KIT_675_walk_with_table_left10_poses_100_jpos,screened,368,50.0,8,8,1.0,1.0,0.0,0.0,0.0,1.0,0,torque_limited,0.06
KIT_675_walk_with_table_right01_poses_100_jpos,screened,411,50.0,9,6,0.6666666666666666,0.6733333333333333,0.012165450121654502,0.012165450121654502,0.25547445255474455,0.6423357664233577,1,torque_limited,0.06
KIT_675_wash_left_arm_04_poses_100_jpos,screened,4003,50.0,81,75,0.9259259259259259,0.9417283950617285,0.002498126405196103,0.002498126405196103,0.05895578316262803,0.9410442168373719,3,torque_limited,0.06
KIT_6_LeftTurn03_1_poses_100_jpos,screened,273,50.0,6,6,1.0,1.0,0.0,0.0,0.0,1.0,0,torque_limited,0.06
KIT_6_LeftTurn07_1_poses_100_jpos,screened,242,50.0,5,5,1.0,1.0,0.0,0.0,0.0,1.0,0,torque_limited,0.06
KIT_6_RightTurn10_1_poses_100_jpos,screened,260,50.0,6,6,1.0,1.0,0.0,0.0,0.0,1.0,0,torque_limited,0.06
KIT_6_WalkInClockwiseCircle03_1_poses_100_jpos,screened,357,50.0,8,8,1.0,1.0,0.0,0.0,0.0,1.0,0,torque_limited,0.06
KIT_6_WalkInClockwiseCircle07_1_poses_100_jpos,screened,359,50.0,8,8,1.0,1.0,0.0,0.0,0.0,1.0,0,torque_limited,0.06
KIT_6_WalkInClockwiseCircle10_poses_100_jpos,screened,362,50.0,8,8,1.0,1.0,0.0,0.0,0.0,1.0,0,torque_limited,0.06
KIT_6_WalkInCounterClockwiseCircle01_1_poses_100_jpos,screened,410,50.0,9,9,1.0,1.0,0.0,0.0,0.0,1.0,0,torque_limited,0.06
KIT_6_WalkingStraightBackwards08_poses_100_jpos,screened,242,50.0,5,5,1.0,1.0,0.0,0.0,0.0,1.0,0,torque_limited,0.06
KIT_7_WalkInClockwiseCircle06_poses_100_jpos,screened,366,50.0,8,8,1.0,1.0,0.0,0.0,0.0,1.0,0,torque_limited,0.06
KIT_7_WalkInCounterClockwiseCircle04_poses_100_jpos,screened,361,50.0,8,8,1.0,1.0,0.0,0.0,0.0,1.0,0,torque_limited,0.06
KIT_883_wipe_arm_vertical01_poses_100_jpos,screened,499,50.0,10,10,1.0,1.0,0.0,0.0,0.0,1.0,0,torque_limited,0.06
KIT_883_wipe_back_dabbing03_poses_100_jpos,screened,451,50.0,10,10,1.0,1.0,0.0,0.0,0.0,1.0,0,torque_limited,0.06
KIT_883_wipe_head_vertical03_poses_100_jpos,screened,1008,50.0,21,21,1.0,1.0,0.0,0.0,0.0,1.0,0,torque_limited,0.06
KIT_883_wipe_leg_dabbing03_poses_100_jpos,screened,463,50.0,10,10,1.0,1.0,0.0,0.0,0.0,1.0,0,torque_limited,0.06
KIT_883_wipe_leg_vertical07_poses_100_jpos,screened,372,50.0,8,8,1.0,1.0,0.0,0.0,0.0,1.0,0,torque_limited,0.06
KIT_8_RightTurn06_poses_100_jpos,screened,256,50.0,6,6,1.0,1.0,0.0,0.0,0.0,1.0,0,torque_limited,0.06
KIT_8_WalkingStraightBackwards03_poses_100_jpos,screened,288,50.0,6,6,1.0,1.0,0.0,0.0,0.0,1.0,0,torque_limited,0.06
KIT_8_WalkingStraightBackwards08_poses_100_jpos,screened,294,50.0,6,6,1.0,1.0,0.0,0.0,0.0,1.0,0,torque_limited,0.06
KIT_912_912_3_04_poses_100_jpos,screened,611,50.0,13,13,1.0,1.0,0.0,0.0,0.0,1.0,0,torque_limited,0.06
KIT_948_Wipe_Back_Dabbing_01_poses_100_jpos,screened,524,50.0,11,11,1.0,1.0,0.0,0.0,0.0,1.0,0,torque_limited,0.06
KIT_950_Wipe_Head_Dabbing_01_poses_100_jpos,screened,475,50.0,10,10,1.0,1.0,0.0,0.0,0.0,1.0,0,torque_limited,0.06
KIT_950_Wipe_Head_Small_Circle_01_poses_100_jpos,screened,468,50.0,10,10,1.0,1.0,0.0,0.0,0.0,1.0,0,torque_limited,0.06
KIT_950_Wipe_Leg_Dabbing_01_poses_100_jpos,screened,243,50.0,5,5,1.0,1.0,0.0,0.0,0.0,1.0,0,torque_limited,0.06
KIT_950_Wipe_Leg_Dabbing_02_poses_100_jpos,screened,327,50.0,7,7,1.0,1.0,0.0,0.0,0.0,1.0,0,torque_limited,0.06
KIT_952_wipe_back_biglcircles02_poses_100_jpos,screened,614,50.0,13,13,1.0,1.0,0.0,0.0,0.0,1.0,0,torque_limited,0.06
KIT_952_wipe_back_smallcircle02_poses_100_jpos,screened,528,50.0,11,11,1.0,1.0,0.0,0.0,0.0,1.0,0,torque_limited,0.06
KIT_955_wipe_arm_bigcircles01_poses_100_jpos,screened,651,50.0,14,14,1.0,1.0,0.0,0.0,0.0,1.0,0,torque_limited,0.06
KIT_955_wipe_head_vertical01_poses_100_jpos,screened,480,50.0,10,10,1.0,1.0,0.0,0.0,0.0,1.0,0,torque_limited,0.06
KIT_955_wipe_leg_bigcircles01_poses_100_jpos,screened,552,50.0,12,12,1.0,1.0,0.0,0.0,0.0,1.0,0,torque_limited,0.06
KIT_969_Trial_18_poses_100_jpos,screened,916,50.0,19,19,1.0,1.0,0.0,0.0,0.0,1.0,0,torque_limited,0.06
KIT_969_Trial_24_poses_100_jpos,screened,825,50.0,17,17,1.0,1.0,0.0,0.0,0.0,1.0,0,torque_limited,0.06
KIT_969_Trial_33_poses_100_jpos,screened,602,50.0,13,13,1.0,1.0,0.0,0.0,0.0,1.0,0,torque_limited,0.06
KIT_969_Trial_40_poses_100_jpos,screened,552,50.0,12,12,1.0,1.0,0.0,0.0,0.0,1.0,0,torque_limited,0.06
KIT_969_Trial_41_poses_100_jpos,screened,622,50.0,13,13,1.0,1.0,0.0,0.0,0.0,1.0,0,torque_limited,0.06
KIT_969_Trial_60_poses_100_jpos,screened,510,50.0,11,11,1.0,1.0,0.0,0.0,0.0,1.0,0,torque_limited,0.06
KIT_969_Trial_62_poses_100_jpos,screened,528,50.0,11,11,1.0,1.0,0.0,0.0,0.0,1.0,0,torque_limited,0.06
KIT_969_Trial_69_poses_100_jpos,screened,687,50.0,14,14,1.0,1.0,0.0,0.0,0.0,1.0,0,torque_limited,0.06
KIT_969_Trial_76_poses_100_jpos,screened,654,50.0,14,14,1.0,1.0,0.0,0.0,0.0,1.0,0,torque_limited,0.06
KIT_969_Trial_79_poses_100_jpos,screened,772,50.0,16,16,1.0,1.0,0.0,0.0,0.0,1.0,0,torque_limited,0.06
KIT_9_WalkInClockwiseCircle04_poses_100_jpos,screened,430,50.0,9,9,1.0,1.0,0.0,0.0,0.0,1.0,0,torque_limited,0.06
KIT_9_WalkInClockwiseCircle07_poses_100_jpos,screened,413,50.0,9,9,1.0,1.0,0.0,0.0,0.0,1.0,0,torque_limited,0.06
KIT_9_WalkInCounterClockwiseCircle08_poses_100_jpos,screened,390,50.0,8,8,1.0,1.0,0.0,0.0,0.0,1.0,0,torque_limited,0.06
KIT_9_WalkInCounterClockwiseCircle09_poses_100_jpos,screened,420,50.0,9,9,1.0,1.0,0.0,0.0,0.0,1.0,0,torque_limited,0.06
KIT_9_WalkingStraightBackwards04_poses_100_jpos,screened,242,50.0,5,5,1.0,1.0,0.0,0.0,0.0,1.0,0,torque_limited,0.06
KIT_9_bend_left09_poses_100_jpos,screened,250,50.0,5,5,1.0,1.0,0.0,0.0,0.0,1.0,0,torque_limited,0.06
KIT_9_bend_right08_poses_100_jpos,screened,250,50.0,5,5,1.0,1.0,0.0,0.0,0.0,1.0,0,torque_limited,0.06
KIT_9_step_over_gap01_poses_100_jpos,screened,292,50.0,6,6,1.0,1.0,0.0,0.0,0.0,1.0,0,torque_limited,0.06
KIT_9_turn_left07_poses_100_jpos,screened,267,50.0,6,6,1.0,1.0,0.0,0.0,0.0,1.0,0,torque_limited,0.06
KIT_9_walking_run01_poses_100_jpos,screened,241,50.0,5,5,1.0,1.0,0.0,0.0,0.0,1.0,0,torque_limited,0.06
KIT_9_walking_run05_poses_100_jpos,screened,228,50.0,5,5,1.0,1.0,0.0,0.0,0.0,1.0,0,torque_limited,0.06
KIT_9_walking_slow01_poses_100_jpos,screened,312,50.0,7,7,1.0,1.0,0.0,0.0,0.0,1.0,0,torque_limited,0.06
KIT_9_walking_slow10_poses_100_jpos,screened,370,50.0,8,8,1.0,1.0,0.0,0.0,0.0,1.0,0,torque_limited,0.06
SFU_0015_0015_KendoKata001_poses_120_jpos,screened,7795,50.0,156,102,0.6538461538461539,0.7192307692307692,0.06401539448364336,0.0644002565747274,0.2723540731237973,0.7196921103271328,29,torque_limited,0.06
SFU_0018_0018_Walking001_poses_120_jpos,screened,888,50.0,18,9,0.5,0.57,0.010135135135135136,0.010135135135135136,0.3952702702702703,0.5641891891891891,4,torque_limited,0.06
SSM_synced_20160330_03333_side_hopping_poses_59_jpos,screened,422,50.0,9,5,0.5555555555555556,0.7666666666666667,0.011848341232227487,0.011848341232227487,0.24881516587677724,0.7511848341232228,1,torque_limited,0.06
SSM_synced_20161014_50033_ATUSquat_sync_poses_120_jpos,screened,107,50.0,3,0,0.0,0.0,0.2616822429906542,0.2616822429906542,1.0,0.0,1,torque_limited,0.06
TCD_handMocap_ExperimentDatabase_Talking01A_poses_120_jpos,screened,260,50.0,6,6,1.0,1.0,0.0,0.0,0.0,1.0,0,torque_limited,0.06
TCD_handMocap_ExperimentDatabase_TalkingC_poses_120_jpos,screened,250,50.0,5,5,1.0,1.0,0.0,0.0,0.0,1.0,0,torque_limited,0.06
TCD_handMocap_ExperimentDatabase_TypingA_poses_120_jpos,screened,250,50.0,5,5,1.0,1.0,0.0,0.0,0.0,1.0,0,torque_limited,0.06
TCD_handMocap_ExperimentDatabase_Walking02_B_poses_150_jpos,screened,200,50.0,4,4,1.0,1.0,0.0,0.0,0.0,1.0,0,torque_limited,0.06
TCD_handMocap_ExperimentDatabase_graspLumbrical001_1_poses_120_jpos,screened,250,50.0,5,5,1.0,1.0,0.0,0.0,0.0,1.0,0,torque_limited,0.06
Transitions_mocap_mazen_c3d_airkick_jumpingtwist360_poses_120_jpos,screened,355,50.0,8,2,0.25,0.3725,0.29014084507042254,0.29014084507042254,0.6563380281690141,0.29295774647887324,5,torque_limited,0.06
Transitions_mocap_mazen_c3d_airkick_turntwist180_poses_120_jpos,screened,400,50.0,8,4,0.5,0.645,0.105,0.105,0.355,0.645,1,torque_limited,0.06
Transitions_mocap_mazen_c3d_devishdance_longjump_poses_120_jpos,screened,511,50.0,11,4,0.36363636363636365,0.3981818181818182,0.33659491193737767,0.33659491193737767,0.6477495107632094,0.3522504892367906,12,torque_limited,0.06
Transitions_mocap_mazen_c3d_punchkarate_kick_poses_120_jpos,screened,428,50.0,9,2,0.2222222222222222,0.2866666666666667,0.3247663551401869,0.3247663551401869,0.75,0.25,7,torque_limited,0.06
Transitions_mocap_mazen_c3d_twistdance_walk_poses_120_jpos,screened,410,50.0,9,3,0.3333333333333333,0.37777777777777777,0.1024390243902439,0.1024390243902439,0.6780487804878049,0.3170731707317073,9,torque_limited,0.06
