clip,frames,fps,gap,airborne_frac,infeasible_frac,unsupported_impulse_Ns,unsupported_impulse_per_weight_s,torque_infeasible_frac,max_tau_ratio_p95,sim_infeasible_frac
ACCAD_Female1General_c3d_A15_-_skip_to_stand_poses_120_jpos,213,50.0,0.06,0.24413145539906103,0.15023474178403756,348.14,1.064398971939647,0.0,1.1819999999999982,0.15023474178403756
ACCAD_Female1General_c3d_A5_-_pick_up_box_poses_120_jpos,314,50.0,0.06,0.20382165605095542,0.20382165605095542,456.05400000000003,1.3943339137960695,0.0,0.7734999999999996,0.20382165605095542
ACCAD_Male1Running_c3d_Run_C24_-_quick_side_step_left_poses_120_jpos,148,50.0,0.06,0.3108108108108108,0.2905405405405405,365.49800000000005,1.117469108536787,0.0,0.6565000000000001,0.2905405405405405
ACCAD_Male1Walking_c3d_Walk_B23_-_Side_step_right_poses_120_jpos,179,50.0,0.06,0.0,0.0,21.524,0.065807213971474,0.0,0.5409999999999999,0.0
ACCAD_Male2MartialArtsKicks_c3d_G3_-_front_kick_poses_120_jpos,115,50.0,0.06,0.1565217391304348,0.1565217391304348,124.98800000000001,0.382136780332029,0.0,0.5259999999999999,0.1565217391304348
ACCAD_Male2MartialArtsStances_c3d_D15_-_switch_stance_poses_120_jpos,153,50.0,0.06,0.0,0.0,28.009999999999998,0.08563743093017037,0.0,0.39,0.0
ACCAD_Male2MartialArtsStances_c3d_D16_-_switch_stance_and_bounce_poses_120_jpos,245,50.0,0.06,0.0,0.0,20.608,0.06300664679075155,0.0,0.49,0.0
ACCAD_Male2MartialArtsStances_c3d_D5_-_ready_to_walk_away_poses_120_jpos,223,50.0,0.06,0.0,0.013452914798206279,46.67,0.14268828638025885,0.0,0.73,0.013452914798206279
ACCAD_Male2Running_c3d_C18_-_run_to_hop_to_walk_poses_120_jpos,226,50.0,0.06,0.10619469026548672,0.05309734513274336,203.198,0.6212550764065962,0.0,1.0175,0.05309734513274336
ACCAD_Male2Running_c3d_C24_-_quick_sidestep_left_poses_120_jpos,100,50.0,0.06,0.03,0.03,51.898,0.1586723095470897,0.0,0.5369999999999996,0.03
ACCAD_Male2Running_c3d_C4_-_run_to_walk_a_poses_120_jpos,193,50.0,0.06,0.08290155440414508,0.10880829015544041,248.84599999999998,0.7608187125044332,0.0,0.98,0.10880829015544041
ACCAD_Male2Running_c3d_C4_-_run_to_walk_poses_120_jpos,193,50.0,0.06,0.08290155440414508,0.10880829015544041,248.84599999999998,0.7608187125044332,0.0,0.98,0.10880829015544041
ACCAD_Male2Running_c3d_C5_-_walk_to_run_poses_120_jpos,178,50.0,0.06,0.2808988764044944,0.15168539325842698,352.88,1.0788909898835601,0.0,1.0530000000000002,0.15168539325842698
ACCAD_Male2Walking_c3d_B17_-__Walk_to_hop_to_walk_a_poses_120_jpos,275,50.0,0.06,0.08727272727272728,0.06909090909090909,207.048,0.6330260192513357,0.0,0.8430000000000001,0.06909090909090909
ACCAD_Male2Walking_c3d_B17_-__Walk_to_hop_to_walk_poses_120_jpos,275,50.0,0.06,0.08727272727272728,0.06909090909090909,206.94000000000003,0.6326958213741326,0.0,0.8430000000000001,0.06909090909090909
ACCAD_Male2Walking_c3d_B20_-__Walk_with_box_poses_120_jpos,322,50.0,0.06,0.17701863354037267,0.19254658385093168,511.94599999999997,1.56521743002417,0.0,0.84,0.19254658385093168
ACCAD_Male2Walking_c3d_B27_-__skip_to_walk_a_poses_120_jpos,228,50.0,0.06,0.11842105263157894,0.05263157894736842,203.05,0.6208025830193178,0.0,1.0364999999999998,0.06140350877192982
ACCAD_MartialArtsWalksTurns_c3d_E16_-_block_right_middle_poses_120_jpos,125,50.0,0.06,0.0,0.0,8.502,0.025993910666487267,0.0,0.44,0.0
ACCAD_MartialArtsWalksTurns_c3d_E17_-_block_middle_high_poses_120_jpos,127,50.0,0.06,0.0,0.0,9.546,0.029185823479450423,0.0,0.42399999999999977,0.0
ACCAD_MartialArtsWalksTurns_c3d_E1_-_Turn_around_right_poses_120_jpos,718,50.0,0.06,0.0,0.0,26.639999999999997,0.08144880971009419,0.0,0.43,0.0
ACCAD_MartialArtsWalksTurns_c3d_E2_-_Turn_around_left_poses_120_jpos,654,50.0,0.06,0.0,0.0,7.514000000000001,0.022973211567629423,0.0,0.39,0.0
ACCAD_MartialArtsWalksTurns_c3d_E3_-_advance_poses_120_jpos,318,50.0,0.06,0.0031446540880503146,0.0031446540880503146,113.28199999999998,0.34634699930851687,0.0,0.48,0.0031446540880503146
ACCAD_MartialArtsWalksTurns_c3d_E7_-_super_fast_advance_poses_120_jpos,212,50.0,0.06,0.27358490566037735,0.2688679245283019,448.96399999999994,1.3726570346352374,0.0,0.57,0.2688679245283019
ACCAD_s007_QkWalk1_poses_120_jpos,128,50.0,0.06,0.0,0.046875,175.90200000000002,0.5378006203312684,0.0,0.9829999999999998,0.046875
ACCAD_s011_walkdog_poses_120_jpos,815,50.0,0.06,0.05766871165644172,0.06257668711656442,723.99,2.2135181584839003,0.0,0.78,0.06257668711656442
BMLhandball_S02_Novice_Trial_upper_left_012_poses_120_jpos,338,50.0,0.06,0.0,0.0,83.424,0.25505951581287156,0.0,0.56,0.0
BMLhandball_S05_Novice_Trial_upper_left_061_poses_120_jpos,265,50.0,0.06,0.0,0.0,50.641999999999996,0.15483223053072787,0.0,0.54,0.0
BMLhandball_S05_Novice_Trial_upper_left_right_007_poses_120_jpos,347,50.0,0.06,0.06051873198847262,0.069164265129683,467.024,1.4278734574341978,0.0,0.78,0.069164265129683
BMLhandball_S05_Novice_Trial_upper_left_right_013_poses_120_jpos,345,50.0,0.06,0.0,0.008695652173913044,201.316,0.6155010726575572,0.0,0.7780000000000001,0.008695652173913044
BMLhandball_S06_Novice_Trial_upper_left_right_123_poses_120_jpos,543,50.0,0.06,0.05156537753222836,0.06445672191528545,394.06600000000003,1.2048125618325067,0.0,0.6389999999999998,0.06445672191528545
BMLhandball_S06_Novice_Trial_upper_right_217_poses_120_jpos,411,50.0,0.06,0.0,0.0267639902676399,231.808,0.7087269399878948,0.0,0.74,0.0267639902676399
BMLhandball_S07_Expert_Trial_upper_left_082_poses_120_jpos,441,50.0,0.06,0.011337868480725623,0.022675736961451247,223.794,0.6842250345443252,0.0,0.57,0.022675736961451247
BMLhandball_S07_Expert_Trial_upper_left_right_037_poses_120_jpos,666,50.0,0.06,0.0,0.012012012012012012,429.638,1.3135699589423968,0.0,0.71,0.012012012012012012
BMLhandball_S07_Expert_Trial_upper_right_180_poses_120_jpos,437,50.0,0.06,0.11212814645308924,0.12128146453089245,475.002,1.4522652969187,0.0,0.6719999999999999,0.12128146453089245
BMLhandball_S07_Expert_Trial_upper_right_210_poses_120_jpos,582,50.0,0.06,0.19072164948453607,0.19072164948453607,984.7660000000001,3.010811506868267,0.0,0.66,0.19072164948453607
BMLhandball_S08_Novice_Trial_upper_left_056_poses_120_jpos,668,50.0,0.06,0.0,0.0,62.019999999999996,0.18961918837162323,0.0,0.5464999999999998,0.0
BMLhandball_S08_Novice_Trial_upper_left_082_poses_120_jpos,648,50.0,0.06,0.013888888888888888,0.015432098765432098,260.224,0.7956056703453286,0.0,0.6,0.015432098765432098
BMLhandball_S08_Novice_Trial_upper_right_086_poses_120_jpos,679,50.0,0.06,0.005891016200294551,0.013254786450662739,116.36200000000001,0.35576375358430856,0.0,0.53,0.013254786450662739
BMLhandball_S08_Novice_Trial_upper_right_left_090_poses_120_jpos,664,50.0,0.06,0.03162650602409638,0.05120481927710843,320.364,0.9794769697434166,0.0,0.65,0.05120481927710843
BMLhandball_S09_Novice_Trial_upper_left_188_poses_120_jpos,440,50.0,0.06,0.0,0.011363636363636364,137.74,0.42112458894400806,0.0,0.53,0.011363636363636364
BMLhandball_S09_Novice_Trial_upper_left_209_poses_120_jpos,415,50.0,0.06,0.0,0.012048192771084338,133.018,0.4066876039796287,0.0,0.65,0.012048192771084338
BMLhandball_S09_Novice_Trial_upper_left_219_poses_120_jpos,420,50.0,0.06,0.0,0.01904761904761905,122.49200000000002,0.3745055405033355,0.0,0.57,0.01904761904761905
BMLhandball_S09_Novice_Trial_upper_left_right_087_poses_120_jpos,523,50.0,0.06,0.05162523900573614,0.08221797323135756,853.278,2.608801706149015,0.0,0.5989999999999998,0.08221797323135756
BMLhandball_S09_Novice_Trial_upper_right_left_118_poses_120_jpos,464,50.0,0.06,0.05818965517241379,0.07543103448275862,688.032,2.103580609701784,0.0,0.59,0.07543103448275862
BMLhandball_S09_Novice_Trial_upper_right_left_176_poses_120_jpos,588,50.0,0.06,0.006802721088435374,0.013605442176870748,414.906,1.2685285225816945,0.0,0.56,0.013605442176870748
BMLhandball_S09_Novice_Trial_upper_right_left_181_poses_120_jpos,456,50.0,0.06,0.0,0.0,112.03,0.3425191498431626,0.0,0.52,0.0
BMLhandball_S09_Novice_Trial_upper_right_left_234_poses_120_jpos,492,50.0,0.06,0.0,0.0,76.688,0.23446495191620512,0.0,0.6,0.0
BMLmovi_Subject_11_F_MoSh_Subject_11_F_11_poses_120_jpos,230,50.0,0.06,0.0,0.0,76.36000000000001,0.23346212873358832,0.0,0.84,0.0
BMLmovi_Subject_13_F_MoSh_Subject_13_F_3_poses_120_jpos,457,50.0,0.06,0.0,0.0,104.352,0.31904452668422484,0.0,0.84,0.0
BMLmovi_Subject_13_F_MoSh_Subject_13_F_9_poses_120_jpos,380,50.0,0.06,0.0,0.0,35.044,0.10714309637689717,0.0,0.68,0.0
BMLmovi_Subject_15_F_MoSh_Subject_15_F_14_poses_120_jpos,400,50.0,0.06,0.1925,0.0775,462.13,1.412910601776495,0.0,0.8304999999999995,0.0775
BMLmovi_Subject_15_F_MoSh_Subject_15_F_16_poses_120_jpos,452,50.0,0.06,0.0,0.0,61.19800000000001,0.18710601563957752,0.0,0.74,0.0
BMLmovi_Subject_17_F_MoSh_Subject_17_F_10_poses_120_jpos,115,50.0,0.06,0.0,0.0,9.696,0.02964443164223248,0.0,0.43,0.0
BMLmovi_Subject_17_F_MoSh_Subject_17_F_14_poses_120_jpos,342,50.0,0.06,0.34502923976608185,0.34502923976608185,852.014,2.604937168030638,0.0,0.5694999999999999,0.34502923976608185
BMLmovi_Subject_17_F_MoSh_Subject_17_F_20_poses_120_jpos,170,50.0,0.06,0.0,0.0,0.136,0.0004158047342557361,0.0,0.42,0.0
BMLmovi_Subject_18_F_MoSh_Subject_18_F_17_poses_120_jpos,174,50.0,0.06,0.0,0.0,7.167999999999999,0.021915355405478797,0.0,0.34349999999999997,0.0
BMLmovi_Subject_18_F_MoSh_Subject_18_F_1_poses_120_jpos,277,50.0,0.06,0.0,0.0,38.008,0.11620519367347074,0.0,0.83,0.0
BMLmovi_Subject_18_F_MoSh_Subject_18_F_3_poses_120_jpos,157,50.0,0.06,0.0,0.0,8.062000000000001,0.024648660055659882,0.0,0.33,0.0
BMLmovi_Subject_1_F_MoSh_Subject_1_F_13_poses_120_jpos,285,50.0,0.06,0.10877192982456141,0.10877192982456141,233.37400000000002,0.7135148092073395,0.0,0.67,0.10877192982456141
BMLmovi_Subject_20_F_MoSh_Subject_20_F_17_poses_120_jpos,97,50.0,0.06,0.0,0.0,3.6420000000000003,0.011135006192348463,0.0,0.43999999999999945,0.0
BMLmovi_Subject_20_F_MoSh_Subject_20_F_7_poses_120_jpos,145,50.0,0.06,0.0,0.0,0.524,0.0016020711819853361,0.0,0.37799999999999984,0.0
BMLmovi_Subject_20_F_MoSh_Subject_20_F_8_poses_120_jpos,192,50.0,0.06,0.020833333333333332,0.0,52.648,0.16096535036099996,0.0,0.7844999999999999,0.0
BMLmovi_Subject_22_F_MoSh_Subject_22_F_10_poses_120_jpos,127,50.0,0.06,0.0,0.0,0.0,0.0,0.0,0.55,0.0
BMLmovi_Subject_22_F_MoSh_Subject_22_F_12_poses_120_jpos,169,50.0,0.06,0.0,0.0,0.0,0.0,0.0,0.57,0.0
BMLmovi_Subject_22_F_MoSh_Subject_22_F_1_poses_120_jpos,487,50.0,0.06,0.03490759753593429,0.03490759753593429,285.22800000000007,0.8720525936933463,0.0,0.64,0.03490759753593429
BMLmovi_Subject_22_F_MoSh_Subject_22_F_2_poses_120_jpos,150,50.0,0.06,0.0,0.0,12.39,0.03788103424579831,0.0,0.62,0.0
BMLmovi_Subject_24_F_MoSh_Subject_24_F_12_poses_120_jpos,245,50.0,0.06,0.0163265306122449,0.08163265306122448,234.92000000000002,0.7182415306717467,0.0,0.8459999999999996,0.08163265306122448
BMLmovi_Subject_24_F_MoSh_Subject_24_F_2_poses_120_jpos,144,50.0,0.06,0.2152777777777778,0.034722222222222224,142.98399999999998,0.4371575303148689,0.0,1.05,0.034722222222222224
BMLmovi_Subject_27_F_MoSh_Subject_27_F_11_poses_120_jpos,390,50.0,0.06,0.03076923076923077,0.028205128205128206,158.21,0.48370931622500013,0.0,1.06,0.028205128205128206
BMLmovi_Subject_27_F_MoSh_Subject_27_F_17_poses_120_jpos,494,50.0,0.06,0.0,0.0,30.726000000000003,0.09394129606427756,0.0,0.63,0.0
BMLmovi_Subject_27_F_MoSh_Subject_27_F_19_poses_120_jpos,209,50.0,0.06,0.0,0.0,0.004,1.2229551007521652e-05,0.0,0.45,0.0
BMLmovi_Subject_27_F_MoSh_Subject_27_F_5_poses_120_jpos,529,50.0,0.06,0.19659735349716445,0.20793950850661624,765.164,2.339403041779824,0.0,4.277999999999999,0.20793950850661624
BMLmovi_Subject_29_F_MoSh_Subject_29_F_21_poses_120_jpos,272,50.0,0.06,0.0,0.0,42.932,0.13125977096372987,0.0,0.45,0.0
BMLmovi_Subject_30_F_MoSh_Subject_30_F_5_poses_120_jpos,189,50.0,0.06,0.0,0.0,0.126,0.000385230856736932,0.0,0.26,0.0
BMLmovi_Subject_31_F_MoSh_Subject_31_F_21_poses_120_jpos,289,50.0,0.06,0.02422145328719723,0.006920415224913495,110.572,0.338061478500921,0.0,0.8819999999999993,0.006920415224913495
BMLmovi_Subject_31_F_MoSh_Subject_31_F_4_poses_120_jpos,177,50.0,0.06,0.0,0.0,46.26,0.1414347574019879,0.0,0.6639999999999998,0.0
BMLmovi_Subject_31_F_MoSh_Subject_31_F_8_poses_120_jpos,277,50.0,0.06,0.08664259927797834,0.0,60.233999999999995,0.18415869384676478,0.0,0.63,0.0
BMLmovi_Subject_32_F_MoSh_Subject_32_F_19_poses_120_jpos,285,50.0,0.06,0.0,0.0,66.828,0.20431910868266423,0.0,0.58,0.0
BMLmovi_Subject_32_F_MoSh_Subject_32_F_4_poses_120_jpos,369,50.0,0.06,0.2086720867208672,0.23577235772357724,746.1700000000001,2.281331018820608,0.01084010840108401,0.94,0.23577235772357724
BMLmovi_Subject_32_F_MoSh_Subject_32_F_7_poses_120_jpos,237,50.0,0.06,0.29535864978902954,0.0,129.502,0.3959378286440172,0.0,1.203999999999999,0.0
BMLmovi_Subject_32_F_MoSh_Subject_32_F_9_poses_120_jpos,177,50.0,0.06,0.0,0.0,14.02,0.042864576281363385,0.0,0.6019999999999999,0.0
BMLmovi_Subject_34_F_MoSh_Subject_34_F_20_poses_120_jpos,284,50.0,0.06,0.0,0.0,10.632,0.03250614657799255,0.0,0.68,0.0
BMLmovi_Subject_34_F_MoSh_Subject_34_F_9_poses_120_jpos,349,50.0,0.06,0.04011461318051576,0.025787965616045846,128.12400000000002,0.39172474832192594,0.0,1.0,0.025787965616045846
BMLmovi_Subject_36_F_MoSh_Subject_36_F_11_poses_120_jpos,249,50.0,0.06,0.0,0.0,24.875999999999998,0.07605557771577715,0.0,0.38,0.0
BMLmovi_Subject_36_F_MoSh_Subject_36_F_12_poses_120_jpos,492,50.0,0.06,0.0,0.0,24.956000000000003,0.07630016873592758,0.0,0.5289999999999998,0.0
BMLmovi_Subject_36_F_MoSh_Subject_36_F_21_poses_120_jpos,217,50.0,0.06,0.0,0.0,43.332,0.13248272606448205,0.0,0.6039999999999998,0.0
BMLmovi_Subject_39_F_MoSh_Subject_39_F_14_poses_120_jpos,160,50.0,0.06,0.0,0.0,50.948,0.15576779118280326,0.0,0.65,0.0
BMLmovi_Subject_39_F_MoSh_Subject_39_F_17_poses_120_jpos,207,50.0,0.06,0.0,0.0,0.0,0.0,0.0,0.47699999999999987,0.0
BMLmovi_Subject_39_F_MoSh_Subject_39_F_18_poses_120_jpos,294,50.0,0.06,0.0,0.0,71.18199999999999,0.21763097495435152,0.0,0.73,0.0
BMLmovi_Subject_39_F_MoSh_Subject_39_F_20_poses_120_jpos,209,50.0,0.06,0.0,0.0,3.3400000000000003,0.010211675091280577,0.0,0.45,0.0
BMLmovi_Subject_39_F_MoSh_Subject_39_F_6_poses_120_jpos,229,50.0,0.06,0.0,0.0,41.61,0.12721790435574398,0.0,0.8319999999999999,0.0
BMLmovi_Subject_3_F_MoSh_Subject_3_F_10_poses_120_jpos,164,50.0,0.06,0.0,0.0,2.816,0.008609603909295242,0.0,0.32,0.0
BMLmovi_Subject_3_F_MoSh_Subject_3_F_18_poses_120_jpos,224,50.0,0.06,0.049107142857142856,0.0,130.92200000000003,0.4002793192516874,0.0,1.1284999999999998,0.0
BMLmovi_Subject_3_F_MoSh_Subject_3_F_20_poses_120_jpos,149,50.0,0.06,0.08053691275167785,0.08053691275167785,132.18599999999998,0.40414385737006425,0.0,0.77,0.08053691275167785
BMLmovi_Subject_3_F_MoSh_Subject_3_F_6_poses_120_jpos,137,50.0,0.06,0.10948905109489052,0.0,70.878,0.2167015290777799,0.0,1.0239999999999998,0.0
BMLmovi_Subject_3_F_MoSh_Subject_3_F_7_poses_120_jpos,224,50.0,0.06,0.16071428571428573,0.16071428571428573,288.624,0.8824354824987323,0.0,0.7284999999999999,0.16071428571428573
BMLmovi_Subject_41_F_MoSh_Subject_41_F_16_poses_120_jpos,185,50.0,0.06,0.24864864864864866,0.15675675675675677,308.416,0.9429473008839493,0.0,0.9179999999999998,0.15675675675675677
BMLmovi_Subject_41_F_MoSh_Subject_41_F_17_poses_120_jpos,129,50.0,0.06,0.3875968992248062,0.3875968992248062,321.97399999999993,0.984399364023944,0.0,0.39599999999999996,0.3875968992248062
BMLmovi_Subject_41_F_MoSh_Subject_41_F_2_poses_120_jpos,409,50.0,0.06,0.0,0.0,12.042000000000002,0.036817063308143924,0.0,0.35,0.0
BMLmovi_Subject_41_F_MoSh_Subject_41_F_5_poses_120_jpos,182,50.0,0.06,0.0,0.0,3.098,0.009471787255325517,0.0,0.42,0.0
BMLmovi_Subject_45_F_MoSh_Subject_45_F_19_poses_120_jpos,185,50.0,0.06,0.14054054054054055,0.005405405405405406,81.134,0.24805809786106542,0.0,0.8359999999999996,0.005405405405405406
BMLmovi_Subject_45_F_MoSh_Subject_45_F_5_poses_120_jpos,167,50.0,0.06,0.0,0.0,35.152,0.10747329425410027,0.0,1.0,0.0
BMLmovi_Subject_47_F_MoSh_Subject_47_F_10_poses_120_jpos,397,50.0,0.06,0.005037783375314861,0.005037783375314861,114.256,0.34932489497884844,0.0,0.93,0.005037783375314861
BMLmovi_Subject_47_F_MoSh_Subject_47_F_8_poses_120_jpos,465,50.0,0.06,0.015053763440860216,0.0,105.124,0.3214048300286765,0.0,0.62,0.0
BMLmovi_Subject_48_F_MoSh_Subject_48_F_11_poses_120_jpos,232,50.0,0.06,0.0,0.0,0.0,0.0,0.0,0.52,0.0
BMLmovi_Subject_48_F_MoSh_Subject_48_F_16_poses_120_jpos,522,50.0,0.06,0.18582375478927204,0.19923371647509577,801.8520000000001,2.4515724836208124,0.0,2.5294999999999996,0.19923371647509577
BMLmovi_Subject_48_F_MoSh_Subject_48_F_18_poses_120_jpos,515,50.0,0.06,0.0,0.0,145.902,0.446078987774856,0.0,0.62,0.0
BMLmovi_Subject_51_F_MoSh_Subject_51_F_17_poses_120_jpos,389,50.0,0.06,0.0,0.0,58.84,0.17989669532064348,0.0,1.03,0.0
BMLmovi_Subject_51_F_MoSh_Subject_51_F_5_poses_120_jpos,285,50.0,0.06,0.21052631578947367,0.21052631578947367,430.48199999999997,1.316150394204984,0.0,0.7780000000000001,0.21052631578947367
BMLmovi_Subject_51_F_MoSh_Subject_51_F_9_poses_120_jpos,197,50.0,0.06,0.0,0.0,3.7720000000000002,0.011532466600092918,0.0,0.56,0.0
BMLmovi_Subject_53_F_MoSh_Subject_53_F_20_poses_120_jpos,435,50.0,0.06,0.1724137931034483,0.15632183908045977,650.8699999999999,1.9899619660664043,0.0,1.0,0.15632183908045977
BMLmovi_Subject_53_F_MoSh_Subject_53_F_3_poses_120_jpos,259,50.0,0.06,0.019305019305019305,0.019305019305019305,91.69,0.28033188296991507,0.0,0.72,0.019305019305019305
BMLmovi_Subject_55_F_MoSh_Subject_55_F_10_poses_120_jpos,182,50.0,0.06,0.0,0.0,0.8600000000000001,0.002629353466617155,0.0,0.28949999999999987,0.0
BMLmovi_Subject_55_F_MoSh_Subject_55_F_13_poses_120_jpos,207,50.0,0.06,0.0,0.0,1.4000000000000001,0.004280342852632578,0.0,0.34399999999999975,0.0
BMLmovi_Subject_55_F_MoSh_Subject_55_F_21_poses_120_jpos,414,50.0,0.06,0.0,0.0,27.148000000000003,0.08300196268804945,0.0,0.69,0.0
BMLmovi_Subject_55_F_MoSh_Subject_55_F_3_poses_120_jpos,182,50.0,0.06,0.0,0.0,0.562,0.0017182519165567921,0.0,0.3,0.0
BMLmovi_Subject_57_F_MoSh_Subject_57_F_14_poses_120_jpos,577,50.0,0.06,0.0,0.0,45.2,0.13819392638499467,0.0,0.63,0.0
BMLmovi_Subject_57_F_MoSh_Subject_57_F_6_poses_120_jpos,300,50.0,0.06,0.0,0.0,3.24,0.009905936316092538,0.0,0.49,0.0
BMLmovi_Subject_58_F_MoSh_Subject_58_F_1_poses_120_jpos,272,50.0,0.06,0.022058823529411766,0.011029411764705883,127.952,0.39119887762860256,0.003676470588235294,0.9089999999999998,0.011029411764705883
BMLmovi_Subject_58_F_MoSh_Subject_58_F_3_poses_120_jpos,475,50.0,0.06,0.0,0.0,57.626000000000005,0.17618502658986065,0.0,0.6829999999999996,0.0
BMLmovi_Subject_5_F_MoSh_Subject_5_F_10_poses_120_jpos,149,50.0,0.06,0.0,0.0,0.0,0.0,0.0,0.566,0.0
BMLmovi_Subject_5_F_MoSh_Subject_5_F_12_poses_120_jpos,230,50.0,0.06,0.0,0.0,94.504,0.2889353721037065,0.0,0.91,0.0
BMLmovi_Subject_5_F_MoSh_Subject_5_F_6_poses_120_jpos,175,50.0,0.06,0.24,0.0,142.25799999999998,0.43493786680700375,0.005714285714285714,0.9589999999999994,0.0
BMLmovi_Subject_5_F_MoSh_Subject_5_F_9_poses_120_jpos,119,50.0,0.06,0.0,0.0,0.0,0.0,0.0,0.48,0.0
BMLmovi_Subject_62_F_MoSh_Subject_62_F_3_poses_120_jpos,240,50.0,0.06,0.18333333333333332,0.1,234.272,0.7162603434085282,0.0,1.13,0.1
BMLmovi_Subject_62_F_MoSh_Subject_62_F_7_poses_120_jpos,197,50.0,0.06,0.0,0.0,3.282,0.010034346601671516,0.0,0.4419999999999999,0.0
BMLmovi_Subject_62_F_MoSh_Subject_62_F_8_poses_120_jpos,197,50.0,0.06,0.0,0.0,5.704,0.017439339736725873,0.0,0.35199999999999987,0.0
BMLmovi_Subject_64_F_MoSh_Subject_64_F_13_poses_120_jpos,194,50.0,0.06,0.0,0.0,3.912,0.011960500885356176,0.0,0.24,0.0
BMLmovi_Subject_64_F_MoSh_Subject_64_F_14_poses_120_jpos,197,50.0,0.06,0.0,0.0,0.0,0.0,0.0,0.25,0.0
BMLmovi_Subject_64_F_MoSh_Subject_64_F_19_poses_120_jpos,200,50.0,0.06,0.0,0.0,1.238,0.0037850460368279507,0.0,0.39,0.0
BMLmovi_Subject_64_F_MoSh_Subject_64_F_9_poses_120_jpos,499,50.0,0.06,0.12424849699398798,0.13026052104208416,460.198,1.4070037286398622,0.0,3.350999999999996,0.13026052104208416
BMLmovi_Subject_67_F_MoSh_Subject_67_F_17_poses_120_jpos,215,50.0,0.06,0.0,0.0,0.16599999999999998,0.0005075263668121486,0.0,0.2929999999999998,0.0
BMLmovi_Subject_67_F_MoSh_Subject_67_F_21_poses_120_jpos,562,50.0,0.06,0.0,0.0,58.766000000000005,0.17967044862700435,0.0,0.61,0.0
BMLmovi_Subject_69_F_MoSh_Subject_69_F_18_poses_120_jpos,405,50.0,0.06,0.0,0.0,15.698,0.047994872929018724,0.0,0.57,0.0
BMLmovi_Subject_69_F_MoSh_Subject_69_F_1_poses_120_jpos,722,50.0,0.06,0.018005540166204988,0.018005540166204988,139.65800000000002,0.42698865865211466,0.0,0.5494999999999993,0.018005540166204988
BMLmovi_Subject_6_F_MoSh_Subject_6_F_13_poses_120_jpos,149,50.0,0.06,0.3959731543624161,0.006711409395973154,81.40800000000002,0.24889582210508063,0.0,1.3759999999999997,0.006711409395973154
BMLmovi_Subject_6_F_MoSh_Subject_6_F_19_poses_120_jpos,345,50.0,0.06,0.0,0.0,95.19,0.2910327401014965,0.0,1.1860000000000002,0.0
BMLmovi_Subject_6_F_MoSh_Subject_6_F_2_poses_120_jpos,119,50.0,0.06,0.03361344537815126,0.0,11.504,0.035172188697632265,0.0,0.43299999999999983,0.0
BMLmovi_Subject_70_F_MoSh_Subject_70_F_19_poses_120_jpos,127,50.0,0.06,0.0,0.0,0.0,0.0,0.0,0.28699999999999987,0.0
BMLmovi_Subject_70_F_MoSh_Subject_70_F_3_poses_120_jpos,187,50.0,0.06,0.03208556149732621,0.0,72.744,0.22240661462278877,0.0,0.9969999999999999,0.0
BMLmovi_Subject_71_F_MoSh_Subject_71_F_13_poses_120_jpos,179,50.0,0.06,0.0,0.0,2.724,0.008328324236122245,0.0,0.3,0.0
BMLmovi_Subject_72_F_MoSh_Subject_72_F_15_poses_120_jpos,204,50.0,0.06,0.0,0.0,9.426,0.02881893694922477,0.0,0.54,0.0
BMLmovi_Subject_72_F_MoSh_Subject_72_F_16_poses_120_jpos,424,50.0,0.06,0.20047169811320756,0.18160377358490565,588.7560000000001,1.8000553832461044,0.0,0.7884999999999996,0.18160377358490565
BMLmovi_Subject_72_F_MoSh_Subject_72_F_17_poses_120_jpos,172,50.0,0.06,0.0,0.0,2.644,0.00808373321597181,0.0,0.5,0.0
BMLmovi_Subject_72_F_MoSh_Subject_72_F_5_poses_120_jpos,319,50.0,0.06,0.02821316614420063,0.02821316614420063,94.62,0.2892900290829246,0.0,0.66,0.02821316614420063
BMLmovi_Subject_72_F_MoSh_Subject_72_F_6_poses_120_jpos,237,50.0,0.06,0.1350210970464135,0.1350210970464135,219.13599999999997,0.6699837223960662,0.0,0.5739999999999997,0.1350210970464135
BMLmovi_Subject_74_F_MoSh_Subject_74_F_11_poses_120_jpos,229,50.0,0.06,0.0,0.0,0.068,0.00020790236712786805,0.0,0.45,0.0
BMLmovi_Subject_74_F_MoSh_Subject_74_F_20_poses_120_jpos,412,50.0,0.06,0.0825242718446602,0.07766990291262135,345.174,1.0553307598675696,0.0,0.95,0.07766990291262135
BMLmovi_Subject_74_F_MoSh_Subject_74_F_5_poses_120_jpos,299,50.0,0.06,0.4180602006688963,0.4180602006688963,880.934,2.6933568218150197,0.0,0.7309999999999997,0.4180602006688963
BMLmovi_Subject_76_F_MoSh_Subject_76_F_10_poses_120_jpos,444,50.0,0.06,0.0,0.0,7.432,0.022722505771975227,0.0,0.45,0.0
BMLmovi_Subject_76_F_MoSh_Subject_76_F_7_poses_120_jpos,204,50.0,0.06,0.0,0.0,1.044,0.003191912812963151,0.0,0.28,0.0
BMLmovi_Subject_79_F_MoSh_Subject_79_F_10_poses_120_jpos,199,50.0,0.06,0.0,0.0,0.008,2.4459102015043305e-05,0.0,0.3219999999999999,0.0
BMLmovi_Subject_79_F_MoSh_Subject_79_F_15_poses_120_jpos,214,50.0,0.06,0.0,0.0,2.222,0.006793515584678276,0.0,0.34349999999999997,0.0
BMLmovi_Subject_81_F_MoSh_Subject_81_F_15_poses_120_jpos,194,50.0,0.06,0.0,0.0,27.251999999999995,0.08331993101424502,0.0,1.05,0.0
BMLmovi_Subject_81_F_MoSh_Subject_81_F_20_poses_120_jpos,322,50.0,0.06,0.0,0.0,22.71,0.06943327584520417,0.0,0.46,0.0
BMLmovi_Subject_83_F_MoSh_Subject_83_F_19_poses_120_jpos,269,50.0,0.06,0.007434944237918215,0.007434944237918215,93.274,0.2851747851688936,0.0,0.6,0.007434944237918215
BMLmovi_Subject_83_F_MoSh_Subject_83_F_21_poses_120_jpos,190,50.0,0.06,0.0,0.0,0.0,0.0,0.0,0.46,0.0
BMLmovi_Subject_85_F_MoSh_Subject_85_F_10_poses_120_jpos,219,50.0,0.06,0.0,0.0,52.346000000000004,0.1600420192599321,0.0,1.021,0.0
BMLmovi_Subject_85_F_MoSh_Subject_85_F_4_poses_120_jpos,347,50.0,0.06,0.0,0.0,11.556000000000001,0.03533117286073005,0.0,0.53,0.0
BMLmovi_Subject_85_F_MoSh_Subject_85_F_7_poses_120_jpos,182,50.0,0.06,0.0,0.0,3.814,0.011660876885671894,0.0,0.3794999999999999,0.0
BMLmovi_Subject_88_F_MoSh_Subject_88_F_17_poses_120_jpos,174,50.0,0.06,0.0,0.0,1.586,0.0048490169744823345,0.0,0.44349999999999995,0.0
BMLmovi_Subject_8_F_MoSh_Subject_8_F_15_poses_120_jpos,197,50.0,0.06,0.01015228426395939,0.0,47.206,0.14432704621526676,0.0,1.1439999999999997,0.0
BMLmovi_Subject_8_F_MoSh_Subject_8_F_8_poses_120_jpos,220,50.0,0.06,0.0,0.0,29.472,0.09010733182341951,0.0,0.5204999999999999,0.0
CMU_02_02_08_poses_120_jpos,625,50.0,0.06,0.1168,0.1168,835.964,2.5558660946129574,0.0,0.62,0.1168
CMU_06_06_01_poses_120_jpos,206,50.0,0.06,0.0,0.0,29.107999999999997,0.08899444268173505,0.0,0.71,0.0
CMU_06_06_14_poses_120_jpos,200,50.0,0.06,0.0,0.0,42.152,0.1288750085172632,0.0,0.8704999999999998,0.0
CMU_07_07_01_poses_120_jpos,132,50.0,0.06,0.12121212121212122,0.15151515151515152,177.658,0.5431693932235704,0.0,0.7944999999999999,0.15151515151515152
CMU_102_102_20_poses_120_jpos,253,50.0,0.06,0.3201581027667984,0.30434782608695654,693.472,2.1202127990720134,0.0,0.8339999999999997,0.30434782608695654
CMU_102_102_29_poses_120_jpos,333,50.0,0.06,0.2882882882882883,0.3213213213213213,765.2320000000001,2.339610944146952,0.006006006006006006,0.8039999999999998,0.3213213213213213
CMU_105_105_06_poses_120_jpos,57,50.0,0.06,0.0,0.0,0.6960000000000001,0.0021279418753087673,0.0,0.27,0.0
CMU_105_105_11_poses_120_jpos,776,50.0,0.06,0.002577319587628866,0.002577319587628866,166.9,0.5102780157888409,0.0,0.74,0.002577319587628866
CMU_105_105_21_poses_120_jpos,1613,50.0,0.06,0.0,0.0,75.05199999999999,0.22946306555412874,0.0,0.58,0.0
CMU_105_105_35_poses_120_jpos,1272,50.0,0.06,0.0,0.0,111.48400000000001,0.3408498161306359,0.0,0.68,0.0
CMU_106_106_04_poses_60_jpos,455,50.0,0.06,0.1824175824175824,0.10989010989010989,667.558,2.0409836528697847,0.024175824175824177,0.85,0.10989010989010989
CMU_106_106_11_poses_60_jpos,571,50.0,0.06,0.01926444833625219,0.01926444833625219,181.07800000000003,0.5536256593350014,0.0,0.735,0.01926444833625219
CMU_106_106_13_poses_60_jpos,306,50.0,0.06,0.0,0.0,76.264,0.23316861950940782,0.0,0.54,0.0
CMU_107_107_01_poses_60_jpos,442,50.0,0.06,0.0,0.0,12.437999999999999,0.03802778885788857,0.0,0.55,0.0
CMU_108_108_11_poses_120_jpos,102,50.0,0.06,0.0784313725490196,0.09803921568627451,95.84,0.2930200421402187,0.0,0.8984999999999996,0.09803921568627451
CMU_108_108_13_poses_120_jpos,65,50.0,0.06,0.06153846153846154,0.12307692307692308,85.17,0.2603977148276548,0.0,1.208,0.12307692307692308
CMU_108_108_15_poses_120_jpos,148,50.0,0.06,0.18243243243243243,0.07432432432432433,187.01599999999996,0.5717804278056673,0.0,1.1165000000000003,0.07432432432432433
CMU_108_108_16_poses_120_jpos,147,50.0,0.06,0.16326530612244897,0.06802721088435375,162.92999999999998,0.4981401864138756,0.006802721088435374,1.1439999999999997,0.06802721088435375
CMU_108_108_18_poses_120_jpos,103,50.0,0.06,0.1941747572815534,0.14563106796116504,190.04,0.5810259683673537,0.0,1.168999999999999,0.14563106796116504
CMU_108_108_20_poses_120_jpos,116,50.0,0.06,0.12931034482758622,0.05172413793103448,116.084,0.3549137997892859,0.0,1.165,0.05172413793103448
CMU_108_108_24_poses_120_jpos,221,50.0,0.06,0.24434389140271492,0.28054298642533937,429.61599999999993,1.3135026964118555,0.0,0.86,0.28054298642533937
CMU_111_111_37_poses_120_jpos,135,50.0,0.06,0.0,0.0,0.0,0.0,0.0,0.3,0.0
CMU_114_114_01_poses_120_jpos,134,50.0,0.06,0.0,0.0,0.0,0.0,0.0,0.21,0.0
CMU_114_114_04_poses_120_jpos,373,50.0,0.06,0.2359249329758713,0.2359249329758713,624.7240000000002,1.910023505905739,0.0,0.61,0.2359249329758713
CMU_114_114_06_poses_120_jpos,426,50.0,0.06,0.3967136150234742,0.4154929577464789,1168.084,3.57128571476748,0.0,0.525,0.4154929577464789
CMU_114_114_09_poses_120_jpos,949,50.0,0.06,0.41938883034773444,0.41938883034773444,2734.9179999999997,8.361704795597277,0.0,0.6359999999999991,0.41938883034773444
CMU_114_114_13_poses_120_jpos,1305,50.0,0.06,0.0,0.0,159.07000000000002,0.4863386696916173,0.0,0.63,0.0
CMU_115_115_06_poses_60_jpos,297,50.0,0.06,0.2053872053872054,0.2053872053872054,460.72400000000005,1.4086119145973512,0.0,0.52,0.2053872053872054
CMU_118_118_10_poses_120_jpos,218,50.0,0.06,0.06422018348623854,0.009174311926605505,44.864000000000004,0.13716664410036283,0.0,0.49149999999999977,0.009174311926605505
CMU_118_118_19_poses_120_jpos,255,50.0,0.06,0.07450980392156863,0.03137254901960784,113.118,0.3458455877172085,0.0,0.4819999999999993,0.03137254901960784
CMU_120_120_07_poses_120_jpos,464,50.0,0.06,0.23922413793103448,0.17672413793103448,769.154,2.351602018909827,0.0,0.5684999999999997,0.17672413793103448
CMU_120_120_21_poses_120_jpos,1297,50.0,0.06,0.2413261372397841,0.2413261372397841,2468.212,7.546281137844256,0.0,0.41,0.2413261372397841
CMU_122_122_01_poses_120_jpos,264,50.0,0.06,0.14393939393939395,0.21212121212121213,459.668,1.4053833131313656,0.0,0.43,0.21212121212121213
CMU_122_122_03_poses_120_jpos,279,50.0,0.06,0.3225806451612903,0.3333333333333333,646.674,1.977133167059514,0.0,0.4439999999999986,0.3333333333333333
CMU_122_122_09_poses_120_jpos,188,50.0,0.06,0.3723404255319149,0.3723404255319149,484.872,1.4824417140297594,0.0,0.39950000000000013,0.3723404255319149
CMU_122_122_15_poses_120_jpos,218,50.0,0.06,0.4954128440366973,0.4954128440366973,720.2239999999999,2.2020040362103184,0.0,0.35,0.4954128440366973
CMU_122_122_34_poses_120_jpos,403,50.0,0.06,0.4317617866004963,0.4317617866004963,1148.846,3.5124676891968045,0.0,0.6089999999999998,0.4317617866004963
CMU_122_122_44_poses_120_jpos,275,50.0,0.06,0.0,0.0,12.932,0.0395381384073175,0.0,0.42,0.0
CMU_122_122_48_poses_120_jpos,185,50.0,0.06,0.06486486486486487,0.005405405405405406,52.839999999999996,0.161552368809361,0.0,0.7059999999999996,0.005405405405405406
CMU_122_122_55_poses_120_jpos,307,50.0,0.06,0.026058631921824105,0.029315960912052116,101.07799999999999,0.30903463918456836,0.0,0.35,0.029315960912052116
CMU_123_123_10_poses_120_jpos,333,50.0,0.06,0.0,0.0,25.534,0.07806733885651446,0.0,0.63,0.0
CMU_127_127_10_poses_120_jpos,70,50.0,0.06,0.2,0.2571428571428571,173.602,0.5307686285019433,0.0,1.0549999999999997,0.2571428571428571
CMU_127_127_13_poses_120_jpos,77,50.0,0.06,0.22077922077922077,0.23376623376623376,192.33799999999997,0.5880518454211748,0.0,1.072,0.23376623376623376
CMU_127_127_15_poses_120_jpos,68,50.0,0.06,0.36764705882352944,0.38235294117647056,240.782,0.7361639376732696,0.0,1.186,0.38235294117647056
CMU_127_127_16_poses_120_jpos,108,50.0,0.06,0.23148148148148148,0.2222222222222222,238.396,0.7288690104972828,0.0,0.7929999999999998,0.2222222222222222
CMU_12_12_02_poses_120_jpos,280,50.0,0.06,0.017857142857142856,0.017857142857142856,108.71600000000001,0.33238696683343094,0.0,0.8105000000000001,0.017857142857142856
CMU_131_131_01_poses_120_jpos,414,50.0,0.06,0.20048309178743962,0.2584541062801932,927.124,2.834577562074376,0.0,0.61,0.2584541062801932
CMU_131_131_12_poses_120_jpos,320,50.0,0.06,0.1625,0.165625,526.6479999999999,1.6101671447523158,0.0,0.5605000000000001,0.165625
CMU_132_132_10_poses_120_jpos,677,50.0,0.06,0.0,0.0,49.962,0.1527532068594492,0.0,0.52,0.0
CMU_132_132_19_poses_120_jpos,113,50.0,0.06,0.0,0.0,30.292,0.09261438977996145,0.0,0.8059999999999997,0.0
CMU_132_132_22_poses_120_jpos,155,50.0,0.06,0.0,0.01935483870967742,39.782000000000004,0.12162899954530658,0.0,0.82,0.01935483870967742
CMU_132_132_43_poses_120_jpos,335,50.0,0.06,0.0,0.0,46.902,0.1433976003386951,0.0,0.6060000000000002,0.0
CMU_132_132_46_poses_120_jpos,510,50.0,0.06,0.0,0.0,30.590000000000003,0.09352549133002183,0.0,0.52,0.0
CMU_132_132_47_poses_120_jpos,629,50.0,0.06,0.0,0.0,41.980000000000004,0.12834913782393972,0.0,0.59,0.0
CMU_132_132_53_poses_120_jpos,2709,50.0,0.06,0.15725359911406422,0.2517534145441122,4419.552,13.512284153598582,0.0,0.6,0.2517534145441122
CMU_133_133_04_poses_120_jpos,326,50.0,0.06,0.1165644171779141,0.08588957055214724,343.0,1.0486839988949817,0.0,0.5974999999999999,0.08588957055214724
CMU_133_133_23_poses_120_jpos,353,50.0,0.06,0.0,0.0,59.838,0.18294796829702015,0.0,0.5839999999999997,0.0
CMU_133_133_25_poses_120_jpos,171,50.0,0.06,0.0,0.0,224.424,0.6861511888280097,0.0,0.43,0.0
CMU_135_135_02_poses_120_jpos,2168,50.0,0.06,0.27075645756457567,0.2878228782287823,5183.726,15.848660381504045,0.00507380073800738,0.88,0.2882841328413284
CMU_136_136_02_poses_120_jpos,358,50.0,0.06,0.08379888268156424,0.08379888268156424,290.912,0.8894307856750348,0.0,0.7629999999999996,0.08379888268156424
CMU_136_136_06_poses_120_jpos,393,50.0,0.06,0.10687022900763359,0.17557251908396945,535.826,1.6382278495390743,0.0,0.75,0.17557251908396945
CMU_136_136_27_poses_120_jpos,453,50.0,0.06,0.2141280353200883,0.2163355408388521,807.474,2.4687611175618844,0.0,0.79,0.2163355408388521
CMU_137_137_08_poses_120_jpos,808,50.0,0.06,0.1150990099009901,0.1150990099009901,891.3039999999999,2.725061932802019,0.0,0.6064999999999997,0.1150990099009901
CMU_137_137_13_poses_120_jpos,1235,50.0,0.06,0.045344129554655874,0.05020242914979757,938.3460000000001,2.868887567425978,0.0,0.6729999999999996,0.05020242914979757
CMU_137_137_36_poses_120_jpos,1065,50.0,0.06,0.18028169014084508,0.18028169014084508,1645.16,5.02989203388358,0.0,0.54,0.18028169014084508
CMU_138_138_10_poses_120_jpos,182,50.0,0.06,0.0,0.0,88.826,0.27157552444852956,0.0,1.1,0.0
CMU_138_138_23_poses_120_jpos,191,50.0,0.06,0.0,0.0,25.851999999999997,0.07903958816161243,0.0,0.6699999999999999,0.0
CMU_138_138_25_poses_120_jpos,149,50.0,0.06,0.08053691275167785,0.12080536912751678,167.44600000000003,0.5119473495013676,0.0,0.71,0.12080536912751678
CMU_139_139_11_poses_60_jpos,266,50.0,0.06,0.2894736842105263,0.2706766917293233,604.624,1.8485700120929427,0.0,0.7075,0.2706766917293233
CMU_139_139_15_poses_60_jpos,898,50.0,0.06,0.2505567928730512,0.2594654788418708,2213.6279999999997,6.767919134419534,0.0,0.52,0.2594654788418708
CMU_13_13_07_poses_120_jpos,605,50.0,0.06,0.0,0.0,28.003999999999998,0.08561908660365908,0.0,0.24,0.0
CMU_13_13_08_poses_120_jpos,668,50.0,0.06,0.0,0.0,22.624000000000002,0.06917034049854245,0.0,0.2564999999999998,0.0
CMU_13_13_32_poses_120_jpos,140,50.0,0.06,0.37142857142857144,0.2357142857142857,384.94199999999995,1.1769169559843498,0.0,0.9914999999999995,0.2357142857142857
CMU_141_141_18_poses_60_jpos,323,50.0,0.06,0.02786377708978328,0.02786377708978328,104.536,0.31960708603057086,0.0,0.38,0.02786377708978328
CMU_141_141_21_poses_60_jpos,226,50.0,0.06,0.0,0.0,4.284,0.013097849129055688,0.0,0.31,0.0
CMU_143_143_01_poses_60_jpos,83,50.0,0.06,0.0,0.08433734939759036,105.556,0.32272562153748885,0.0,0.9759999999999996,0.08433734939759036
CMU_143_143_09_poses_60_jpos,454,50.0,0.06,0.18502202643171806,0.10572687224669604,557.018,1.7030200107769238,0.0,0.81,0.10572687224669604
CMU_143_143_10_poses_60_jpos,479,50.0,0.06,0.029227557411273485,0.029227557411273485,213.572,0.6529724169446035,0.0,0.61,0.029227557411273485
CMU_143_143_20_poses_60_jpos,542,50.0,0.06,0.03136531365313653,0.03136531365313653,198.514,0.6069342721767883,0.0,0.5294999999999993,0.03136531365313653
CMU_143_143_27_poses_60_jpos,586,50.0,0.06,0.0,0.0,43.924,0.13429269961359525,0.0,0.49,0.0
CMU_143_143_38_poses_60_jpos,1097,50.0,0.06,0.010027347310847767,0.010027347310847767,206.464,0.6312405048042375,0.0,0.68,0.010027347310847767
CMU_144_144_04_poses_120_jpos,1614,50.0,0.06,0.0,0.0,331.65200000000004,1.0139887626866426,0.0,0.66,0.0
CMU_144_144_05_poses_120_jpos,1161,50.0,0.06,0.29285099052540914,0.32127476313522824,2562.694,7.835149247417423,0.0,0.89,0.32127476313522824
CMU_144_144_17_poses_120_jpos,1175,50.0,0.06,0.19063829787234043,0.34808510638297874,2704.326,8.26817318949175,0.0,0.6029999999999995,0.34808510638297874
CMU_144_144_28_poses_120_jpos,953,50.0,0.06,0.0031479538300104933,0.030430220356768102,525.288,1.6060090974097583,0.0,0.61,0.030430220356768102
CMU_15_15_01_poses_120_jpos,2302,50.0,0.06,0.0,0.0,295.894,0.9046626914549027,0.0,0.67,0.0
CMU_16_16_35_poses_120_jpos,68,50.0,0.06,0.058823529411764705,0.11764705882352941,96.17199999999998,0.29403509487384305,0.0,1.0054999999999998,0.11764705882352941
CMU_17_17_09_poses_120_jpos,2533,50.0,0.06,0.0,0.0,356.0,1.0884300396694269,0.0,0.6,0.0
CMU_18_19_Justin_18_03_poses_120_jpos,247,50.0,0.06,0.13765182186234817,0.32388663967611336,670.0500000000001,2.0486026631474705,0.0,0.6769999999999999,0.31983805668016196
CMU_18_19_Justin_18_04_poses_120_jpos,169,50.0,0.06,0.14201183431952663,0.24260355029585798,372.56399999999996,1.139072610391574,0.0,0.8359999999999999,0.24260355029585798
CMU_18_19_Justin_18_07_poses_120_jpos,121,50.0,0.06,0.1487603305785124,0.1487603305785124,160.46,0.490588438666731,0.0,0.64,0.1487603305785124
CMU_18_19_Justin_18_11_poses_120_jpos,796,50.0,0.06,0.001256281407035176,0.007537688442211055,203.028,0.6207353204887764,0.0,0.6125,0.007537688442211055
CMU_18_19_Justin_18_15_poses_120_jpos,640,50.0,0.06,0.109375,0.11875,636.4939999999999,1.9460089597453716,0.0,0.53,0.11875
CMU_20_21_Justin1_20_09_poses_120_jpos,272,50.0,0.06,0.09558823529411764,0.01838235294117647,256.764,0.7850271087238223,0.0,1.0845,0.01838235294117647
CMU_20_21_rory1_20_08_poses_120_jpos,89,50.0,0.06,0.0,0.0,33.848,0.10348646062564822,0.0,0.79,0.0
CMU_20_21_rory1_20_10_poses_120_jpos,216,50.0,0.06,0.1574074074074074,0.25462962962962965,560.722,1.7143445750098887,0.0,0.6125,0.25462962962962965
CMU_22_23_justin_22_06_poses_120_jpos,210,50.0,0.06,0.0,0.0,25.82,0.07894175175355225,0.0,0.4764999999999995,0.0
CMU_22_23_justin_22_12_poses_120_jpos,127,50.0,0.06,0.047244094488188976,0.07086614173228346,135.37400000000002,0.41389080952305896,0.0,0.66,0.07086614173228346
CMU_22_23_justin_22_22_poses_120_jpos,75,50.0,0.06,0.0,0.0,14.216000000000001,0.04346382428073195,0.0,0.5839999999999999,0.0
CMU_27_27_11_poses_120_jpos,807,50.0,0.06,0.0,0.0,104.54600000000002,0.3196376599080896,0.0,0.58,0.0
CMU_28_28_16_poses_120_jpos,2334,50.0,0.06,0.0,0.0,170.91000000000003,0.5225381406738814,0.0,0.603499999999999,0.0
CMU_29_29_13_poses_120_jpos,6111,50.0,0.06,0.0,0.0,723.006,2.2105096889360496,0.0,0.6,0.0
CMU_29_29_15_poses_120_jpos,1845,50.0,0.06,0.0,0.0,87.07400000000001,0.2662189811072351,0.0,0.65,0.0
CMU_29_29_24_poses_120_jpos,1772,50.0,0.06,0.0,0.0,42.040000000000006,0.12853258108905255,0.0,0.55,0.0
CMU_30_30_02_poses_120_jpos,993,50.0,0.06,0.005035246727089627,0.005035246727089627,108.816,0.33269270560861897,0.0,0.52,0.005035246727089627
CMU_30_30_09_poses_120_jpos,1566,50.0,0.06,0.0,0.0,98.418,0.30090198776456645,0.0,0.56,0.0
CMU_30_30_13_poses_120_jpos,819,50.0,0.06,0.0,0.0,266.262,0.8140661775911824,0.0,0.7,0.0
CMU_32_32_01_poses_120_jpos,201,50.0,0.06,0.0,0.0,10.518,0.032157604374278184,0.0,0.7,0.0
CMU_35_35_03_poses_120_jpos,178,50.0,0.06,0.0,0.0,26.392000000000003,0.08069057754762786,0.0,0.7160000000000002,0.0
CMU_35_35_06_poses_120_jpos,183,50.0,0.06,0.0,0.0,16.642,0.050881046966793825,0.0,0.8090000000000002,0.0
CMU_35_35_07_poses_120_jpos,150,50.0,0.06,0.0,0.0,16.952,0.051828837169876754,0.0,0.8274999999999991,0.0
CMU_35_35_14_poses_120_jpos,171,50.0,0.06,0.0,0.0,19.304000000000002,0.059019813162299484,0.0,0.73,0.0
CMU_35_35_18_poses_120_jpos,73,50.0,0.06,0.1506849315068493,0.1506849315068493,120.73599999999999,0.3691367676110335,0.0,1.1499999999999992,0.1506849315068493
CMU_35_35_20_poses_120_jpos,68,50.0,0.06,0.19117647058823528,0.14705882352941177,134.18200000000002,0.41024640332281753,0.0,1.2719999999999998,0.14705882352941177
CMU_35_35_21_poses_120_jpos,67,50.0,0.06,0.19402985074626866,0.14925373134328357,123.54200000000002,0.3777157976428099,0.0,1.2379999999999998,0.14925373134328357
CMU_35_35_24_poses_120_jpos,63,50.0,0.06,0.2222222222222222,0.2222222222222222,148.388,0.45367965372603075,0.0,1.267,0.2222222222222222
CMU_35_35_25_poses_120_jpos,69,50.0,0.06,0.15942028985507245,0.15942028985507245,115.994,0.3546386348916165,0.0,1.2079999999999993,0.15942028985507245
CMU_35_35_26_poses_120_jpos,58,50.0,0.06,0.1724137931034483,0.1724137931034483,105.31200000000001,0.32197961892603,0.0,1.2505,0.1724137931034483
CMU_35_35_32_poses_120_jpos,163,50.0,0.06,0.0,0.0,19.618000000000002,0.05997983291638993,0.0,0.74,0.0
CMU_35_35_33_poses_120_jpos,175,50.0,0.06,0.0,0.0,20.886,0.0638566005857743,0.0,0.6819999999999994,0.0
CMU_36_36_04_poses_120_jpos,1553,50.0,0.06,0.2755956213779781,0.27945911139729557,2854.052,8.725943628029796,0.0,0.85,0.27945911139729557
CMU_36_36_18_poses_120_jpos,1793,50.0,0.06,0.35861684327941995,0.35973229224762965,4298.182,13.141209002152856,0.0,0.7,0.35973229224762965
CMU_37_37_01_poses_120_jpos,213,50.0,0.06,0.0,0.0,25.378,0.07759038636722113,0.0,0.73,0.0
CMU_38_38_02_poses_120_jpos,175,50.0,0.06,0.0,0.017142857142857144,47.699999999999996,0.14583739576469568,0.0,0.73,0.017142857142857144
CMU_39_39_05_poses_120_jpos,167,50.0,0.06,0.0,0.023952095808383235,61.92399999999999,0.1893256791474427,0.0,0.69,0.023952095808383235
CMU_40_40_02_poses_120_jpos,2081,50.0,0.06,0.024987986544930323,0.024987986544930323,610.398,1.8662233689723,0.0,0.68,0.024987986544930323
CMU_40_40_11_poses_120_jpos,2508,50.0,0.06,0.0,0.0,157.394,0.48121448781946563,0.0,0.58,0.0
CMU_40_40_12_poses_120_jpos,3515,50.0,0.06,0.0,0.0,421.05,1.2873131129292479,0.0,0.38,0.0
CMU_54_54_21_poses_120_jpos,2912,50.0,0.06,0.11778846153846154,0.11778846153846154,3498.294,10.695641228076736,0.0,0.47,0.11778846153846154
CMU_54_54_22_poses_120_jpos,1056,50.0,0.06,0.13920454545454544,0.13920454545454544,1374.9940000000001,4.203889814509056,0.0,0.4925,0.13920454545454544
CMU_54_54_23_poses_120_jpos,1791,50.0,0.06,0.0,0.0,179.128,0.5476637532188345,0.0,0.45,0.0
CMU_54_54_24_poses_120_jpos,1120,50.0,0.06,0.05,0.05803571428571429,1360.2640000000001,4.158854492923858,0.0,0.65,0.05803571428571429
CMU_55_55_01_poses_120_jpos,753,50.0,0.06,0.010624169986719787,0.010624169986719787,359.798,1.1000419983510685,0.0,0.63,0.010624169986719787
CMU_55_55_10_poses_120_jpos,568,50.0,0.06,0.0,0.0,169.126,0.5170837609245267,0.0,0.48,0.0
CMU_55_55_12_poses_120_jpos,865,50.0,0.06,0.03815028901734104,0.03815028901734104,350.676,1.0721525072784157,0.0,0.65,0.03815028901734104
CMU_55_55_15_poses_120_jpos,4039,50.0,0.06,0.06882891804902204,0.04134686803664273,2591.522,7.9232876215286305,0.0,0.75,0.04134686803664273
CMU_55_55_18_poses_120_jpos,2245,50.0,0.06,0.0,0.0,156.74800000000002,0.4792394153317509,0.0,0.5879999999999972,0.0
CMU_60_60_09_poses_60_jpos,2145,50.0,0.06,0.2573426573426573,0.26666666666666666,4741.610000000001,14.496940338193683,0.0,0.73,0.26666666666666666
CMU_60_60_15_poses_60_jpos,1783,50.0,0.06,0.03925967470555244,0.04374649467190129,1177.94,3.6014193284500133,0.0,0.66,0.04374649467190129
CMU_62_62_05_poses_60_jpos,965,50.0,0.06,0.0,0.0,475.75199999999995,1.4545583377326101,0.0,0.37,0.0
CMU_62_62_14_poses_60_jpos,561,50.0,0.06,0.0,0.0,6.106,0.0186684096129818,0.0,0.34,0.0
CMU_62_62_19_poses_60_jpos,549,50.0,0.06,0.0,0.0,91.31400000000001,0.27918230517520803,0.0,0.3760000000000002,0.0
CMU_63_63_09_poses_120_jpos,188,50.0,0.06,0.0,0.0425531914893617,288.61199999999997,0.8823987938457096,0.015957446808510637,0.7895000000000002,0.0425531914893617
CMU_63_63_27_poses_120_jpos,237,50.0,0.06,0.04219409282700422,0.04219409282700422,89.462,0.2735200230587255,0.0,0.5519999999999999,0.04219409282700422
CMU_64_64_09_poses_120_jpos,188,50.0,0.06,0.0,0.06382978723404255,274.544,0.839387462952256,0.0,0.8295000000000001,0.06382978723404255
CMU_64_64_28_poses_120_jpos,215,50.0,0.06,0.0,0.0,28.694,0.08772868415245656,0.0,0.6029999999999998,0.0
CMU_74_74_05_poses_60_jpos,269,50.0,0.06,0.0,0.0,41.74,0.12761536476348842,0.0,0.5899999999999997,0.0
CMU_74_74_09_poses_120_jpos,83,50.0,0.06,0.0,0.0,0.0,0.0,0.0,0.56,0.0
CMU_74_74_10_poses_60_jpos,279,50.0,0.06,0.0,0.0,8.049999999999999,0.024611971402637323,0.0,0.49,0.0
CMU_75_75_11_poses_60_jpos,146,50.0,0.06,0.3150684931506849,0.0821917808219178,238.69400000000002,0.7297801120473433,0.0547945205479452,1.3375000000000001,0.0821917808219178
CMU_75_75_12_poses_60_jpos,385,50.0,0.06,0.23636363636363636,0.05974025974025974,408.992,1.2504471314170738,0.005194805194805195,1.1,0.05974025974025974
CMU_76_76_02_poses_120_jpos,485,50.0,0.06,0.0,0.0,54.402,0.16632800847779822,0.0,0.6559999999999991,0.0
CMU_76_76_03_poses_120_jpos,451,50.0,0.06,0.1197339246119734,0.12416851441241686,538.842,1.6474489309987452,0.0,0.62,0.12416851441241686
CMU_76_76_10_poses_120_jpos,569,50.0,0.06,0.0,0.0,20.700000000000003,0.06328792646392455,0.0,0.5360000000000003,0.0
CMU_77_77_02_poses_60_jpos,780,50.0,0.06,0.0,0.0,0.47400000000000003,0.0014492017943913155,0.0,0.32049999999999956,0.0
CMU_77_77_04_poses_60_jpos,735,50.0,0.06,0.0,0.0,335.66,1.0262427727961794,0.0,0.67,0.0
CMU_77_77_30_poses_60_jpos,1050,50.0,0.06,0.0,0.0,164.402,0.5026406611846437,0.0,0.42549999999999955,0.0
CMU_78_78_31_poses_120_jpos,333,50.0,0.06,0.2912912912912913,0.32732732732732733,776.012,2.372569584112223,0.003003003003003003,0.8379999999999995,0.32732732732732733
CMU_78_78_35_poses_120_jpos,92,50.0,0.06,0.16304347826086957,0.20652173913043478,218.07600000000002,0.6667428913790729,0.0,0.88,0.20652173913043478
CMU_79_79_01_poses_60_jpos,488,50.0,0.06,0.0,0.0,64.00800000000001,0.19569727522236147,0.02459016393442623,0.78,0.0
CMU_79_79_39_poses_60_jpos,673,50.0,0.06,0.0,0.0,22.122,0.06763553184709849,0.0,0.47,0.0
CMU_79_79_54_poses_60_jpos,972,50.0,0.06,0.0,0.0,36.653999999999996,0.11206549065742463,0.0,0.5044999999999993,0.0
CMU_79_79_55_poses_60_jpos,533,50.0,0.06,0.0,0.0,48.2,0.1473660896406359,0.0,0.69,0.0
CMU_79_79_59_poses_60_jpos,708,50.0,0.06,0.0,0.0,75.094,0.2295914758397077,0.0,0.54,0.0
CMU_79_79_84_poses_60_jpos,730,50.0,0.06,0.0,0.0,38.326,0.1171774429785687,0.0,0.58,0.0
CMU_79_79_89_poses_60_jpos,737,50.0,0.06,0.0,0.0,57.01,0.17430167573470234,0.0,0.45,0.0
CMU_79_79_96_poses_60_jpos,465,50.0,0.06,0.0,0.0,42.21600000000001,0.1290706813333835,0.0,0.51,0.0
CMU_80_80_06_poses_60_jpos,801,50.0,0.06,0.0,0.0,15.134,0.046270506236958164,0.0,0.36,0.0
CMU_80_80_16_poses_60_jpos,1049,50.0,0.06,0.0,0.0,51.944,0.15881294938367616,0.0,0.32,0.0
CMU_80_80_40_poses_60_jpos,762,50.0,0.06,0.0,0.0,25.668000000000003,0.07847702881526643,0.0,0.29,0.0
CMU_80_80_47_poses_60_jpos,836,50.0,0.06,0.0,0.0,54.498,0.16662151770197875,0.0,0.4725,0.0
CMU_82_82_07_poses_120_jpos,499,50.0,0.06,0.056112224448897796,0.35070140280561124,1271.7559999999999,3.888251217780426,0.0,0.89,0.35070140280561124
CMU_83_83_15_poses_120_jpos,218,50.0,0.06,0.4954128440366973,0.4954128440366973,720.76,2.2036427960453264,0.0,0.36,0.4954128440366973
CMU_83_83_16_poses_120_jpos,213,50.0,0.06,0.40375586854460094,0.4084507042253521,586.4920000000001,1.7931334573758468,0.0,0.36,0.4084507042253521
CMU_83_83_34_poses_120_jpos,403,50.0,0.06,0.4317617866004963,0.4317617866004963,1151.542,3.520710406575875,0.0,0.5789999999999997,0.4317617866004963
CMU_83_83_49_poses_120_jpos,190,50.0,0.06,0.17894736842105263,0.10526315789473684,212.97199999999998,0.6511379842934752,0.0,0.782999999999999,0.10526315789473684
CMU_83_83_53_poses_120_jpos,225,50.0,0.06,0.3022222222222222,0.19555555555555557,466.538,1.426387566986784,0.0,0.58,0.19555555555555557
CMU_84_84_01_poses_60_jpos,386,50.0,0.06,0.0,0.0,59.158,0.18086894462574146,0.0,0.37,0.0
CMU_84_84_05_poses_60_jpos,269,50.0,0.06,0.0,0.0,55.72999999999999,0.17038821941229537,0.0,0.6559999999999999,0.0
CMU_84_84_09_poses_120_jpos,83,50.0,0.06,0.0,0.0,0.0,0.0,0.0,0.55,0.0
CMU_85_85_09_poses_120_jpos,105,50.0,0.06,0.0,0.0,0.0,0.0,0.0,0.29,0.0
CMU_88_88_10_poses_60_jpos,389,50.0,0.06,0.07455012853470437,0.061696658097686374,460.99,1.4094251797393516,0.0,0.7759999999999997,0.061696658097686374
CMU_89_89_02_poses_120_jpos,150,50.0,0.06,0.0,0.0,1.3860000000000001,0.004237539424106251,0.0,0.3,0.0
CMU_91_91_04_poses_120_jpos,901,50.0,0.06,0.0,0.0,201.852,0.617139832492565,0.0,0.81,0.0
CMU_91_91_11_poses_120_jpos,776,50.0,0.06,0.0,0.0,158.32600000000002,0.48406397320421823,0.0,0.73,0.0
CMU_91_91_12_poses_120_jpos,926,50.0,0.06,0.0,0.0,200.63,0.6134037046597671,0.0,0.72,0.0
CMU_91_91_17_poses_120_jpos,633,50.0,0.06,0.0,0.0,163.06,0.49853764682162005,0.0,0.77,0.0
CMU_91_91_43_poses_120_jpos,95,50.0,0.06,0.16842105263157894,0.010526315789473684,48.53,0.14837502759875643,0.021052631578947368,0.983,0.010526315789473684
CMU_93_93_08_poses_60_jpos,464,50.0,0.06,0.0,0.0,99.186,0.3032500615580106,0.0,0.7884999999999996,0.0
DFaust_67_50002_50002_light_hopping_loose_poses_60_jpos,195,50.0,0.06,0.07179487179487179,0.020512820512820513,76.524,0.23396354032489672,0.0,0.64,0.020512820512820513
DFaust_67_50004_50004_knees_poses_60_jpos,609,50.0,0.06,0.2348111658456486,0.2348111658456486,995.0219999999999,3.042168075651552,0.0,0.31,0.2348111658456486
DFaust_67_50004_50004_shake_hips_poses_60_jpos,178,50.0,0.06,0.0,0.0,98.99,0.3026508135586421,0.0,0.6730000000000002,0.0
DFaust_67_50007_50007_running_on_spot_poses_60_jpos,451,50.0,0.06,0.0,0.0,158.476,0.48452258136700027,0.0,0.795,0.0
DFaust_67_50009_50009_light_hopping_stiff_poses_60_jpos,211,50.0,0.06,0.0,0.0,28.928,0.08844411288639659,0.0,0.665,0.0
DFaust_67_50009_50009_one_leg_loose_poses_60_jpos,149,50.0,0.06,0.11409395973154363,0.0,68.232,0.20861168108630432,0.0,1.016,0.0
DFaust_67_50020_50020_knees_poses_60_jpos,429,50.0,0.06,0.0,0.0,33.592,0.10270376936116682,0.0,0.39,0.0
DFaust_67_50020_50020_one_leg_loose_poses_60_jpos,138,50.0,0.06,0.13043478260869565,0.0,52.55,0.1606657263613157,0.0,1.13,0.0
DFaust_67_50020_50020_punching_poses_60_jpos,169,50.0,0.06,0.0,0.047337278106508875,179.712,0.5494492676659327,0.0650887573964497,1.0879999999999999,0.047337278106508875
DFaust_67_50022_50022_shake_hips_poses_60_jpos,224,50.0,0.06,0.0,0.0,146.69,0.44848820932333777,0.0,0.57,0.0
DFaust_67_50025_50025_light_hopping_loose_poses_60_jpos,183,50.0,0.06,0.09289617486338798,0.0,51.848,0.15851944015949565,0.0,0.81,0.0
DFaust_67_50025_50025_one_leg_jump_poses_60_jpos,272,50.0,0.06,0.11029411764705882,0.0,139.486,0.4264627879587912,0.0,1.1844999999999999,0.0
DFaust_67_50025_50025_one_leg_loose_poses_60_jpos,205,50.0,0.06,0.0,0.0,60.774,0.1858096832327802,0.0,1.14,0.0
DFaust_67_50025_50025_punching_poses_60_jpos,166,50.0,0.06,0.13855421686746988,0.13855421686746988,207.27,0.6337047593322532,0.0,0.665,0.13855421686746988
DFaust_67_50027_50027_hips_poses_60_jpos,675,50.0,0.06,0.0,0.0,2.14,0.006542809789024083,0.0,0.42,0.0
DFaust_67_50027_50027_one_leg_jump_poses_60_jpos,215,50.0,0.06,0.12093023255813953,0.004651162790697674,133.248,0.40739080316256127,0.0,1.103,0.004651162790697674
DanceDB_20180501_CliodelaVara_CLIO_Dimitroula_1_poses_120_jpos,9132,50.0,0.06,0.020805957074025404,0.017958826106000875,3701.366,11.316511073626597,0.0,0.73,0.017958826106000875
DanceDB_20180501_CliodelaVara_CLIO_Rasopoulos_poses_120_jpos,8370,50.0,0.06,0.00848267622461171,0.007526881720430108,2806.714,8.58121300663128,0.0,0.61,0.007526881720430108
Eyes_Japan_Dataset_aita_accident-08-damage_rightfoot-aita_poses_120_jpos,1500,50.0,0.06,0.162,0.162,1720.5900000000001,5.26051079200792,0.0,0.63,0.162
Eyes_Japan_Dataset_aita_gesture_etc-20-swing_chair-aita_poses_120_jpos,1500,50.0,0.06,0.44,0.44,4407.254,13.474684399025957,0.0,0.51,0.44
Eyes_Japan_Dataset_aita_gesture_etc-22-mobile_receive-aita_poses_120_jpos,1500,50.0,0.06,0.0,0.0,0.012,3.6688653022564956e-05,0.0,0.47,0.0
Eyes_Japan_Dataset_aita_gesture_etc-48-medium_drum-aita_poses_120_jpos,1500,50.0,0.06,0.0,0.0,13.178,0.040290255794280076,0.0,0.52,0.0
Eyes_Japan_Dataset_aita_greeting-02-bye-aita_poses_120_jpos,1500,50.0,0.06,0.0,0.0,48.532,0.1483811423742602,0.0,0.35,0.0
Eyes_Japan_Dataset_aita_greeting-10-card_exchange-aita_poses_120_jpos,1500,50.0,0.06,0.0,0.0,193.13600000000002,0.5904916408471754,0.0,0.45,0.0
Eyes_Japan_Dataset_aita_pain-01-headache-aita_poses_120_jpos,1500,50.0,0.06,0.0,0.0,25.380000000000003,0.07759650114272487,0.0,0.47,0.0
Eyes_Japan_Dataset_aita_pose-04-drank-aita_poses_120_jpos,1500,50.0,0.06,0.102,0.11733333333333333,1641.866,5.019820998628886,0.0013333333333333333,0.6904999999999994,0.11733333333333333
Eyes_Japan_Dataset_aita_pose-14-look_up-aita_poses_120_jpos,1500,50.0,0.06,0.0,0.0,6.994,0.021383369936651606,0.0,0.47,0.0
Eyes_Japan_Dataset_aita_pose-18-applause-aita_poses_120_jpos,1500,50.0,0.06,0.0,0.0,0.002,6.114775503760826e-06,0.0,0.44,0.0
Eyes_Japan_Dataset_aita_sitdown_standup-16-reseat-aita_poses_120_jpos,1500,50.0,0.06,0.39466666666666667,0.39466666666666667,4098.864,12.531816590223556,0.0,0.42,0.39466666666666667
Eyes_Japan_Dataset_aita_walk-01-normal-aita_poses_120_jpos,1500,50.0,0.06,0.016,0.016,610.736,1.8672567660324355,0.0,0.6104999999999995,0.016
Eyes_Japan_Dataset_aita_walk-05-backward-aita_poses_120_jpos,1500,50.0,0.06,0.043333333333333335,0.051333333333333335,1107.174,3.3850602268004444,0.0,0.55,0.051333333333333335
Eyes_Japan_Dataset_aita_walk-06-catwalk-aita_poses_120_jpos,1500,50.0,0.06,0.04466666666666667,0.048666666666666664,1287.9879999999998,3.9378787357689493,0.0,0.78,0.048666666666666664
Eyes_Japan_Dataset_aita_walk-23-shuffle_oneleg-aita_poses_120_jpos,1500,50.0,0.06,0.28733333333333333,0.422,4283.936,13.097653456239568,0.0,0.85,0.4206666666666667
Eyes_Japan_Dataset_hamada_accident-06-damage_left_leg-hamada_poses_120_jpos,1488,50.0,0.06,0.019489247311827957,0.019489247311827957,414.072,1.2659786611966264,0.0,0.55,0.019489247311827957
Eyes_Japan_Dataset_hamada_accident-08-damage_rightfoot-hamada_poses_120_jpos,1488,50.0,0.06,0.056451612903225805,0.056451612903225805,826.818,2.527903226234259,0.0,0.54,0.056451612903225805
Eyes_Japan_Dataset_hamada_gesture_etc-02-set_2-hamada_poses_120_jpos,1489,50.0,0.06,0.0,0.0,19.938000000000002,0.06095819699699167,0.0,0.4,0.0
Eyes_Japan_Dataset_hamada_gesture_etc-14-apologize-hamada_poses_120_jpos,1488,50.0,0.06,0.0006720430107526882,0.0006720430107526882,56.64599999999999,0.17318878659301787,0.0,0.44,0.0006720430107526882
Eyes_Japan_Dataset_hamada_gesture_etc-33-watch_here-hamada_poses_120_jpos,1488,50.0,0.06,0.0,0.0,63.98,0.1956116683653088,0.0,0.37,0.0
Eyes_Japan_Dataset_hamada_gesture_etc-41-mosh-hamada_poses_120_jpos,1488,50.0,0.06,0.0,0.0,169.938,0.5195663597790536,0.0,0.39,0.0
Eyes_Japan_Dataset_hamada_gesture_etc-48-medium_drum-hamada_poses_120_jpos,1488,50.0,0.06,0.0,0.0,203.26,0.6214446344472127,0.0,0.47,0.0
Eyes_Japan_Dataset_hamada_jump-02-leap-hamada_poses_120_jpos,1500,50.0,0.06,0.098,0.07866666666666666,1229.346,3.758587403223178,0.0,0.7404999999999995,0.07866666666666666
Eyes_Japan_Dataset_hamada_jump-07-rope_double-hamada_poses_120_jpos,1500,50.0,0.06,0.296,0.18,2938.23,8.983308414207585,0.0,0.46,0.18
Eyes_Japan_Dataset_hamada_jump-09-rope_cross-hamada_poses_120_jpos,1500,50.0,0.06,0.31666666666666665,0.19733333333333333,3359.7459999999996,10.27204626982921,0.0,0.5704999999999995,0.19733333333333333
Eyes_Japan_Dataset_hamada_jump-12-boxer_step-hamada_poses_120_jpos,1500,50.0,0.06,0.14666666666666667,0.064,1467.3919999999998,4.486386328007303,0.0,0.72,0.064
Eyes_Japan_Dataset_hamada_pain-03-toothache-hamada_poses_120_jpos,1488,50.0,0.06,0.0,0.0,59.234,0.18110130609488434,0.0,0.34,0.0
Eyes_Japan_Dataset_hamada_pose-04-drank-hamada_poses_120_jpos,1488,50.0,0.06,0.012096774193548387,0.012096774193548387,326.28599999999994,0.9975828200100523,0.0,0.5964999999999986,0.012096774193548387
Eyes_Japan_Dataset_hamada_sitdown_standup-05-straight-hamada_poses_120_jpos,1500,50.0,0.06,0.1,0.11,1203.8239999999998,3.680556753019686,0.0,0.51,0.10933333333333334
Eyes_Japan_Dataset_hamada_throw_toss-14-pass_to_right_heavy-hamada_poses_120_jpos,1500,50.0,0.06,0.0,0.0,123.5,0.37758738735723096,0.0,0.61,0.0
Eyes_Japan_Dataset_hamada_turn-05-turn-hamada_poses_120_jpos,1500,50.0,0.06,0.0,0.0,178.38400000000001,0.5453890567314356,0.0,0.53,0.0
Eyes_Japan_Dataset_hamada_walk-02-drank-hamada_poses_120_jpos,1500,50.0,0.06,0.21666666666666667,0.22466666666666665,2733.742,8.358109307601062,0.0,0.59,0.22466666666666665
Eyes_Japan_Dataset_hamada_walk-10-shoulder_bag-hamada_poses_120_jpos,1500,50.0,0.06,0.0026666666666666666,0.0026666666666666666,222.26999999999998,0.6795655756104594,0.0,0.62,0.0026666666666666666
Eyes_Japan_Dataset_hamada_walk-17-push_by_back-hamada_poses_120_jpos,1500,50.0,0.06,0.01,0.01,263.9200000000001,0.8069057754762784,0.0,0.49,0.01
Eyes_Japan_Dataset_ichige_soccer-29-heel_lift-ichige_poses_120_jpos,1488,50.0,0.06,0.06854838709677419,0.05510752688172043,952.334,2.911654307299281,0.0,0.6564999999999986,0.05510752688172043
Eyes_Japan_Dataset_kaiwa_accident-02-dodge_fast-kaiwa_poses_120_jpos,1500,50.0,0.06,0.09733333333333333,0.08733333333333333,1305.074,3.9901172628975776,0.0,0.7804999999999995,0.08733333333333333
Eyes_Japan_Dataset_kaiwa_accident-05-damage_right_arm-kaiwa_poses_120_jpos,1500,50.0,0.06,0.0,0.0,144.89999999999998,0.4430154852474718,0.0,0.44,0.0
Eyes_Japan_Dataset_kaiwa_gesture_etc-01-set_1-kaiwa_poses_120_jpos,1500,50.0,0.06,0.0,0.0,106.55199999999999,0.3257707797383617,0.0,0.4,0.0
Eyes_Japan_Dataset_kaiwa_gesture_etc-31-ok-kaiwa_poses_120_jpos,1500,50.0,0.06,0.0,0.0,295.536,0.9035681466397296,0.0,0.44,0.0
Eyes_Japan_Dataset_kaiwa_gesture_etc-41-mosh-kaiwa_poses_120_jpos,1500,50.0,0.06,0.07666666666666666,0.018666666666666668,821.474,2.51156454608821,0.0,0.89,0.018666666666666668
Eyes_Japan_Dataset_kaiwa_gesture_etc-48-medium_drum-kaiwa_poses_120_jpos,1500,50.0,0.06,0.0,0.0,64.71600000000001,0.1978619057506928,0.0,0.54,0.0
Eyes_Japan_Dataset_kaiwa_greeting-05-salute_(chest)-kaiwa_poses_120_jpos,1500,50.0,0.06,0.0,0.0,181.208,0.5540231197427459,0.0,0.55,0.0
Eyes_Japan_Dataset_kaiwa_greeting-07-bow-kaiwa_poses_120_jpos,1500,50.0,0.06,0.0,0.0,76.994,0.23540051256828048,0.0,0.43,0.0
Eyes_Japan_Dataset_kaiwa_jump-03-vertical-kaiwa_poses_120_jpos,1500,50.0,0.06,0.23,0.156,2526.0060000000003,7.722979805576434,0.0,0.64,0.156
Eyes_Japan_Dataset_kaiwa_jump-04-horizontal-kaiwa_poses_120_jpos,1500,50.0,0.06,0.23933333333333334,0.086,1576.0620000000001,4.818632655004148,0.0,0.8504999999999995,0.086
Eyes_Japan_Dataset_kaiwa_pose-18-applause-kaiwa_poses_120_jpos,1500,50.0,0.06,0.0,0.0,342.456,1.0470207799579585,0.0,0.43,0.0
Eyes_Japan_Dataset_kaiwa_walk-24-listless-kaiwa_poses_120_jpos,1480,50.0,0.06,0.0,0.0,75.22800000000001,0.2300011657984597,0.0,0.53,0.0
Eyes_Japan_Dataset_kaiwa_walk-29-look_down-kaiwa_poses_120_jpos,1480,50.0,0.06,0.006081081081081081,0.006081081081081081,194.48399999999998,0.5946129995367102,0.0,0.61,0.006081081081081081
Eyes_Japan_Dataset_kanno_accident-02-dodge_fast-kanno_poses_120_jpos,1488,50.0,0.06,0.034274193548387094,0.034274193548387094,746.584,2.2825967773498856,0.0,0.51,0.034274193548387094
Eyes_Japan_Dataset_kanno_accident-03-damage_head-kanno_poses_120_jpos,1488,50.0,0.06,0.0006720430107526882,0.0006720430107526882,189.55200000000002,0.5795339631444361,0.0,0.42,0.0006720430107526882
Eyes_Japan_Dataset_kanno_accident-11-fall_down-kanno_poses_120_jpos,1488,50.0,0.06,0.12231182795698925,0.1297043010752688,1741.472,5.324355163042686,0.0,2.162999999999997,0.14381720430107528
Eyes_Japan_Dataset_kanno_accident-13-damage_back-kanno_poses_120_jpos,1488,50.0,0.06,0.009408602150537635,0.009408602150537635,366.326,1.120000625595344,0.0,0.40649999999999864,0.009408602150537635
Eyes_Japan_Dataset_kanno_gesture_etc-41-mosh-kanno_poses_120_jpos,1681,50.0,0.06,0.06960142772159429,0.05056513979773944,1115.378,3.410143035916871,0.0,0.58,0.05056513979773944
Eyes_Japan_Dataset_kanno_gesture_etc-50-syuriken-kanno_poses_120_jpos,1640,50.0,0.06,0.0,0.0,5.704,0.017439339736725873,0.0,0.39,0.0
Eyes_Japan_Dataset_kanno_greeting-03-election-kanno_poses_120_jpos,1687,50.0,0.06,0.007113218731475993,0.007113218731475993,317.98,0.9721881573429335,0.0,0.39,0.007113218731475993
Eyes_Japan_Dataset_kanno_pose-14-look_up-kanno_poses_120_jpos,1488,50.0,0.06,0.0,0.0,76.80000000000001,0.2348073793444157,0.0,0.3664999999999986,0.0
Eyes_Japan_Dataset_kanno_pose-19-funny-kanno_poses_120_jpos,1488,50.0,0.06,0.0,0.0,0.216,0.0006603957544061692,0.0,0.4,0.0
Eyes_Japan_Dataset_kawaguchi_accident-02-dodge_fast-kawaguchi_poses_120_jpos,1286,50.0,0.06,0.01866251944012442,0.028771384136858476,658.8019999999999,2.0142131657143194,0.003110419906687403,0.66,0.028771384136858476
Eyes_Japan_Dataset_kawaguchi_gesture_etc-39-giant_baba-kawaguchi_poses_120_jpos,1060,50.0,0.06,0.13773584905660377,0.12830188679245283,1407.178,4.302288781915576,0.0,0.6904999999999994,0.12830188679245283
Eyes_Japan_Dataset_kawaguchi_gesture_etc-42-hung_over-kawaguchi_poses_120_jpos,897,50.0,0.06,0.0,0.0,18.322,0.05601745838995292,0.0,0.52,0.0
Eyes_Japan_Dataset_kawaguchi_pose-04-drank-kawaguchi_poses_120_jpos,1108,50.0,0.06,0.01444043321299639,0.02256317689530686,406.336,1.2423267095480794,0.0,0.6064999999999986,0.02256317689530686
Eyes_Japan_Dataset_kawaguchi_throw_toss-05-both_hands_over_heavy-kawaguchi_poses_120_jpos,982,50.0,0.06,0.0,0.0,109.744,0.335529961442364,0.0,0.61,0.0
Eyes_Japan_Dataset_kawaguchi_throw_toss-17-pass_to_back_light-kawaguchi_poses_120_jpos,996,50.0,0.06,0.0,0.0,142.186,0.43471773488886833,0.0,0.56,0.0
Eyes_Japan_Dataset_kawaguchi_turn-05-turn-kawaguchi_poses_120_jpos,1225,50.0,0.06,0.24653061224489795,0.23755102040816325,2419.692,7.397936684123019,0.0,0.81,0.23755102040816325
Eyes_Japan_Dataset_kudo_gesture_etc-18-eat-kudo_poses_120_jpos,1650,50.0,0.06,0.0,0.0,36.242000000000004,0.11080584690364992,0.0,0.38,0.0
Eyes_Japan_Dataset_kudo_gesture_etc-45-feel_dizzy_-kudo_poses_250_jpos,1650,50.0,0.06,0.0,0.0,137.484,0.42034189767952673,0.0,0.46,0.0
Eyes_Japan_Dataset_kudo_greeting-03-election-kudo_poses_250_jpos,1650,50.0,0.06,0.0,0.0,119.21799999999999,0.36449565300367903,0.0,0.52,0.0
Eyes_Japan_Dataset_kudo_greeting-09-certificate-kudo_poses_250_jpos,1650,50.0,0.06,0.0,0.0,144.10000000000002,0.4405695750459675,0.0,0.61,0.0
Eyes_Japan_Dataset_kudo_jump-04-horizontal-kudo_poses_250_jpos,1650,50.0,0.06,0.21393939393939393,0.13515151515151516,2231.2039999999997,6.821655781546585,0.0,0.74,0.13515151515151516
Eyes_Japan_Dataset_shiono_gesture_etc-10-snip_nail-shiono_poses_120_jpos,1500,50.0,0.06,0.058666666666666666,0.058666666666666666,570.1220000000001,1.7430840198775646,0.0,0.47,0.058666666666666666
Eyes_Japan_Dataset_shiono_gesture_etc-33-watch_here-shiono_poses_120_jpos,1500,50.0,0.06,0.0,0.0,105.98,0.3240219539442862,0.0,0.46,0.0
Eyes_Japan_Dataset_shiono_gesture_etc-35-west_side-shiono_poses_120_jpos,1500,50.0,0.06,0.002,0.002,334.122,1.0215405104337874,0.0,0.54,0.002
Eyes_Japan_Dataset_shiono_throw_toss-13-pass_to_right_light-shiono_poses_120_jpos,1417,50.0,0.06,0.0,0.0,23.630000000000003,0.07224607257693416,0.0,0.39,0.0
Eyes_Japan_Dataset_shiono_throw_toss-19-pass_to_front_light-shiono_poses_120_jpos,1417,50.0,0.06,0.0,0.0,73.50999999999999,0.22474857364072917,0.0,0.51,0.0
Eyes_Japan_Dataset_takiguchi_accident-11-fall_down-takiguchi_poses_120_jpos,1526,50.0,0.06,0.2608125819134993,0.24508519003931847,3067.388,9.378194501464955,0.0,0.6,0.24508519003931847
Eyes_Japan_Dataset_takiguchi_jump-05-rope_normal_run-takiguchi_poses_120_jpos,1241,50.0,0.06,0.2763900080580177,0.1377921031426269,2076.1400000000003,6.347565007188999,0.0,0.66,0.1377921031426269
Eyes_Japan_Dataset_takiguchi_throw_toss-13-pass_to_right_light-takiguchi_poses_120_jpos,1199,50.0,0.06,0.0,0.0,215.45,0.6587141911426349,0.0,0.4,0.0
Eyes_Japan_Dataset_takiguchi_throw_toss-16-pass_to_left_heavy-takiguchi_poses_120_jpos,1244,50.0,0.06,0.0,0.0,211.43400000000003,0.6464357219310832,0.0,0.46,0.0
Eyes_Japan_Dataset_takiguchi_turn-01-call-takiguchi_poses_120_jpos,1250,50.0,0.06,0.0,0.0,203.286,0.6215241265287615,0.0,0.36,0.0
Eyes_Japan_Dataset_takiguchi_walk-05-backward-takiguchi_poses_120_jpos,1000,50.0,0.06,0.01,0.01,434.876,1.3295845559867465,0.0,0.61,0.01
Eyes_Japan_Dataset_takiguchi_walk-07-moonwalk-takiguchi_poses_250_jpos,1650,50.0,0.06,0.041212121212121214,0.04303030303030303,1029.556,3.14775190427499,0.0,0.77,0.04303030303030303
Eyes_Japan_Dataset_yamaoka_tennis-01-forehand-yamaoka_poses_120_jpos,1240,50.0,0.06,0.12983870967741937,0.1596774193548387,2109.696,6.4501587105911,0.0,0.61,0.1596774193548387
Eyes_Japan_Dataset_yamaoka_tennis-18-catch_netball-yamaoka_poses_120_jpos,1250,50.0,0.06,0.1576,0.1688,1626.7019999999998,4.973458770759372,0.0,0.7354999999999995,0.1688
GRAB_s10_cylindermedium_inspect_1,320,50.0,0.06,0.0,0.0,10.24,0.03130765057925543,0.0,0.44,0.0
GRAB_s10_cylindersmall_pass_1,280,50.0,0.06,0.0,0.0,8.008000000000001,0.024483561117058343,0.0,0.4305000000000001,0.0
GRAB_s10_flashlight_on_2,450,50.0,0.06,0.0,0.0,5.336,0.016314221044033884,0.0,0.33,0.0
GRAB_s10_headphones_pass_1,242,50.0,0.06,0.0,0.0,2.18,0.0066651052990993,0.0,0.37,0.0
GRAB_s10_lightbulb_pass_1,288,50.0,0.06,0.0,0.0,0.9120000000000001,0.002788337629714936,0.0,0.45,0.0
GRAB_s10_phone_pick_all,912,50.0,0.06,0.0,0.0,4.482,0.01370321190392801,0.0,0.42,0.0
GRAB_s10_piggybank_use_1,558,50.0,0.06,0.0,0.0,3.98,0.012168403252484044,0.0,0.52,0.0
GRAB_s10_pyramidlarge_pass_1,330,50.0,0.06,0.0,0.0,10.532,0.03220040780280451,0.0,0.4910000000000002,0.0
GRAB_s10_pyramidmedium_pick_all,432,50.0,0.06,0.0,0.0,19.466,0.05951510997810412,0.0,0.53,0.0
GRAB_s10_spherelarge_pass_1,248,50.0,0.06,0.0,0.0,5.5760000000000005,0.01704799410448518,0.0,0.44299999999999956,0.0
GRAB_s10_spheremedium_pick_all,337,50.0,0.06,0.0,0.0,10.466,0.0319986202111804,0.0,0.4219999999999999,0.0
GRAB_s10_stamp_pass_1,297,50.0,0.06,0.0,0.0,4.074,0.0124557977011608,0.0,0.3819999999999999,0.0
GRAB_s1_binoculars_see_1,785,50.0,0.06,0.0,0.0,86.918,0.2657420286179417,0.0,0.51,0.0
GRAB_s1_cubelarge_pass_1,338,50.0,0.06,0.0,0.0,19.782000000000004,0.060481244507698324,0.0,0.61,0.0
GRAB_s1_cubemedium_pick_all,1177,50.0,0.06,0.0,0.0,11.918000000000001,0.036437947226910766,0.0,0.34,0.0
GRAB_s1_cubesmall_pass_1,475,50.0,0.06,0.0,0.0,17.546,0.05364492549449372,0.0,0.59,0.0
GRAB_s1_cubesmall_pick_all,1331,50.0,0.06,0.0,0.0,6.798,0.02078412193728305,0.0,0.39,0.0
GRAB_s1_cup_pick_all,1556,50.0,0.06,0.0,0.0,0.39599999999999996,0.0012107255497446432,0.0,0.59,0.0
GRAB_s1_cylinderlarge_offhand_1,524,50.0,0.06,0.0,0.0,41.076,0.12558525929623982,0.0,0.35,0.0
GRAB_s1_cylindersmall_offhand_1,416,50.0,0.06,0.0,0.0,23.037999999999997,0.07043609902782096,0.0,0.4125,0.0
GRAB_s1_eyeglasses_clean_1,728,50.0,0.06,0.0,0.0,10.104000000000001,0.03089184584499969,0.0,0.46,0.0
GRAB_s1_eyeglasses_pass_1,439,50.0,0.06,0.0,0.0,15.114,0.04620935848192056,0.0,0.67,0.0
GRAB_s1_hammer_use_3,750,50.0,0.06,0.0,0.0,30.880000000000003,0.09441213377806715,0.0,0.65,0.0
GRAB_s1_mouse_offhand_1,362,50.0,0.06,0.0,0.0,21.122,0.06457814409521809,0.0,0.51,0.0
GRAB_s1_mug_drink_2,628,50.0,0.06,0.0,0.0,29.232,0.08937355876296821,0.0,0.58,0.0
GRAB_s1_pyramidlarge_offhand_1,534,50.0,0.06,0.0,0.0,18.77,0.057387168102795344,0.0,0.44,0.0
GRAB_s1_pyramidsmall_inspect_1,423,50.0,0.06,0.0,0.0,5.0920000000000005,0.01556821843257506,0.0,0.44,0.0
GRAB_s1_scissors_pass_1,431,50.0,0.06,0.0,0.0,15.868000000000002,0.048514628846838395,0.0,0.48,0.0
GRAB_s1_stamp_offhand_1,572,50.0,0.06,0.0,0.0,7.359999999999999,0.022502373853839838,0.0,0.64,0.0
GRAB_s1_stanfordbunny_pick_all,1565,50.0,0.06,0.0,0.0,4.1800000000000015,0.012779880802860123,0.0,0.58,0.0
GRAB_s1_toothpaste_pick_all,1636,50.0,0.06,0.0,0.0,1.05,0.003210257139474433,0.0,0.36,0.0
GRAB_s1_torusmedium_offhand_1,480,50.0,0.06,0.0,0.0,17.654000000000003,0.053975123371696805,0.0,0.4004999999999996,0.0
GRAB_s1_watch_offhand_1,476,50.0,0.06,0.0,0.0,16.974,0.051896099700418113,0.0,0.64,0.0
GRAB_s2_banana_eat_1,613,50.0,0.06,0.0,0.0,14.161999999999999,0.043298725342130404,0.0,0.37,0.0
GRAB_s2_camera_pass_1,363,50.0,0.06,0.0,0.0,4.542,0.013886655169040835,0.0,0.42899999999999977,0.0
GRAB_s2_cubelarge_inspect_1,730,50.0,0.06,0.0,0.0,5.586,0.017078567982003988,0.0,0.37,0.0
GRAB_s2_flashlight_on_2,478,50.0,0.06,0.0,0.0,2.932,0.00896426088851337,0.0,0.4414999999999998,0.0
GRAB_s2_gamecontroller_play_1,430,50.0,0.06,0.0,0.0,9.868,0.030170302335555916,0.0,0.45,0.0
GRAB_s2_hand_inspect_1,484,50.0,0.06,0.0,0.0,1.078,0.003295863996527085,0.0,0.4,0.0
GRAB_s2_hand_pick_all,1109,50.0,0.06,0.0,0.0,3.936,0.012033878191401304,0.0,0.42,0.0
GRAB_s2_pyramidlarge_inspect_1,401,50.0,0.06,0.0,0.0,2.978,0.00910490072509987,0.0,0.4,0.0
GRAB_s2_pyramidmedium_pass_1,470,50.0,0.06,0.0,0.0,5.628,0.01720697826758296,0.0,0.42549999999999955,0.0
GRAB_s2_stanfordbunny_pick_all,1261,50.0,0.06,0.0,0.0,6.6,0.020178759162410728,0.0,0.41,0.0
GRAB_s2_toruslarge_pick_all,890,50.0,0.06,0.0,0.0,2.3200000000000003,0.0070931395843625575,0.0,0.38,0.0
GRAB_s3_airplane_offhand_1,412,50.0,0.06,0.03640776699029126,0.03640776699029126,338.272,1.034228669604091,0.0,0.7044999999999998,0.03640776699029126
GRAB_s3_bowl_drink_1,362,50.0,0.06,0.0,0.0,24.76,0.07570092073655901,0.0,0.39,0.0
GRAB_s3_cylindersmall_pass_1,353,50.0,0.06,0.0,0.0,25.976,0.0794187042428456,0.0,0.44,0.0
GRAB_s3_eyeglasses_clean_1,502,50.0,0.06,0.0,0.0,28.438000000000002,0.08694599288797517,0.0,0.46,0.0
GRAB_s3_eyeglasses_offhand_1,494,50.0,0.06,0.0,0.0,21.878,0.06688952923563968,0.0,0.41349999999999965,0.0
GRAB_s3_hand_pass_1,366,50.0,0.06,0.0,0.0,40.980000000000004,0.12529175007205934,0.0,0.61,0.0
GRAB_s3_mug_drink_2,343,50.0,0.06,0.0,0.0,17.402,0.053204661658222935,0.0,0.48,0.0
GRAB_s3_mug_drink_3,381,50.0,0.06,0.0,0.0,9.564,0.029240856458984266,0.0,0.52,0.0
GRAB_s3_piggybank_use_1,343,50.0,0.06,0.0,0.0,27.25,0.08331381623874125,0.0,0.57,0.0
GRAB_s3_pyramidmedium_inspect_1,409,50.0,0.06,0.0,0.0,18.262,0.0558340151248401,0.0,0.43,0.0
GRAB_s3_toothbrush_brush_1,323,50.0,0.06,0.0,0.0,15.508,0.04741396925616144,0.0,0.47,0.0
GRAB_s3_toruslarge_inspect_1,446,50.0,0.06,0.0,0.0,16.098,0.04921782802977089,0.0,0.5,0.0
GRAB_s3_torusmedium_inspect_1,456,50.0,0.06,0.0,0.0,10.068000000000001,0.030781779885931997,0.0,0.48,0.0
GRAB_s3_train_pick_all,588,50.0,0.06,0.0,0.0,21.046,0.06434578262607517,0.0,0.46,0.0
GRAB_s3_waterbottle_pick_all,992,50.0,0.06,0.0,0.0,41.656000000000006,0.1273585441923305,0.0,0.54,0.0
GRAB_s4_apple_pick_all,765,50.0,0.06,0.0,0.0,25.814,0.07892340742704099,0.0,0.45,0.0
GRAB_s4_banana_pass_1,375,50.0,0.06,0.0,0.0,3.5760000000000005,0.010933218600724355,0.0,0.52,0.0
GRAB_s4_cubemedium_inspect_1,499,50.0,0.06,0.0,0.0,12.823999999999998,0.03920794053011441,0.0,0.53,0.0
GRAB_s4_doorknob_pick_all,888,50.0,0.06,0.0,0.0,17.882,0.05467220777912554,0.0,0.57,0.0
GRAB_s4_phone_call_1,532,50.0,0.06,0.0,0.0,7.376,0.022551292057869925,0.0,0.5344999999999999,0.0
GRAB_s4_spherelarge_pass_1,271,50.0,0.06,0.0,0.0,1.014,0.0031001911804067386,0.0,0.715,0.0
GRAB_s4_spherelarge_pick_all,768,50.0,0.06,0.0,0.0,11.032000000000002,0.03372910167874471,0.0,0.61,0.0
GRAB_s4_stanfordbunny_pick_all,1040,50.0,0.06,0.0,0.0,64.912,0.19846115375006138,0.0,0.47,0.0
GRAB_s4_wineglass_toast_1,258,50.0,0.06,0.0,0.0,1.1840000000000002,0.0036199470982264093,0.0,0.61,0.0
GRAB_s5_binoculars_see_1,502,50.0,0.06,0.0,0.0,20.142,0.06158190409837527,0.0,0.58,0.0
GRAB_s5_camera_takepicture_3,388,50.0,0.06,0.0,0.0,7.454000000000001,0.022789768302516597,0.0,0.5264999999999997,0.0
GRAB_s5_cubelarge_inspect_1,433,50.0,0.06,0.0,0.0,4.364,0.013342440149206122,0.0,0.43,0.0
GRAB_s5_cylinderlarge_inspect_1,458,50.0,0.06,0.0,0.0,7.791999999999999,0.02382316536265218,0.0,0.47149999999999975,0.0
GRAB_s5_duck_pick_all,1057,50.0,0.06,0.0,0.0,2.7460000000000004,0.008395586766663613,0.0,0.46,0.0
GRAB_s5_spherelarge_pick_all,910,50.0,0.06,0.0,0.0,3.4240000000000004,0.010468495662438532,0.0,0.47,0.0
GRAB_s5_toothpaste_pass_1,240,50.0,0.06,0.0,0.0,14.432,0.04412422003513811,0.0,0.51,0.0
GRAB_s6_alarmclock_see_1,313,50.0,0.06,0.0,0.0,3.136,0.009587967989896974,0.0,0.5339999999999998,0.0
GRAB_s6_apple_pick_all,978,50.0,0.06,0.0,0.0,14.61,0.04466843505497283,0.0,0.44,0.0
GRAB_s6_banana_peel_2,448,50.0,0.06,0.0,0.0,8.088000000000001,0.02472815213720878,0.0,0.61,0.0
GRAB_s6_camera_pick_all,779,50.0,0.06,0.0,0.0,11.632,0.035563534329872956,0.0,0.45,0.0
GRAB_s6_cup_pass_1,338,50.0,0.06,0.0,0.0,8.022,0.024526364545584673,0.0,0.6559999999999991,0.0
GRAB_s6_duck_pass_1,324,50.0,0.06,0.0,0.0,7.404,0.022636898914922578,0.0,0.67,0.0
GRAB_s6_eyeglasses_wear_1,515,50.0,0.06,0.0,0.0,14.47,0.04424040076970957,0.0,0.69,0.0
GRAB_s6_hammer_use_1,420,50.0,0.06,0.0,0.0,30.006,0.09173997688292365,0.0,0.57,0.0
GRAB_s6_hammer_use_2,422,50.0,0.06,0.0,0.0,56.32599999999999,0.17221042251241614,0.0,0.6,0.0
GRAB_s6_mouse_pick_all,829,50.0,0.06,0.0,0.0,3.582,0.010951562927235637,0.0,0.5,0.0
GRAB_s6_mug_toast_1,372,50.0,0.06,0.0,0.0,6.848000000000001,0.020936991324877065,0.0,0.61,0.0
GRAB_s6_phone_call_1,759,50.0,0.06,0.0,0.0,5.996,0.018332096960274956,0.0,0.55,0.0
GRAB_s6_scissors_use_2,518,50.0,0.06,0.0,0.0,21.008000000000003,0.06422960189150372,0.0,0.62,0.0
GRAB_s6_spherelarge_pick_all,837,50.0,0.06,0.0,0.0,7.61,0.02326672079180994,0.0,0.54,0.0
GRAB_s6_spheremedium_pick_all,942,50.0,0.06,0.0,0.0,7.668,0.023444049281419,0.0,0.54,0.0
GRAB_s6_train_pass_1,411,50.0,0.06,0.0,0.0,22.804,0.06972067029388093,0.0,0.645,0.0
GRAB_s7_apple_pick_all,800,50.0,0.06,0.0,0.0,5.17,0.015806694677221733,0.0,0.44,0.0
GRAB_s7_banana_peel_2,515,50.0,0.06,0.0,0.0,14.690000000000001,0.044913026075123264,0.0,0.4629999999999996,0.0
GRAB_s7_cubemedium_pick_all,1490,50.0,0.06,0.0,0.0,2.258,0.0069035815437459725,0.0,0.38,0.0
GRAB_s7_gamecontroller_pick_all,1023,50.0,0.06,0.0,0.0,11.944,0.036517439308459645,0.0,0.42899999999999977,0.0
GRAB_s7_lightbulb_pass_1,213,50.0,0.06,0.0,0.0,8.608,0.026317993768186596,0.0,0.5279999999999996,0.0
GRAB_s7_mouse_use_1,457,50.0,0.06,0.0,0.0,2.35,0.0071848612169189705,0.0,0.49,0.0
GRAB_s7_pyramidlarge_inspect_1,404,50.0,0.06,0.0,0.0,22.186,0.06783120466321883,0.0,0.47849999999999965,0.0
GRAB_s7_spheremedium_inspect_1,323,50.0,0.06,0.0,0.0,19.564,0.0598147339777884,0.0,0.61,0.0
GRAB_s7_stapler_staple_1,404,50.0,0.06,0.0,0.0,5.088,0.015555988881567541,0.0,0.6269999999999993,0.0
GRAB_s7_wineglass_drink_2,402,50.0,0.06,0.0,0.0,4.162000000000001,0.012724847823326278,0.0,0.4994999999999999,0.0
GRAB_s8_bowl_drink_2,417,50.0,0.06,0.0,0.0,3.798,0.011611958681641808,0.0,0.4619999999999999,0.0
GRAB_s8_camera_offhand_1,495,50.0,0.06,0.0,0.0,25.490000000000002,0.07793281379543171,0.0,0.43199999999999816,0.0
GRAB_s8_cubelarge_inspect_1,427,50.0,0.06,0.0,0.0,18.598,0.05686129740947192,0.0,0.3969999999999999,0.0
GRAB_s8_cubelarge_pick_all,1025,50.0,0.06,0.0,0.0,41.230000000000004,0.12605609701002943,0.0,0.54,0.0
GRAB_s8_cubesmall_pick_all,700,50.0,0.06,0.0,0.0,26.451999999999998,0.08087402081274067,0.0,0.53,0.0
GRAB_s8_cylindersmall_pick_all,792,50.0,0.06,0.0,0.0,18.328000000000003,0.0560358027164642,0.0,0.44,0.0
GRAB_s8_doorknob_use_2,503,50.0,0.06,0.0,0.0,9.82,0.030023547723465653,0.0,0.53,0.0
GRAB_s8_fryingpan_cook_2,398,50.0,0.06,0.0,0.0,5.119999999999999,0.015653825289627714,0.0,0.37,0.0
GRAB_s8_gamecontroller_pass_1,383,50.0,0.06,0.0,0.0,17.282000000000004,0.0528377751279973,0.0,0.39,0.0
GRAB_s8_hammer_use_1,528,50.0,0.06,0.0,0.0,36.478,0.1115273904130937,0.0,0.5,0.0
GRAB_s8_pyramidmedium_pass_1,415,50.0,0.06,0.0,0.0,6.476,0.019799643081177553,0.0,0.41,0.0
GRAB_s8_stanfordbunny_inspect_1,432,50.0,0.06,0.0,0.0,5.004,0.015299168310409584,0.0,0.37,0.0
GRAB_s8_stanfordbunny_pass_1,388,50.0,0.06,0.0,0.0,29.840000000000003,0.09123245051611152,0.0,0.4964999999999998,0.0
GRAB_s8_stanfordbunny_pick_all,838,50.0,0.06,0.0,0.0,69.04400000000001,0.21109427994083121,0.0,0.45,0.0
GRAB_s8_toruslarge_inspect_1,397,50.0,0.06,0.0,0.0,5.8420000000000005,0.01786125924648537,0.0,0.42,0.0
GRAB_s8_wineglass_drink_1,428,50.0,0.06,0.0,0.0,6.684,0.020435579733568677,0.0,0.42649999999999977,0.0
GRAB_s8_wineglass_pick_all,948,50.0,0.06,0.0,0.0,0.15600000000000003,0.00047695248929334444,0.0,0.39,0.0
GRAB_s9_alarmclock_pass_1,267,50.0,0.06,0.0,0.0,2.7780000000000005,0.008493423174723787,0.0,0.4439999999999998,0.0
GRAB_s9_alarmclock_see_1,338,50.0,0.06,0.0,0.0,8.408000000000001,0.02570651621781051,0.0,0.4029999999999996,0.0
GRAB_s9_cylinderlarge_pick_all,705,50.0,0.06,0.0,0.0,15.844000000000001,0.04844125154079326,0.0,0.45,0.0
GRAB_s9_piggybank_use_1,455,50.0,0.06,0.0,0.0,25.474000000000004,0.07788389559140163,0.0,0.42,0.0
GRAB_s9_pyramidmedium_inspect_1,256,50.0,0.06,0.0,0.0,4.422000000000001,0.013519768638815184,0.0,0.58,0.0
GRAB_s9_spheresmall_pass_1,317,50.0,0.06,0.0,0.006309148264984227,225.442,0.689263609559424,0.0,0.73,0.006309148264984227
GRAB_s9_stapler_pass_1,313,50.0,0.06,0.0,0.0,8.362,0.025565876381224012,0.0,0.5439999999999998,0.0
GRAB_s9_torussmall_inspect_1,250,50.0,0.06,0.0,0.0,1.8239999999999998,0.005576675259429873,0.0,0.3654999999999998,0.0
GRAB_s9_wineglass_drink_1,395,50.0,0.06,0.0,0.0,2.038,0.00623095623833228,0.0,0.37,0.0
HUMAN4D_Subject1_2_Aude_INF_TalkingWhispering_S1S2_01_poses_120_jpos,2628,50.0,0.06,0.0,0.0,292.108,0.8930874214262836,0.0,0.62,0.0
HUMAN4D_Subject2_Aude_INF_InflightSafety_S2_01_poses_120_jpos,2805,50.0,0.06,0.0,0.0,371.114,1.1346393981513474,0.0,0.57,0.0
HUMAN4D_Subject2_Aude_RGB_Talking_S2_01_poses_120_jpos,1010,50.0,0.06,0.0,0.0,168.296,0.514546129090466,0.0,0.62,0.0
HUMAN4D_Subject3_4_Carine_INF_Dancing_S3S4_01_poses_120_jpos,1012,50.0,0.06,0.10177865612648221,0.11857707509881422,1379.478,4.217599141188488,0.010869565217391304,0.87,0.11857707509881422
HUMAN4D_Subject3_4_Carine_RGB_TalkingWhispering_S3S4_01_poses_120_jpos,2571,50.0,0.06,0.0,0.0,155.352,0.4749713020301259,0.0,0.48,0.0
HUMAN4D_Subject3_Medhi_INF_InflightSafety_S3_01_poses_120_jpos,2413,50.0,0.06,0.036469125569830084,0.036469125569830084,825.358,2.5234394401165137,0.0,0.4,0.036469125569830084
HUMAN4D_Subject3_Medhi_RGB_TalkingWalking_S3_01_poses_120_jpos,1224,50.0,0.06,0.11356209150326797,0.16666666666666666,2032.8039999999999,6.215070051573511,0.0,0.37,0.16666666666666666
HUMAN4D_Subject3_Medhi_RGB_Talking_S3_01_poses_120_jpos,1045,50.0,0.06,0.0,0.0,76.53200000000001,0.23398799942691173,0.0,0.35,0.0
HUMAN4D_Subject4_Carine_INF_InflightSafety_S4_02_poses_120_jpos,2797,50.0,0.06,0.0003575259206292456,0.0003575259206292456,113.304,0.3464142618390582,0.0,0.52,0.0003575259206292456
HUMAN4D_Subject4_Carine_RGB_BasketBall_S4_01_poses_120_jpos,863,50.0,0.06,0.2688296639629201,0.2688296639629201,1850.986,5.659181925302117,0.0,0.67,0.2688296639629201
HUMAN4D_Subject4_Carine_RGB_Bending_S4_01_poses_120_jpos,1178,50.0,0.06,0.023769100169779286,0.023769100169779286,411.262,1.2573874016138422,0.04159592529711375,0.99,0.023769100169779286
HumanEva_S1_Box_1_poses_120_jpos,1143,50.0,0.06,0.022747156605424323,0.022747156605424323,573.1539999999999,1.7523540195412661,0.0,0.74,0.022747156605424323
HumanEva_S1_Gestures_3_poses_120_jpos,887,50.0,0.06,0.0,0.0,1.7760000000000002,0.005429920647339614,0.0,0.5,0.0
HumanEva_S3_Gestures_3_poses_120_jpos,746,50.0,0.06,0.0,0.0,9.778000000000002,0.029895137437886674,0.0,0.52,0.0
KIT_10_RightTurn05_poses_100_jpos,314,50.0,0.06,0.0,0.0,34.566,0.10568166503149834,0.0,0.58,0.0
KIT_10_WalkInClockwiseCircle08_poses_100_jpos,344,50.0,0.06,0.0,0.0,61.31,0.18744844306778813,0.0,0.74,0.0
KIT_10_WalkInClockwiseCircle09_poses_100_jpos,330,50.0,0.06,0.0,0.0,39.71000000000001,0.1214088676271712,0.0,0.7610000000000002,0.0
KIT_10_WalkingStraightBackwards07_poses_100_jpos,252,50.0,0.06,0.0,0.0,29.614000000000004,0.09054148088418655,0.0,0.5644999999999999,0.0
KIT_11_WalkInCounterClockwiseCircle02_poses_100_jpos,382,50.0,0.06,0.0,0.0,18.07,0.05524699667647906,0.0,0.6494999999999999,0.0
KIT_11_WalkInCounterClockwiseCircle05_poses_100_jpos,348,50.0,0.06,0.0,0.0,22.008,0.06728698964338412,0.0,0.63,0.0
KIT_11_WalkingStraightForwards02_poses_100_jpos,271,50.0,0.06,0.0,0.0,6.856,0.02096145042689211,0.0,0.615,0.0
KIT_11_WalkingStraightForwards05_poses_100_jpos,244,50.0,0.06,0.0,0.0,12.091999999999999,0.03696993269573795,0.0,0.6285,0.0
KIT_1226_Trial_03_poses_100_jpos,5579,50.0,0.06,0.0,0.0,13.123999999999999,0.04012515685567853,0.0,0.48,0.0
KIT_1226_Trial_06_poses_100_jpos,399,50.0,0.06,0.0,0.0,0.494,0.001510349549428924,0.0,0.47,0.0
KIT_1226_Trial_13_poses_100_jpos,374,50.0,0.06,0.0,0.0,0.0,0.0,0.0,0.5134999999999996,0.0
KIT_1226_Trial_19_poses_100_jpos,438,50.0,0.06,0.0,0.0,0.458,0.0014002835903612289,0.0,0.5,0.0
KIT_1226_Trial_24_poses_100_jpos,385,50.0,0.06,0.0,0.0,0.116,0.0003546569792181279,0.0,0.5379999999999996,0.0
KIT_1226_Trial_44_poses_100_jpos,324,50.0,0.06,0.0,0.0,2.4299999999999997,0.007429452237069403,0.0,0.47,0.0
KIT_1226_Trial_45_poses_100_jpos,299,50.0,0.06,0.0,0.0,1.664,0.005087493219129007,0.0,0.47,0.0
KIT_1226_Trial_67_poses_100_jpos,567,50.0,0.06,0.0,0.0,0.046,0.000140639836586499,0.0,0.43,0.0
KIT_1226_Trial_75_poses_100_jpos,537,50.0,0.06,0.0,0.0,0.0,0.0,0.0,0.42,0.0
KIT_1226_Trial_78_poses_100_jpos,897,50.0,0.06,0.0,0.0,1.0,0.0030573877518804125,0.0,0.46,0.0
KIT_1229_flexion_with_help_02_poses_100_jpos,430,50.0,0.06,0.0,0.0,0.0,0.0,0.0,0.38,0.0
KIT_1229_hand_through_hair_right_arm_02_poses_100_jpos,190,50.0,0.06,0.0,0.0,0.0,0.0,0.0,0.31,0.0
KIT_1229_hand_to_mouth_right_arm_03_poses_100_jpos,180,50.0,0.06,0.0,0.0,0.0,0.0,0.0,0.34049999999999986,0.0
KIT_1229_in_out_rotation_with_help_03_poses_100_jpos,307,50.0,0.06,0.0,0.0,0.0,0.0,0.0,0.35,0.0
KIT_1229_supination_with_help_03_poses_100_jpos,320,50.0,0.06,0.0,0.0,0.0,0.0,0.0,0.38,0.0
KIT_1229_take_book_from_shelf_with_help_02_poses_100_jpos,298,50.0,0.06,0.0,0.0,0.0,0.0,0.0,0.55,0.0
KIT_1229_take_of_t-shirt_left_arm_05_poses_100_jpos,169,50.0,0.06,0.0,0.0,0.0,0.0,0.0,0.49,0.0
KIT_1229_take_of_t-shirt_with_help_05_poses_100_jpos,356,50.0,0.06,0.0,0.0,0.0,0.0,0.0,0.4925,0.0
KIT_1229_washing_movement_left_arm_03_poses_100_jpos,199,50.0,0.06,0.0,0.0,0.0,0.0,0.0,0.4809999999999999,0.0
KIT_1229_washing_movement_with_help_02_poses_100_jpos,250,50.0,0.06,0.0,0.0,0.0,0.0,0.0,0.44,0.0
KIT_1297_wipe02_poses_100_jpos,767,50.0,0.06,0.0,0.0,24.014000000000003,0.07342010947365622,0.0,0.47,0.0
KIT_1297_wipe08_poses_100_jpos,836,50.0,0.06,0.0,0.0,69.968,0.21391930622356875,0.0,0.46,0.0
KIT_1297_wipe15_poses_100_jpos,1108,50.0,0.06,0.0,0.0,73.17,0.22370906180508981,0.0,0.46,0.0
KIT_12_RightTurn02_poses_100_jpos,462,50.0,0.06,0.0,0.0,43.562000000000005,0.13318592524741452,0.0,0.6494999999999999,0.0
KIT_12_RightTurn05_poses_100_jpos,177,50.0,0.06,0.0,0.0,18.976,0.058016989979682715,0.0,0.6419999999999999,0.0
KIT_12_WalkInCounterClockwiseCircle05_poses_100_jpos,378,50.0,0.06,0.0,0.0,21.668,0.06624747780774479,0.0,0.6414999999999997,0.0
KIT_12_WalkInCounterClockwiseCircle08_poses_100_jpos,363,50.0,0.06,0.0,0.0,23.85,0.07291869788234784,0.0,0.68,0.0
KIT_12_WalkingStraightBackwards01_poses_100_jpos,300,50.0,0.06,0.0,0.0,20.748,0.0634346810760148,0.0,0.6405000000000002,0.0
KIT_12_WalkingStraightBackwards02_poses_100_jpos,289,50.0,0.06,0.0,0.0,28.776000000000003,0.08797938994811075,0.0,0.69,0.0
KIT_12_WalkingStraightBackwards10_poses_100_jpos,341,50.0,0.06,0.0,0.0,15.936,0.04872253121396626,0.0,0.66,0.0
KIT_1487_stirring_in_the_bowl07_poses_100_jpos,441,50.0,0.06,0.0,0.0,61.562000000000005,0.18821890478126196,0.0,0.35,0.0
KIT_167_bend_right01_poses_100_jpos,276,50.0,0.06,0.0,0.0,25.026,0.07651418587855921,0.0,0.5825,0.0
KIT_167_bend_right04_poses_100_jpos,258,50.0,0.06,0.0,0.0,23.092,0.07060119796642249,0.0,0.6314999999999997,0.0
KIT_167_bend_right09_poses_100_jpos,289,50.0,0.06,0.0,0.0,25.8,0.07888060399851465,0.0,0.4559999999999997,0.0
KIT_167_parkour03_poses_100_jpos,352,50.0,0.06,0.005681818181818182,0.005681818181818182,128.62,0.39324121264685863,0.0,0.6489999999999998,0.005681818181818182
KIT_167_parkour04_poses_100_jpos,455,50.0,0.06,0.041758241758241756,0.041758241758241756,339.74399999999997,1.038729144374859,0.0,0.5179999999999972,0.041758241758241756
KIT_167_parkour05_poses_100_jpos,443,50.0,0.06,0.0,0.0,100.636,0.30768327379823723,0.0,0.6189999999999998,0.0
KIT_167_parkour06_poses_100_jpos,435,50.0,0.06,0.03908045977011494,0.041379310344827586,266.5799999999999,0.8150384268962805,0.0,0.58,0.041379310344827586
KIT_167_step_over_gap11_poses_100_jpos,276,50.0,0.06,0.0,0.0,60.38199999999999,0.18461118723404307,0.0,0.5325,0.0
KIT_167_turn_left04_poses_100_jpos,271,50.0,0.06,0.014760147601476014,0.014760147601476014,91.97399999999999,0.28120018109144906,0.0,0.595,0.014760147601476014
KIT_167_turn_right05_poses_100_jpos,314,50.0,0.06,0.0,0.0,55.846000000000004,0.17074287639151353,0.0,0.6634999999999996,0.0
KIT_167_walking_run08_poses_100_jpos,218,50.0,0.06,0.0779816513761468,0.03211009174311927,113.304,0.34641426183905827,0.0,0.9014999999999997,0.03211009174311927
KIT_167_walking_run10_poses_100_jpos,244,50.0,0.06,0.11885245901639344,0.05737704918032787,192.034,0.5871223995446033,0.0,0.9039999999999998,0.05737704918032787
KIT_167_walking_slow02_poses_100_jpos,377,50.0,0.06,0.0,0.0,131.142,0.4009519445571011,0.0,0.39,0.0
KIT_167_walking_slow04_poses_100_jpos,325,50.0,0.06,0.0,0.0,60.384,0.18461730200954685,0.0,0.5480000000000002,0.0
KIT_1717_displace_from_left_to_right_14_poses_100_jpos,252,50.0,0.06,0.0,0.0,3.04,0.009294458765716456,0.0,0.5344999999999999,0.0
KIT_1717_displace_from_left_to_right_21_poses_100_jpos,228,50.0,0.06,0.0,0.0,1.792,0.0054788388513697,0.0,0.46649999999999975,0.0
KIT_1717_displace_from_left_to_right_30_poses_100_jpos,244,50.0,0.06,0.0,0.0,4.536,0.013868310842529551,0.0,0.4084999999999999,0.0
KIT_1717_displace_from_left_to_right_33_poses_100_jpos,212,50.0,0.06,0.0,0.0,3.584,0.010957677702739399,0.0,0.45,0.0
KIT_1717_displace_from_left_to_right_39_poses_100_jpos,205,50.0,0.06,0.0,0.0,2.74,0.00837724244015233,0.0,0.43,0.0
KIT_1717_displace_from_left_to_right_49_poses_100_jpos,261,50.0,0.06,0.0,0.0,1.8920000000000001,0.0057845776265577405,0.0,0.47,0.0
KIT_1717_displace_tilt_middle_11_poses_100_jpos,453,50.0,0.06,0.0,0.0,0.052000000000000005,0.00015898416309778146,0.0,0.41,0.0
KIT_1717_displace_tilt_middle_21_poses_100_jpos,475,50.0,0.06,0.0,0.0,0.0,0.0,0.0,0.41,0.0
KIT_1717_displace_tilt_middle_24_poses_100_jpos,475,50.0,0.06,0.0,0.0,0.0,0.0,0.0,0.38299999999999956,0.0
KIT_1717_displace_tilt_side_08_poses_100_jpos,464,50.0,0.06,0.0,0.0,0.20600000000000002,0.000629821876887365,0.0,0.46,0.0
KIT_1717_displace_tilt_side_26_poses_100_jpos,547,50.0,0.06,0.0,0.0,2.862,0.008750243745881741,0.0,0.45,0.0
KIT_1717_displace_tilt_side_42_poses_100_jpos,501,50.0,0.06,0.0,0.0,0.668,0.002042335018256116,0.0,0.5,0.0
KIT_1721_RecoveryStepping_30_0_03_poses_100_jpos,237,50.0,0.06,0.0,0.0,0.046,0.000140639836586499,0.0,0.38,0.0
KIT_1721_RecoveryStepping_50_135_04_poses_100_jpos,236,50.0,0.06,0.0,0.0,7.0200000000000005,0.021462862018200496,0.0,0.28250000000000003,0.0
KIT_1721_RecoveryStepping_80_0_02_poses_100_jpos,162,50.0,0.06,0.0,0.0,8.326,0.02545581042215632,0.0,0.5094999999999998,0.0
KIT_1747_displace_tilt_middle_12_poses_100_jpos,482,50.0,0.06,0.0,0.0,0.108,0.0003301978772030846,0.0,0.4,0.0
KIT_1747_displace_tilt_middle_23_poses_100_jpos,513,50.0,0.06,0.0,0.0,0.0,0.0,0.0,0.4,0.0
KIT_1747_displace_tilt_side_02_poses_100_jpos,468,50.0,0.06,0.0,0.0,14.251999999999999,0.04357389023979964,0.0,0.44,0.0
KIT_1747_displace_tilt_side_04_poses_100_jpos,474,50.0,0.06,0.0,0.0,23.418,0.07159790637353551,0.0,0.43,0.0
KIT_1747_displace_tilt_side_05_poses_100_jpos,480,50.0,0.06,0.0,0.0,10.328,0.0315767007014209,0.0,0.42,0.0
KIT_1747_displace_tilt_side_13_poses_100_jpos,465,50.0,0.06,0.0,0.0,2.4640000000000004,0.007533403420633337,0.0,0.44,0.0
KIT_1747_displace_tilt_side_21_poses_100_jpos,461,50.0,0.06,0.0,0.0,3.556,0.010872070845686747,0.0,0.49,0.0
KIT_1747_displace_tilt_side_24_poses_100_jpos,490,50.0,0.06,0.0,0.0,0.394,0.0012046107742408826,0.0,0.41549999999999954,0.0
KIT_183_bend_left01_poses_100_jpos,293,50.0,0.06,0.0,0.0,12.572000000000003,0.03843747881664055,0.0,0.77,0.0
KIT_183_parkour02_poses_100_jpos,664,50.0,0.06,0.0,0.0030120481927710845,84.00800000000001,0.25684503025996974,0.0,0.82,0.0030120481927710845
KIT_183_step_over_gap05_poses_100_jpos,259,50.0,0.06,0.0,0.0,15.163999999999998,0.04636222786951458,0.0,0.7819999999999999,0.0
KIT_183_step_over_gap09_poses_100_jpos,263,50.0,0.06,0.0,0.0,17.408,0.05322300598473422,0.0,0.8389999999999997,0.0
KIT_183_turn_right08_poses_100_jpos,240,50.0,0.06,0.0,0.0,15.652000000000001,0.047854233092432225,0.0,0.8309999999999996,0.0
KIT_183_walking_run02_poses_100_jpos,210,50.0,0.06,0.19523809523809524,0.17142857142857143,338.656,1.035402706500813,0.0,0.7709999999999997,0.17142857142857143
KIT_183_walking_run06_poses_100_jpos,183,50.0,0.06,0.0546448087431694,0.04918032786885246,119.83400000000002,0.36637900385883737,0.0,1.0090000000000001,0.04918032786885246
KIT_183_walking_run07_poses_100_jpos,191,50.0,0.06,0.24607329842931938,0.23036649214659685,402.91599999999994,1.2318704434366485,0.0,0.73,0.23036649214659685
KIT_183_walking_slow02_poses_100_jpos,367,50.0,0.06,0.07629427792915532,0.07629427792915532,219.13799999999998,0.6699898371715698,0.0,0.62,0.07629427792915532
KIT_200_Kniebeuge01_poses_100_jpos,374,50.0,0.06,0.3502673796791444,0.3502673796791444,977.3819999999998,2.9882357557083816,0.0,0.8,0.3502673796791444
KIT_200_Kniebeuge04_poses_100_jpos,218,50.0,0.06,0.3211009174311927,0.3211009174311927,514.548,1.5731727529545625,0.0,0.7814999999999998,0.3211009174311927
KIT_200_Kniebeuge06_poses_100_jpos,220,50.0,0.06,0.29545454545454547,0.29545454545454547,477.65999999999997,1.460391833563198,0.0,0.7904999999999999,0.29545454545454547
KIT_205_walking_slow02_poses_100_jpos,323,50.0,0.06,0.0,0.0,10.07,0.030787894661435757,0.0,0.49,0.0
KIT_205_walking_slow07_poses_100_jpos,283,50.0,0.06,0.0,0.0,6.934000000000001,0.021199926671538784,0.0,0.54,0.0
KIT_291_cal03_poses_100_jpos,212,50.0,0.06,0.0,0.0,42.080000000000005,0.12865487659912778,0.0,0.6444999999999999,0.0
KIT_291_push_recovery_back05_poses_100_jpos,375,50.0,0.06,0.0,0.0,16.288,0.04979873170262816,0.0,0.6130000000000001,0.0
KIT_291_push_recovery_back07_poses_100_jpos,282,50.0,0.06,0.0,0.0,22.663999999999998,0.06929263600861767,0.0,0.64,0.0
KIT_291_push_recovery_left07_poses_100_jpos,311,50.0,0.06,0.0,0.0,27.738,0.0848058214616589,0.0,0.65,0.0
KIT_291_push_recovery_right03_poses_100_jpos,283,50.0,0.06,0.0,0.0,25.134000000000007,0.0768443837557623,0.0,0.63,0.0
KIT_291_push_recovery_stand_left01_poses_100_jpos,249,50.0,0.06,0.0,0.0,18.424,0.05632931194064472,0.0,0.3919999999999999,0.0
KIT_291_push_recovery_stand_right02_poses_100_jpos,227,50.0,0.06,0.0,0.0,10.474,0.032023079313195445,0.0,0.41,0.0
KIT_291_shake_hand05_poses_100_jpos,212,50.0,0.06,0.0,0.0,0.138,0.00042191950975949697,0.0,0.35,0.0
KIT_291_walk_like_an_egyptian01_poses_100_jpos,172,50.0,0.06,0.0,0.0,1.554,0.004751180566422162,0.0,0.51,0.0
KIT_314_bend_left01_poses_100_jpos,188,50.0,0.06,0.0,0.0,8.07,0.02467311915767493,0.0,0.7595000000000002,0.0
KIT_314_go_over_beam01_poses_100_jpos,543,50.0,0.06,0.3683241252302026,0.3683241252302026,1361.032,4.161202566717302,0.0,0.43,0.3683241252302026
KIT_314_turn_left04_poses_100_jpos,216,50.0,0.06,0.0,0.0,25.29,0.07732133624505563,0.0,0.75,0.0
KIT_314_turn_right10_poses_100_jpos,220,50.0,0.06,0.0,0.0,26.768,0.08184015534233488,0.0,0.63,0.0
KIT_314_walking_fast05_poses_100_jpos,250,50.0,0.06,0.0,0.0,11.77,0.03598545383963246,0.0,0.72,0.0
KIT_314_walking_medium03_poses_100_jpos,349,50.0,0.06,0.0,0.0,8.754,0.026764372379961134,0.0,0.5419999999999994,0.0
KIT_314_walking_run04_poses_100_jpos,192,50.0,0.06,0.11458333333333333,0.057291666666666664,160.492,0.4906862750747912,0.0,0.8289999999999997,0.057291666666666664
KIT_317_bend_left01_poses_100_jpos,164,50.0,0.06,0.0,0.0,12.716,0.03887774265291133,0.0,0.6854999999999998,0.0
KIT_317_bend_right03_poses_100_jpos,187,50.0,0.06,0.0,0.0,14.432000000000002,0.04412422003513811,0.0,0.61,0.0
KIT_317_bend_right08_poses_100_jpos,179,50.0,0.06,0.0,0.0,13.872,0.04241208289408509,0.0,0.6519999999999999,0.0
KIT_317_go_over_beam06_poses_100_jpos,292,50.0,0.06,0.4554794520547945,0.4623287671232877,906.162,2.7704886000194584,0.0,0.5644999999999999,0.4623287671232877
KIT_317_go_over_beam08_poses_100_jpos,309,50.0,0.06,0.44660194174757284,0.4563106796116505,937.3199999999999,2.8657506875925485,0.0,0.5119999999999993,0.4563106796116505
KIT_317_step_over_gap05_poses_100_jpos,232,50.0,0.06,0.0,0.0,12.751999999999999,0.03898780861197902,0.0,0.6644999999999999,0.0
KIT_317_turn_right05_poses_100_jpos,237,50.0,0.06,0.0,0.0,38.852000000000004,0.1187856289360578,0.0,0.6919999999999998,0.0
KIT_317_walking_fast09_poses_100_jpos,250,50.0,0.06,0.0,0.0,28.804000000000002,0.08806499680516341,0.0,0.71,0.0
KIT_317_walking_medium07_poses_100_jpos,182,50.0,0.06,0.0,0.0,9.222000000000001,0.028195229847841168,0.0,0.6594999999999999,0.0
KIT_317_walking_run03_poses_100_jpos,174,50.0,0.06,0.034482758620689655,0.028735632183908046,122.74399999999999,0.3752760022168094,0.0,0.6735,0.028735632183908046
KIT_317_walking_run09_poses_100_jpos,200,50.0,0.06,0.03,0.03,117.27199999999999,0.3585459764385197,0.0,0.6409999999999997,0.03
KIT_348_bend_left08_poses_100_jpos,256,50.0,0.06,0.0,0.0,6.062,0.01853388455189906,0.0,0.67,0.0
KIT_348_bend_right04_poses_100_jpos,252,50.0,0.06,0.0,0.0,7.726,0.023621377771028067,0.0,0.6744999999999999,0.0
KIT_348_parkour01_poses_100_jpos,606,50.0,0.06,0.0016501650165016502,0.0016501650165016502,79.62400000000001,0.24344144235572596,0.0,0.76,0.0016501650165016502
KIT_348_parkour05_poses_100_jpos,523,50.0,0.06,0.0,0.0,54.604,0.16694560080367807,0.0,0.7489999999999998,0.0
KIT_348_turn_left05_poses_100_jpos,309,50.0,0.06,0.0,0.0,24.278,0.07422725984015266,0.0,0.6259999999999997,0.0
KIT_348_turn_left06_poses_100_jpos,317,50.0,0.06,0.0,0.0,25.698,0.07856875044782284,0.0,0.63,0.0
KIT_348_walking_slow08_poses_100_jpos,294,50.0,0.06,0.0,0.0,7.67,0.023450164056922768,0.0,0.58,0.0
KIT_359_bend_left06_poses_100_jpos,210,50.0,0.06,0.06666666666666667,0.06666666666666667,197.76799999999997,0.6046534609138854,0.0,0.51,0.06666666666666667
KIT_359_go_over_beam02_poses_100_jpos,428,50.0,0.06,0.45093457943925236,0.45093457943925236,1294.098,3.9565593749329384,0.0,0.39,0.45093457943925236
KIT_359_go_over_beam03_poses_100_jpos,475,50.0,0.06,0.40421052631578946,0.40421052631578946,1287.294,3.935756908669144,0.0,0.38299999999999956,0.40421052631578946
KIT_359_turn_left02_poses_100_jpos,252,50.0,0.06,0.05952380952380952,0.05952380952380952,162.67000000000002,0.49734526559838665,0.0,0.7144999999999998,0.05952380952380952
KIT_359_turn_right03_poses_100_jpos,286,50.0,0.06,0.07692307692307693,0.08391608391608392,320.694,0.9804859077015371,0.0,0.95,0.08391608391608392
KIT_359_turn_right08_poses_100_jpos,274,50.0,0.06,0.072992700729927,0.072992700729927,251.02800000000002,0.7674899325790363,0.0,0.91,0.072992700729927
KIT_359_walking_fast01_poses_100_jpos,188,50.0,0.06,0.10106382978723404,0.11170212765957446,251.018,0.7674593587015174,0.0,0.56,0.11170212765957446
KIT_359_walking_medium03_poses_100_jpos,263,50.0,0.06,0.026615969581749048,0.026615969581749048,189.592,0.5796562586545112,0.0,0.48899999999999977,0.026615969581749048
KIT_359_walking_medium10_poses_100_jpos,258,50.0,0.06,0.031007751937984496,0.031007751937984496,168.226,0.5143321119478343,0.0,0.55,0.031007751937984496
KIT_359_walking_slow04_poses_100_jpos,313,50.0,0.06,0.038338658146964855,0.038338658146964855,289.22400000000005,0.8842699151498605,0.0,0.37,0.038338658146964855
KIT_359_walking_slow06_poses_100_jpos,267,50.0,0.06,0.0299625468164794,0.0299625468164794,184.988,0.5655800454448539,0.0,0.37,0.0299625468164794
KIT_378_push_recovery_front04_poses_100_jpos,350,50.0,0.06,0.0,0.0,87.66,0.268010610329837,0.0,0.6855000000000001,0.0
KIT_378_push_recovery_right05_poses_100_jpos,325,50.0,0.06,0.055384615384615386,0.043076923076923075,176.04999999999995,0.5382531137185466,0.0,0.6280000000000001,0.043076923076923075
KIT_378_push_recovery_stand_left01_poses_100_jpos,186,50.0,0.06,0.06989247311827956,0.08064516129032258,129.586,0.3961946492151752,0.0,0.7175,0.08064516129032258
KIT_378_push_recovery_stand_right08_poses_100_jpos,226,50.0,0.06,0.04424778761061947,0.04424778761061947,84.36,0.2579212307486316,0.0,0.64,0.04424778761061947
KIT_379_push_recovery_back10_poses_100_jpos,200,50.0,0.06,0.0,0.0,26.086,0.07975501689555245,0.0,0.73,0.0
KIT_379_push_recovery_front01_poses_100_jpos,200,50.0,0.06,0.0,0.01,63.734,0.19485955097834626,0.0,0.6814999999999996,0.01
KIT_379_push_recovery_front06_poses_100_jpos,300,50.0,0.06,0.0,0.01,84.30000000000001,0.25773778748351883,0.0,0.74,0.01
KIT_379_push_recovery_left05_poses_100_jpos,325,50.0,0.06,0.015384615384615385,0.009230769230769232,88.624,0.2709579321226497,0.0,0.71,0.009230769230769232
KIT_379_push_recovery_left08_poses_100_jpos,288,50.0,0.06,0.0798611111111111,0.07291666666666667,202.86200000000005,0.6202277941219644,0.0,0.6264999999999997,0.07291666666666667
KIT_379_push_recovery_stand_back06_poses_100_jpos,138,50.0,0.06,0.0,0.0,39.31,0.12018591252641903,0.0,0.5630000000000002,0.0
KIT_379_push_recovery_stand_left10_poses_100_jpos,138,50.0,0.06,0.014492753623188406,0.007246376811594203,38.327999999999996,0.11718355775407246,0.0,0.5715,0.007246376811594203
KIT_379_push_recovery_stand_right01_poses_100_jpos,275,50.0,0.06,0.04,0.05454545454545454,109.672,0.3353098295242286,0.0,0.68,0.05454545454545454
KIT_379_push_recovery_stand_right07_poses_100_jpos,175,50.0,0.06,0.05714285714285714,0.02857142857142857,69.974,0.21393765055008,0.0,0.43199999999999933,0.02857142857142857
KIT_3_Drinking09_poses_100_jpos,399,50.0,0.06,0.0,0.0,36.726,0.11228562257556005,0.0,0.34,0.0
KIT_3_balancing01_poses_100_jpos,559,50.0,0.06,0.0,0.0,0.7200000000000001,0.0022013191813538974,0.0,0.27,0.0
KIT_3_bend_left05_poses_100_jpos,329,50.0,0.06,0.0,0.0,11.914000000000001,0.03642571767590324,0.0,0.61,0.0
KIT_3_bend_left08_poses_100_jpos,350,50.0,0.06,0.0,0.0,15.39,0.047053197501439555,0.0,0.57,0.0
KIT_3_bend_right05_poses_100_jpos,257,50.0,0.06,0.0,0.0,12.074000000000002,0.036914899716204104,0.0,0.5219999999999999,0.0
KIT_3_bow_slight02_poses_100_jpos,225,50.0,0.06,0.0,0.0,1.7240000000000002,0.005270936484241832,0.0,0.38,0.0
KIT_3_bow_slight03_poses_100_jpos,273,50.0,0.06,0.0,0.0,11.576,0.035392320615767664,0.0,0.38,0.0
KIT_3_go_over_beam01_poses_100_jpos,518,50.0,0.06,0.3436293436293436,0.3436293436293436,1222.994,3.739166876223233,0.0,0.38,0.3436293436293436
KIT_3_golf_drive01_poses_100_jpos,315,50.0,0.06,0.0,0.015873015873015872,137.554,0.4205559148221583,0.006349206349206349,0.63,0.015873015873015872
KIT_3_golf_drive02_poses_100_jpos,276,50.0,0.06,0.0,0.014492753623188406,97.46000000000001,0.297973010298265,0.010869565217391304,0.63,0.014492753623188406
KIT_3_inspect_shoe_sole07_poses_100_jpos,459,50.0,0.06,0.08714596949891068,0.08714596949891068,428.95200000000006,1.3114725909446068,0.0,0.4,0.08714596949891068
KIT_3_jump_left05_poses_100_jpos,218,50.0,0.06,0.07339449541284404,0.027522935779816515,77.57,0.23716156791336362,0.0,0.6089999999999987,0.027522935779816515
KIT_3_jump_up04_poses_100_jpos,291,50.0,0.06,0.07216494845360824,0.01718213058419244,94.306,0.2883300093288342,0.0,0.545,0.01718213058419244
KIT_3_kick_high_right03_poses_100_jpos,227,50.0,0.06,0.1762114537444934,0.1762114537444934,253.038,0.7736352819603158,0.0,0.38,0.1762114537444934
KIT_3_kneel_down_with_both_hands08_poses_100_jpos,288,50.0,0.06,0.07291666666666667,0.07291666666666667,165.13600000000002,0.5048847837945238,0.0,2.7064999999999997,0.07291666666666667
KIT_3_kneel_down_with_left_hand04_poses_100_jpos,453,50.0,0.06,0.037527593818984545,0.037527593818984545,155.252,0.4746655632549378,0.0,0.56,0.037527593818984545
KIT_3_kneel_down_with_right_hand03_poses_100_jpos,295,50.0,0.06,0.03389830508474576,0.03389830508474576,91.13400000000001,0.2786319753798695,0.0,2.136,0.03389830508474576
KIT_3_kneel_down_with_stool_left_hand08_poses_100_jpos,248,50.0,0.06,0.0967741935483871,0.0967741935483871,255.14199999999997,0.7800680257902723,0.0,0.43,0.0967741935483871
KIT_3_kneel_down_with_stool_right_hand04_poses_100_jpos,325,50.0,0.06,0.05846153846153846,0.05846153846153846,272.98,0.834605708508315,0.0,0.6740000000000004,0.05846153846153846
KIT_3_kneel_up_from_crawl02_poses_100_jpos,223,50.0,0.06,0.026905829596412557,0.026905829596412557,103.04,0.3150332339537577,0.0,2.6719999999999984,0.026905829596412557
KIT_3_kneel_up_with_left_hand05_poses_100_jpos,193,50.0,0.06,0.03626943005181347,0.03626943005181347,83.894,0.25649648805625536,0.0,2.1599999999999953,0.03626943005181347
KIT_3_lean_on_table01_poses_100_jpos,353,50.0,0.06,0.08781869688385269,0.08781869688385269,218.246,0.6672626472968924,0.0,0.6239999999999998,0.08781869688385269
KIT_3_lean_over_table05_poses_100_jpos,551,50.0,0.06,0.0,0.0,158.158,0.48355033206190234,0.0,0.6,0.0
KIT_3_lean_over_table14_poses_100_jpos,489,50.0,0.06,0.0,0.0,136.35399999999998,0.4168870495199018,0.0,0.61,0.0
KIT_3_parkour05_poses_100_jpos,722,50.0,0.06,0.0,0.0,110.318,0.3372849020119434,0.0,0.66,0.0
KIT_3_push_from_the_left_side09_poses_100_jpos,244,50.0,0.06,0.0,0.0,3.626,0.011086087988318376,0.0,0.32,0.0
KIT_3_seesaw01_poses_100_jpos,287,50.0,0.06,0.08362369337979095,0.08362369337979095,216.99599999999995,0.6634409126070421,0.0,0.37,0.08362369337979095
KIT_3_seesaw07_poses_100_jpos,351,50.0,0.06,0.2222222222222222,0.2222222222222222,555.906,1.6996201955968326,0.0,0.39,0.2222222222222222
KIT_3_seesaw_backwards07_poses_100_jpos,674,50.0,0.06,0.2433234421364985,0.2433234421364985,1138.2559999999999,3.480089952904391,0.0,0.42,0.2433234421364985
KIT_3_squat05_poses_100_jpos,275,50.0,0.06,0.2581818181818182,0.2581818181818182,499.02,1.5256976359433634,0.0,0.69,0.2581818181818182
KIT_3_step_over_gap02_poses_100_jpos,280,50.0,0.06,0.0,0.0,27.582,0.08432886897236555,0.0,0.5805000000000001,0.0
KIT_3_stomp_right02_poses_100_jpos,258,50.0,0.06,0.0,0.0,18.549999999999997,0.05671454279738166,0.0,0.43,0.0
KIT_3_stomp_right04_poses_100_jpos,229,50.0,0.06,0.0,0.0,11.516000000000002,0.03520887735065484,0.0,0.38,0.0
KIT_3_tennis_forehand_left05_poses_100_jpos,297,50.0,0.06,0.0,0.0,27.17,0.08306922521859081,0.0,0.44,0.0
KIT_3_tennis_smash_right05_poses_100_jpos,295,50.0,0.06,0.020338983050847456,0.04406779661016949,151.18,0.4622158803292808,0.0,0.6790000000000004,0.04406779661016949
KIT_3_throw_left02_poses_100_jpos,238,50.0,0.06,0.0,0.02100840336134454,82.70400000000001,0.25285819663151765,0.0,0.66,0.02100840336134454
KIT_3_throw_right03_poses_100_jpos,272,50.0,0.06,0.051470588235294115,0.051470588235294115,135.65,0.414734648542578,0.0,0.5089999999999998,0.051470588235294115
KIT_3_turn_right10_poses_100_jpos,259,50.0,0.06,0.0,0.0,35.65,0.10899587335453673,0.0,0.74,0.0
KIT_3_walk_with_left_support02_poses_100_jpos,377,50.0,0.06,0.0,0.0,175.20399999999998,0.5356665636804558,0.0,0.7239999999999998,0.0
KIT_3_walk_with_left_support_table01_poses_100_jpos,356,50.0,0.06,0.0028089887640449437,0.0028089887640449437,164.66,0.5034294672246288,0.0,0.7275,0.0028089887640449437
KIT_3_walk_with_support04_poses_100_jpos,337,50.0,0.06,0.0,0.0,137.22,0.4195347473130302,0.0,0.4919999999999999,0.0
KIT_3_walking_fast02_poses_100_jpos,261,50.0,0.06,0.0,0.0,17.85,0.05457437137106537,0.0,0.57,0.0
KIT_3_walking_fast05_poses_100_jpos,189,50.0,0.06,0.0,0.0,12.855999999999998,0.03930577693817458,0.0,0.6899999999999997,0.0
KIT_3_walking_medium01_poses_100_jpos,159,50.0,0.06,0.0,0.0,21.41,0.06545867176775963,0.0,0.6109999999999999,0.0
KIT_3_walking_medium02_poses_100_jpos,330,50.0,0.06,0.0,0.0,21.14,0.06463317707475194,0.0,0.4855000000000001,0.0
KIT_3_walking_medium06_poses_100_jpos,241,50.0,0.06,0.0,0.0,19.888,0.06080532760939765,0.0,0.62,0.0
KIT_3_walking_medium08_poses_100_jpos,270,50.0,0.06,0.0,0.0,16.882,0.05161482002724513,0.0,0.6774999999999991,0.0
KIT_3_walking_slow07_poses_100_jpos,323,50.0,0.06,0.0,0.0,23.598,0.07214823616887397,0.0,0.6289999999999998,0.0
KIT_3_wave_left01_poses_100_jpos,213,50.0,0.06,0.0,0.0,16.988,0.051938903128944454,0.0,0.39,0.0
KIT_3_wave_left05_poses_100_jpos,193,50.0,0.06,0.0,0.0,18.598,0.05686129740947192,0.0,0.39,0.0
KIT_3_wave_right04_poses_100_jpos,221,50.0,0.06,0.0,0.0,9.472000000000001,0.02895957678581127,0.0,0.42,0.0
KIT_421_push_recovery_back03_poses_100_jpos,275,50.0,0.06,0.01818181818181818,0.01818181818181818,60.15400000000001,0.18391410282661433,0.0,0.6330000000000001,0.01818181818181818
KIT_421_push_recovery_back06_poses_100_jpos,237,50.0,0.06,0.0,0.0,31.919999999999998,0.09759181704002277,0.0,0.6539999999999998,0.0
KIT_421_push_recovery_back07_poses_100_jpos,250,50.0,0.06,0.0,0.0,22.234,0.06797795927530909,0.0,0.6309999999999997,0.0
KIT_421_push_recovery_front02_poses_100_jpos,375,50.0,0.06,0.0,0.0,33.233999999999995,0.10160922454599364,0.0,0.6430000000000001,0.0
KIT_421_push_recovery_left06_poses_100_jpos,263,50.0,0.06,0.015209125475285171,0.04182509505703422,103.632,0.3168432075028709,0.0,0.64,0.04182509505703422
KIT_421_push_recovery_stand_front03_poses_100_jpos,250,50.0,0.06,0.0,0.0,15.342,0.046906442889349295,0.0,0.4784999999999988,0.0
KIT_421_push_recovery_stand_front06_poses_100_jpos,175,50.0,0.06,0.0,0.0,18.144,0.055473243370118205,0.0,0.57,0.0
KIT_421_push_recovery_stand_left02_poses_100_jpos,451,50.0,0.06,0.0066518847006651885,0.0066518847006651885,39.07,0.11945213946596772,0.0,0.34,0.0066518847006651885
KIT_421_push_recovery_stand_left03_poses_100_jpos,450,50.0,0.06,0.0,0.013333333333333334,49.692,0.15192771216644146,0.0,0.32,0.013333333333333334
KIT_421_push_recovery_stand_right08_poses_100_jpos,300,50.0,0.06,0.0,0.0,18.374000000000002,0.0561764425530507,0.0,0.36,0.0
KIT_424_bend_left05_poses_100_jpos,335,50.0,0.06,0.0,0.0,26.72,0.08169340073024463,0.0,0.5630000000000002,0.0
KIT_424_bend_left08_poses_100_jpos,266,50.0,0.06,0.0,0.0,22.462,0.06867504368273783,0.0,0.61,0.0
KIT_424_seesaw01_poses_100_jpos,437,50.0,0.06,0.18764302059496568,0.18764302059496568,619.534,1.8941556634734797,0.0,0.3819999999999999,0.18764302059496568
KIT_424_seesaw04_poses_100_jpos,409,50.0,0.06,0.2273838630806846,0.2273838630806846,673.0140000000001,2.0576647604440437,0.0,0.48399999999999865,0.2273838630806846
KIT_424_seesaw09_poses_100_jpos,300,50.0,0.06,0.11333333333333333,0.11333333333333333,298.952,0.9140121832001531,0.0,0.4,0.11333333333333333
KIT_424_seesaw_backwards03_poses_100_jpos,438,50.0,0.06,0.1735159817351598,0.1735159817351598,597.426,1.8265629350549075,0.0,0.39,0.1735159817351598
KIT_424_step_over_gap05_poses_100_jpos,260,50.0,0.06,0.0,0.0,25.828000000000003,0.0789662108555673,0.0,0.6209999999999997,0.0
KIT_424_step_stones03_poses_100_jpos,592,50.0,0.06,0.2939189189189189,0.2939189189189189,1216.524,3.719385577468567,0.0,0.5044999999999993,0.2939189189189189
KIT_424_walking_fast08_poses_100_jpos,248,50.0,0.06,0.0,0.0,18.172,0.055558850227170865,0.0,0.64,0.0
KIT_424_walking_slow10_poses_100_jpos,441,50.0,0.06,0.0,0.0,16.754,0.05122347439500444,0.0,0.45,0.0
KIT_425_bend_left03_poses_100_jpos,223,50.0,0.06,0.0,0.0,11.398,0.034848105595932946,0.0,0.74,0.0
KIT_425_bend_left06_poses_100_jpos,214,50.0,0.06,0.0,0.0,20.747999999999998,0.0634346810760148,0.0,0.7535,0.0
KIT_425_bend_left10_poses_100_jpos,254,50.0,0.06,0.0,0.0,11.256,0.03441395653516592,0.0,0.73,0.0
KIT_425_bend_right04_poses_100_jpos,238,50.0,0.06,0.0,0.0,15.414000000000001,0.04712657480748469,0.0,0.7844999999999993,0.0
KIT_425_bend_right06_poses_100_jpos,359,50.0,0.06,0.0,0.0,15.714000000000002,0.048043791133048803,0.0,0.722999999999999,0.0
KIT_425_step_over_gap05_poses_100_jpos,284,50.0,0.06,0.0,0.0,25.354000000000003,0.07751700906117598,0.0,0.66,0.0
KIT_425_walking_01_poses_100_jpos,330,50.0,0.06,0.10303030303030303,0.06666666666666667,247.038,0.7552909554490335,0.0,0.62,0.06666666666666667
KIT_425_walking_fast02_poses_100_jpos,211,50.0,0.06,0.0,0.0,18.024,0.05510635683989257,0.0,0.81,0.0
KIT_425_walking_medium03_poses_100_jpos,227,50.0,0.06,0.0,0.0,22.258,0.06805133658135423,0.0,0.7839999999999998,0.0
KIT_425_walking_slow05_poses_100_jpos,284,50.0,0.06,0.0,0.0,19.976,0.06107437773156313,0.0,0.76,0.0
KIT_441_PizzaDelivery03_poses_100_jpos,1187,50.0,0.06,0.0,0.0,43.816,0.13396250173639218,0.0,0.43,0.0
KIT_441_drinking05_poses_100_jpos,699,50.0,0.06,0.0,0.0,0.016,4.891820403008661e-05,0.0,0.34,0.0
KIT_441_synchron04_poses_100_jpos,569,50.0,0.06,0.08260105448154657,0.050966608084358524,319.502,0.9768415015012958,0.0,0.49,0.050966608084358524
KIT_442_Bouncen01_poses_100_jpos,288,50.0,0.06,0.0,0.0,5.0120000000000005,0.015323627412424629,0.0,0.32,0.0
KIT_442_PizzaDelivery05_poses_100_jpos,1500,50.0,0.06,0.0,0.0,48.238,0.14748227037520734,0.0,0.38,0.0
KIT_4_RightTurn01_poses_100_jpos,262,50.0,0.06,0.0,0.0,6.324000000000002,0.01933492014289173,0.0,0.5794999999999998,0.0
KIT_4_WalkInClockwiseCircle07_poses_100_jpos,403,50.0,0.06,0.0,0.0,20.318,0.062120004342706224,0.0,0.67,0.0
KIT_4_WalkInClockwiseCircle10_poses_100_jpos,389,50.0,0.06,0.0,0.0,29.812000000000005,0.09114684365905887,0.0,0.72,0.0
KIT_4_WalkInCounterClockwiseCircle03_poses_100_jpos,392,50.0,0.06,0.0,0.0,30.608,0.09358052430955567,0.0,0.5644999999999999,0.0
KIT_4_WalkingStraightBackwards02_poses_100_jpos,275,50.0,0.06,0.0,0.0,8.120000000000001,0.024825988545268955,0.0,0.5830000000000001,0.0
KIT_513_Push_Behind_Soft02_poses_100_jpos,290,50.0,0.06,0.0,0.0,0.41000000000000003,0.001253528978270969,0.0,0.37,0.0
KIT_513_Push_Left_Hard01_poses_100_jpos,453,50.0,0.06,0.0,0.0,2.178,0.006658990523595539,0.0,0.41,0.0
KIT_513_Push_Right_Soft03_poses_100_jpos,338,50.0,0.06,0.0,0.0,0.986,0.003014584323354087,0.0,0.45,0.0
KIT_513_evasion05_poses_100_jpos,195,50.0,0.06,0.0,0.0,18.61,0.056897986062494486,0.0,0.6329999999999998,0.0
KIT_513_evasion06_poses_100_jpos,290,50.0,0.06,0.0,0.0,7.630000000000001,0.023327868546847548,0.0,0.4855000000000001,0.0
KIT_513_kick07_poses_100_jpos,302,50.0,0.06,0.06291390728476821,0.06291390728476821,137.99800000000005,0.4219133949839932,0.0,0.75,0.06291390728476821
KIT_513_kick09_poses_100_jpos,383,50.0,0.06,0.04960835509138381,0.04960835509138381,146.624,0.4482864217317136,0.0,0.66,0.04960835509138381
KIT_513_parkour01_poses_100_jpos,566,50.0,0.06,0.0,0.0,66.96799999999999,0.20474714296792748,0.0,0.7075,0.0
KIT_513_seesaw_down09_poses_100_jpos,313,50.0,0.06,0.09584664536741214,0.10543130990415335,238.92399999999998,0.7304833112302758,0.0,0.6539999999999998,0.10543130990415335
KIT_513_seesaw_up03_poses_100_jpos,452,50.0,0.06,0.2323008849557522,0.2323008849557522,732.65,2.2399951364151844,0.0,0.5644999999999999,0.2323008849557522
KIT_513_seesaw_up08_poses_100_jpos,512,50.0,0.06,0.263671875,0.263671875,961.98,2.941145869553919,0.0,0.58,0.263671875
KIT_513_seesaw_up10_poses_100_jpos,458,50.0,0.06,0.17467248908296942,0.1812227074235808,604.64,1.8486189302969729,0.0,0.6014999999999997,0.1812227074235808
KIT_513_turn_left01_poses_100_jpos,354,50.0,0.06,0.0,0.0,11.55,0.03531282853421877,0.0,0.5734999999999996,0.0
KIT_513_turn_left03_poses_100_jpos,317,50.0,0.06,0.0,0.0,12.958,0.03961763048886639,0.0,0.6519999999999999,0.0
KIT_513_turn_left08_poses_100_jpos,286,50.0,0.06,0.0,0.0,13.426,0.04104848795674642,0.0,0.6475,0.0
KIT_551_cutting_banana02_poses_100_jpos,557,50.0,0.06,0.0,0.0,12.766,0.03903061204050535,0.0,0.40199999999999936,0.0
KIT_551_mixing_bowl_big03_poses_100_jpos,345,50.0,0.06,0.0,0.0,21.312,0.06515904776807535,0.0,0.5100000000000006,0.0
KIT_551_mixing_cooking_spoon03_poses_100_jpos,401,50.0,0.06,0.0,0.0,14.382,0.043971350647544094,0.0,0.49,0.0
KIT_551_sponge_big01_poses_100_jpos,428,50.0,0.06,0.0,0.0,20.270000000000003,0.061973249730615965,0.0,0.47649999999999976,0.0
KIT_551_sponge_big_and_mixing_bowl_big05_poses_100_jpos,397,50.0,0.06,0.0,0.0,14.146,0.04324980713810032,0.0,0.4939999999999998,0.0
KIT_572_dance_chacha06_poses_100_jpos,580,50.0,0.06,0.0,0.0,151.902,0.4644233142861384,0.0,0.41,0.0
KIT_572_dance_chacha15_poses_100_jpos,834,50.0,0.06,0.004796163069544364,0.004796163069544364,344.132,1.0521449618301102,0.0,0.68,0.004796163069544364
KIT_572_dance_waltz06_poses_100_jpos,536,50.0,0.06,0.0,0.0,47.652,0.14569064115260544,0.0,0.51,0.0
KIT_572_dance_waltz_01_poses_100_jpos,462,50.0,0.06,0.0,0.010822510822510822,53.548,0.16371699933769235,0.0,0.4394999999999999,0.010822510822510822
KIT_572_golf_putting05_poses_100_jpos,292,50.0,0.06,0.0,0.0,7.434,0.022728620547478987,0.0,0.43,0.0
KIT_572_guitar_left10_poses_100_jpos,285,50.0,0.06,0.0,0.0,6.5920000000000005,0.02015430006039568,0.0,0.4,0.0
KIT_572_guitar_left13_poses_100_jpos,375,50.0,0.06,0.0,0.0,5.68,0.017365962430680743,0.0,0.4,0.0
KIT_572_guitar_left17_poses_100_jpos,350,50.0,0.06,0.0,0.0,7.8740000000000006,0.02407387115830637,0.0,0.38,0.0
KIT_572_guitar_left18_poses_100_jpos,351,50.0,0.06,0.0,0.0,7.974,0.024379609933494414,0.0,0.38,0.0
KIT_572_jump_right03_poses_100_jpos,264,50.0,0.06,0.056818181818181816,0.007575757575757576,79.37199999999999,0.24267098064225212,0.0,0.56,0.007575757575757576
KIT_572_punch_left05_poses_100_jpos,323,50.0,0.06,0.0,0.0,19.822000000000003,0.06060354001777354,0.0,0.37,0.0
KIT_572_squat05_poses_100_jpos,247,50.0,0.06,0.22672064777327935,0.22672064777327935,402.57599999999996,1.230830931601009,0.0,0.6869999999999998,0.22672064777327935
KIT_572_stir_left09_poses_100_jpos,307,50.0,0.06,0.0,0.0,8.664,0.026489207482291895,0.0,0.4,0.0
KIT_572_stir_right14_poses_100_jpos,474,50.0,0.06,0.0,0.0,19.849999999999998,0.0606891468748262,0.0,0.39,0.0
KIT_572_stir_right15_poses_100_jpos,495,50.0,0.06,0.0,0.0,18.300000000000004,0.055950195859411564,0.0,0.38,0.0
KIT_572_stomp_right02_poses_100_jpos,267,50.0,0.06,0.0,0.0,4.102,0.012541404558213454,0.0,0.45,0.0
KIT_572_throw_left03_poses_100_jpos,171,50.0,0.06,0.0,0.0,34.32,0.10492954764453577,0.0,0.365,0.0
KIT_572_throw_left04_poses_100_jpos,199,50.0,0.06,0.0,0.0,41.118,0.1257136695818188,0.0,0.35,0.0
KIT_572_throw_left05_poses_100_jpos,201,50.0,0.06,0.0,0.0,40.368,0.1234206287679085,0.0,0.4,0.0
KIT_572_violin_left08_poses_100_jpos,376,50.0,0.06,0.0,0.0,12.798,0.03912844844856552,0.0,0.38,0.0
KIT_572_wave_both07_poses_100_jpos,455,50.0,0.06,0.0,0.0,16.692,0.05103391635438785,0.0,0.35,0.0
KIT_572_wave_both13_poses_100_jpos,562,50.0,0.06,0.0,0.0,31.626,0.09669294504096992,0.0,0.4,0.0
KIT_572_wave_left04_poses_100_jpos,291,50.0,0.06,0.0,0.0,18.326,0.05602968794096045,0.0,0.25,0.0
KIT_572_wave_left10_poses_100_jpos,286,50.0,0.06,0.0,0.0,9.606000000000002,0.029369266744563242,0.0,0.38,0.0
KIT_572_wave_left15_poses_100_jpos,453,50.0,0.06,0.0,0.0,36.926,0.11289710012593612,0.0,0.26,0.0
KIT_572_wipe_circular_left07_poses_100_jpos,329,50.0,0.06,0.0,0.0,24.113999999999997,0.07372584824884428,0.0,0.2559999999999997,0.0
KIT_572_wipe_circular_right05_poses_100_jpos,263,50.0,0.06,0.0,0.0,0.004,1.2229551007521652e-05,0.0,0.39,0.0
KIT_576_MarcusS_AdrianM09_poses_100_jpos,3749,50.0,0.06,0.0,0.0,189.63400000000001,0.5797846689400902,0.0,0.53,0.0
KIT_674_dry_back01_poses_100_jpos,696,50.0,0.06,0.0,0.0,58.068000000000005,0.1775363919761918,0.0,0.42,0.0
KIT_674_dry_front02_poses_100_jpos,656,50.0,0.06,0.0,0.0,54.882000000000005,0.1677955545987008,0.0,0.43,0.0
KIT_674_dry_front08_poses_100_jpos,523,50.0,0.06,0.0,0.0,44.438,0.13586419691806179,0.0,0.43,0.0
KIT_674_shower_left_arm10_poses_100_jpos,608,50.0,0.06,0.0,0.0,107.296,0.32804547622576075,0.0,0.48,0.0
KIT_674_shower_right_arm02_poses_100_jpos,509,50.0,0.06,0.0,0.0,20.47,0.06258472728099206,0.0,0.41599999999999965,0.0
KIT_674_shower_right_arm03_poses_100_jpos,399,50.0,0.06,0.0,0.0,21.138,0.06462706229924817,0.0,0.44,0.0
KIT_674_wash_head02_poses_100_jpos,2838,50.0,0.06,0.00035236081747709656,0.00035236081747709656,432.976,1.3237755192581737,0.0,0.53,0.00035236081747709656
KIT_675_double_pour_and_mixing02_poses_100_jpos,880,50.0,0.06,0.0,0.0,123.01,0.3760892673588096,0.0,0.63,0.0
KIT_675_double_pour_and_mixing04_poses_100_jpos,1131,50.0,0.06,0.0,0.0,96.04599999999999,0.29364986401710613,0.0,0.455,0.0
KIT_675_double_pour_and_mixing05_poses_100_jpos,1310,50.0,0.06,0.0,0.0,102.506,0.3134005888942536,0.0,0.45,0.0
KIT_675_double_pour_and_mixing12_poses_100_jpos,952,50.0,0.06,0.0,0.0,65.85,0.20132898346132516,0.0,0.36,0.0
KIT_675_dry_left_arm_14_poses_100_jpos,1090,50.0,0.06,0.01651376146788991,0.04128440366972477,305.5160000000001,0.9340808764034962,0.0,0.57,0.04128440366972477
KIT_675_dry_left_arm_15_poses_100_jpos,1269,50.0,0.06,0.0,0.014972419227738377,185.726,0.5678363976057416,0.0,0.5,0.014972419227738377
KIT_675_dry_right_arm_014_poses_100_jpos,1005,50.0,0.06,0.011940298507462687,0.011940298507462687,135.382,0.41391526862507405,0.0,0.5,0.011940298507462687
KIT_675_dry_right_arm_015_poses_100_jpos,1165,50.0,0.06,0.0,0.0,131.852,0.4031226898609362,0.0,0.46,0.0
KIT_675_walk_with_handrail_right01_poses_100_jpos,200,50.0,0.06,0.0,0.0,21.34,0.065244654625128,0.0,0.76,0.0
KIT_675_walk_with_handrail_right07_poses_100_jpos,191,50.0,0.06,0.0,0.0,25.478,0.07789612514240915,0.0,0.8300000000000001,0.0
KIT_675_walk_with_handrail_table_right009_poses_100_jpos,285,50.0,0.06,0.031578947368421054,0.031578947368421054,157.93599999999998,0.4828715919809849,0.0,0.7380000000000001,0.031578947368421054
KIT_675_walk_with_table_left04_poses_100_jpos,315,50.0,0.06,0.0,0.01904761904761905,93.02600000000001,0.28441655300642726,0.0,0.65,0.01904761904761905
KIT_675_walk_with_table_left10_poses_100_jpos,368,50.0,0.06,0.0,0.0,134.19600000000003,0.41028920675134384,0.0,0.6264999999999997,0.0
KIT_675_walk_with_table_right01_poses_100_jpos,411,50.0,0.06,0.012165450121654502,0.012165450121654502,148.13199999999998,0.4528969624615493,0.0,0.495,0.012165450121654502
KIT_675_wash_left_arm_04_poses_100_jpos,4003,50.0,0.06,0.0022483137646764927,0.002498126405196103,635.066,1.941643010035686,0.0,0.5,0.002498126405196103
KIT_6_LeftTurn03_1_poses_100_jpos,273,50.0,0.06,0.0,0.0,7.148,0.02185420765044119,0.0,0.63,0.0
KIT_6_LeftTurn07_1_poses_100_jpos,242,50.0,0.06,0.0,0.0,6.5440000000000005,0.02000754544830542,0.0,0.59,0.0
KIT_6_RightTurn10_1_poses_100_jpos,260,50.0,0.06,0.0,0.0,5.045999999999999,0.015427578595988561,0.0,0.5804999999999998,0.0
KIT_6_WalkInClockwiseCircle03_1_poses_100_jpos,357,50.0,0.06,0.0,0.0,19.17,0.05861012320354751,0.0,0.7219999999999999,0.0
KIT_6_WalkInClockwiseCircle07_1_poses_100_jpos,359,50.0,0.06,0.0,0.0,12.64,0.03864538118376842,0.0,0.702999999999999,0.0
KIT_6_WalkInClockwiseCircle10_poses_100_jpos,362,50.0,0.06,0.0,0.0,18.772,0.057393282878299104,0.0,0.6794999999999999,0.0
KIT_6_WalkInCounterClockwiseCircle01_1_poses_100_jpos,410,50.0,0.06,0.0,0.0,21.096,0.06449865201366918,0.0,0.67,0.0
KIT_6_WalkingStraightBackwards08_poses_100_jpos,242,50.0,0.06,0.0,0.0,8.422,0.02574931964633683,0.0,0.6289999999999998,0.0
KIT_7_WalkInClockwiseCircle06_poses_100_jpos,366,50.0,0.06,0.0,0.0,40.082,0.12254621587087071,0.0,0.65,0.0
KIT_7_WalkInCounterClockwiseCircle04_poses_100_jpos,361,50.0,0.06,0.0,0.0,22.190000000000005,0.06784343421422637,0.0,0.65,0.0
KIT_883_wipe_arm_vertical01_poses_100_jpos,499,50.0,0.06,0.0,0.0,1158.996,3.5435001748783908,0.0,0.25,0.0
KIT_883_wipe_back_dabbing03_poses_100_jpos,451,50.0,0.06,0.0,0.0,762.702,2.3318757531346948,0.0,0.24,0.0
KIT_883_wipe_head_vertical03_poses_100_jpos,1008,50.0,0.06,0.0,0.0,1925.152,5.885936145308081,0.0,0.26,0.0
KIT_883_wipe_leg_bigcircle01_poses_100_jpos,426,50.0,0.06,0.0,0.0,997.1779999999999,3.0487598036446064,0.0,0.25,0.0
KIT_883_wipe_leg_dabbing03_poses_100_jpos,463,50.0,0.06,0.0,0.0,1055.06,3.225727521498948,0.0,0.24,0.0
KIT_883_wipe_leg_vertical07_poses_100_jpos,372,50.0,0.06,0.0,0.0,803.498,2.456604943860408,0.0,0.23,0.0
KIT_8_RightTurn03_poses_100_jpos,275,50.0,0.06,0.0,0.0,9.887999999999998,0.030231450090593522,0.0,0.6230000000000001,0.0
KIT_8_RightTurn06_poses_100_jpos,256,50.0,0.06,0.0,0.0,7.7940000000000005,0.023829280138155932,0.0,0.605,0.0
KIT_8_WalkingStraightBackwards03_poses_100_jpos,288,50.0,0.06,0.0,0.0,3.8960000000000004,0.01191158268132609,0.0,0.40649999999999975,0.0
KIT_8_WalkingStraightBackwards08_poses_100_jpos,294,50.0,0.06,0.0,0.0,4.6080000000000005,0.01408844276066494,0.0,0.46,0.0
KIT_8_WalkingStraightForwards09_poses_100_jpos,319,50.0,0.06,0.0,0.0,9.168,0.02803013090923963,0.0,0.55,0.0
KIT_912_912_3_04_poses_100_jpos,611,50.0,0.06,0.0,0.0,33.774,0.10326021393200907,0.0,0.36,0.0
KIT_948_Wipe_Back_Dabbing_01_poses_100_jpos,524,50.0,0.06,0.0,0.0,0.0,0.0,0.0,0.35,0.0
KIT_950_Wipe_Back_Small_Circle_01_poses_100_jpos,495,50.0,0.06,0.0,0.0,0.0,0.0,0.0,0.29,0.0
KIT_950_Wipe_Head_Dabbing_01_poses_100_jpos,475,50.0,0.06,0.0,0.0,0.0,0.0,0.0,0.32,0.0
KIT_950_Wipe_Head_Horizontal_01_poses_100_jpos,524,50.0,0.06,0.0,0.0,0.0,0.0,0.0,0.36,0.0
KIT_950_Wipe_Head_Small_Circle_01_poses_100_jpos,468,50.0,0.06,0.0,0.0,0.0,0.0,0.0,0.33,0.0
KIT_950_Wipe_Leg_Dabbing_01_poses_100_jpos,243,50.0,0.06,0.0,0.0,0.0,0.0,0.0,0.43,0.0
KIT_950_Wipe_Leg_Dabbing_02_poses_100_jpos,327,50.0,0.06,0.0,0.0,0.0,0.0,0.0,0.42,0.0
KIT_952_wipe_back_biglcircles02_poses_100_jpos,614,50.0,0.06,0.0,0.0,0.0,0.0,0.0,0.28,0.0
KIT_952_wipe_back_smallcircle02_poses_100_jpos,528,50.0,0.06,0.0,0.0,0.0,0.0,0.0,0.31,0.0
KIT_955_wipe_arm_bigcircles01_poses_100_jpos,651,50.0,0.06,0.0,0.0,0.0,0.0,0.0,0.4,0.0
KIT_955_wipe_head_vertical01_poses_100_jpos,480,50.0,0.06,0.0,0.0,0.0,0.0,0.0,0.36,0.0
KIT_955_wipe_leg_bigcircles01_poses_100_jpos,552,50.0,0.06,0.0,0.0,0.766,0.0023419590179403964,0.0,0.41,0.0
KIT_969_Trial_18_poses_100_jpos,916,50.0,0.06,0.0,0.0,30.154,0.09219247027020197,0.0,0.44,0.0
KIT_969_Trial_24_poses_100_jpos,825,50.0,0.06,0.0,0.0,14.592,0.04461340207543898,0.0,0.42,0.0
KIT_969_Trial_30_poses_100_jpos,667,50.0,0.06,0.0,0.0,45.376,0.1387320266293256,0.0,0.42,0.0
KIT_969_Trial_33_poses_100_jpos,602,50.0,0.06,0.0,0.0,30.46,0.09312803092227737,0.0,0.41,0.0
KIT_969_Trial_40_poses_100_jpos,552,50.0,0.06,0.0,0.0,23.926000000000002,0.07315105935149077,0.0,0.4,0.0
KIT_969_Trial_41_poses_100_jpos,622,50.0,0.06,0.0,0.0,28.008000000000003,0.0856313161546666,0.0,0.42,0.0
KIT_969_Trial_60_poses_100_jpos,510,50.0,0.06,0.0,0.0,9.617999999999999,0.02940595539758581,0.0,0.45,0.0
KIT_969_Trial_62_poses_100_jpos,528,50.0,0.06,0.0,0.0,13.690000000000001,0.04185563832324284,0.0,0.4,0.0
KIT_969_Trial_69_poses_100_jpos,687,50.0,0.06,0.0,0.0,43.562,0.13318592524741454,0.0,0.45,0.0
KIT_969_Trial_76_poses_100_jpos,654,50.0,0.06,0.0,0.0,12.242,0.03742854085852001,0.0,0.28,0.0
KIT_969_Trial_79_poses_100_jpos,772,50.0,0.06,0.0,0.0,61.508,0.18805380584266043,0.0,0.25,0.0
KIT_9_LeftTurn06_poses_100_jpos,241,50.0,0.06,0.0,0.0,2.5460000000000003,0.007784109216287531,0.0,0.66,0.0
KIT_9_WalkInClockwiseCircle04_poses_100_jpos,430,50.0,0.06,0.0,0.0,10.798,0.033013672944804694,0.0,0.6154999999999995,0.0
KIT_9_WalkInClockwiseCircle07_poses_100_jpos,413,50.0,0.06,0.0,0.0,6.66,0.02036220242752355,0.0,0.6039999999999998,0.0
KIT_9_WalkInCounterClockwiseCircle08_poses_100_jpos,390,50.0,0.06,0.0,0.0,10.342,0.031619504129947226,0.0,0.62,0.0
KIT_9_WalkInCounterClockwiseCircle09_poses_100_jpos,420,50.0,0.06,0.0,0.0,13.091999999999999,0.040027320447618364,0.0,0.6204999999999995,0.0
KIT_9_WalkingStraightBackwards04_poses_100_jpos,242,50.0,0.06,0.0,0.0,2.584,0.007900289950858987,0.0,0.61,0.0
KIT_9_bend_left09_poses_100_jpos,250,50.0,0.06,0.0,0.0,34.19,0.10453208723679132,0.0,0.5854999999999998,0.0
KIT_9_bend_right08_poses_100_jpos,250,50.0,0.06,0.0,0.0,28.468,0.08703771452053159,0.0,0.57,0.0
KIT_9_step_over_gap01_poses_100_jpos,292,50.0,0.06,0.0,0.0,32.176,0.09837450830450416,0.0,0.59,0.0
KIT_9_turn_left07_poses_100_jpos,267,50.0,0.06,0.0,0.0,34.861999999999995,0.10658665180605495,0.0,0.6169999999999999,0.0
KIT_9_walking_run01_poses_100_jpos,241,50.0,0.06,0.0,0.0,31.560000000000002,0.09649115744934583,0.0,0.59,0.0
KIT_9_walking_run05_poses_100_jpos,228,50.0,0.06,0.0,0.0,59.154,0.18085671507473394,0.0,0.5864999999999997,0.0
KIT_9_walking_slow01_poses_100_jpos,312,50.0,0.06,0.0,0.0,15.040000000000001,0.045983111788281406,0.0,0.5544999999999999,0.0
KIT_9_walking_slow10_poses_100_jpos,370,50.0,0.06,0.0,0.0,21.958,0.0671341202557901,0.0,0.48,0.0
SFU_0015_0015_BasicKendo001_poses_120_jpos,2843,50.0,0.06,0.08054871614491733,0.06472036581076328,2501.4320000000002,7.647847558961725,0.0,0.72,0.06472036581076328
SFU_0015_0015_KendoKata001_poses_120_jpos,7795,50.0,0.06,0.05862732520846697,0.06401539448364336,5339.617999999999,16.325282672920185,0.0003848620910840282,0.46,0.06401539448364336
SFU_0015_0015_Kirikaeshi001_poses_120_jpos,1613,50.0,0.06,0.04587724736515809,0.03905765654060756,1214.5860000000002,3.7134603600054232,0.0,0.8039999999999987,0.03905765654060756
SFU_0018_0018_Walking001_poses_120_jpos,888,50.0,0.06,0.006756756756756757,0.010135135135135136,226.41,0.6922231609032443,0.0,0.7964999999999998,0.010135135135135136
SSM_synced_20160330_03333_side_hopping_poses_59_jpos,422,50.0,0.06,0.011848341232227487,0.011848341232227487,126.75,0.3875238975508423,0.0,0.6094999999999998,0.011848341232227487
SSM_synced_20161014_50033_ATUSquat_sync_poses_120_jpos,107,50.0,0.06,0.2616822429906542,0.2616822429906542,237.48,0.7260684433165605,0.0,0.8419999999999993,0.2616822429906542
TCD_handMocap_ExperimentDatabase_Talking01A_poses_120_jpos,260,50.0,0.06,0.0,0.0,371.204,1.1349145630490165,0.0,0.26,0.0
TCD_handMocap_ExperimentDatabase_TalkingC_poses_120_jpos,250,50.0,0.06,0.0,0.0,266.238,0.8139928002851373,0.0,0.34,0.0
TCD_handMocap_ExperimentDatabase_TypingA_poses_120_jpos,250,50.0,0.06,0.0,0.0,0.0,0.0,0.0,0.21,0.0
TCD_handMocap_ExperimentDatabase_Walking02_B_poses_150_jpos,200,50.0,0.06,0.0,0.0,24.532000000000004,0.07500383632913028,0.0,0.38049999999999984,0.0
TCD_handMocap_ExperimentDatabase_graspLumbrical001_1_poses_120_jpos,250,50.0,0.06,0.0,0.0,0.0,0.0,0.0,0.31,0.0
Transitions_mocap_mazen_c3d_airkick_jumpingtwist360_poses_120_jpos,355,50.0,0.06,0.323943661971831,0.29014084507042254,880.146,2.690947600266538,0.0,0.8130000000000002,0.29014084507042254
Transitions_mocap_mazen_c3d_airkick_turntwist180_poses_120_jpos,400,50.0,0.06,0.0975,0.105,394.264,1.205417924607379,0.0,0.7004999999999995,0.105
Transitions_mocap_mazen_c3d_devishdance_longjump_poses_120_jpos,511,50.0,0.06,0.3816046966731898,0.33659491193737767,1293.3499999999997,3.9542724488945318,0.0,0.68,0.33659491193737767
Transitions_mocap_mazen_c3d_kick_walk_poses_120_jpos,484,50.0,0.06,0.16322314049586778,0.17148760330578514,634.5840000000001,1.9401693491392797,0.0,0.82,0.17148760330578514
Transitions_mocap_mazen_c3d_punchkarate_kick_poses_120_jpos,428,50.0,0.06,0.2967289719626168,0.3247663551401869,1000.9580000000001,3.0603167293467144,0.0,0.67,0.32242990654205606
Transitions_mocap_mazen_c3d_twistdance_walk_poses_120_jpos,410,50.0,0.06,0.16585365853658537,0.1024390243902439,464.494,1.4201382664219404,0.0,0.86,0.1
