source,clip,frame,time_s,lowest_geom_clearance_m,geometry_airborne
CNRS,CNRS_283_03_L_2,0,0.0,0.024228999539531754,0
CNRS,CNRS_283_03_L_2,1,0.02,0.02336948120167092,0
CNRS,CNRS_283_03_L_2,2,0.04,0.0164204032618896,0
CNRS,CNRS_283_03_L_2,3,0.06,0.015751742222776095,0
CNRS,CNRS_283_03_L_2,4,0.08,0.01645092163391914,0
CNRS,CNRS_283_03_L_2,5,0.1,0.018746008129363098,0
CNRS,CNRS_283_03_L_2,6,0.12,0.022992271790051463,0
CNRS,CNRS_283_03_L_2,7,0.14,0.019952273496535645,0
CNRS,CNRS_283_03_L_2,8,0.16,0.015386121568070269,0
CNRS,CNRS_283_03_L_2,9,0.18,0.010291389731301353,0
CNRS,CNRS_283_03_L_2,10,0.2,0.00929041124751659,0
CNRS,CNRS_283_03_L_2,11,0.22,0.012791788689378017,0
CNRS,CNRS_283_03_L_2,12,0.24,0.01782603160474773,0
CNRS,CNRS_283_03_L_2,13,0.26,0.020027227426966006,0
CNRS,CNRS_283_03_L_2,14,0.28,0.020690524205273807,0
CNRS,CNRS_283_03_L_2,15,0.3,0.019260049822239757,0
CNRS,CNRS_283_03_L_2,16,0.32,0.017142576611224918,0
CNRS,CNRS_283_03_L_2,17,0.34,0.015443638868814629,0
CNRS,CNRS_283_03_L_2,18,0.36,0.013528357598275588,0
CNRS,CNRS_283_03_L_2,19,0.38,0.011059638091047408,0
CNRS,CNRS_283_03_L_2,20,0.4,0.00801393308006469,0
CNRS,CNRS_283_03_L_2,21,0.42,0.005670619565566892,0
CNRS,CNRS_283_03_L_2,22,0.44,0.003309417639449662,0
CNRS,CNRS_283_03_L_2,23,0.46,0.001296586193409872,0
CNRS,CNRS_283_03_L_2,24,0.48,-0.00020048668542797972,0
CNRS,CNRS_283_03_L_2,25,0.5,-0.0013554352964971223,0
CNRS,CNRS_283_03_L_2,26,0.52,-0.0008067427055880611,0
CNRS,CNRS_283_03_L_2,27,0.54,0.0004899623217115949,0
CNRS,CNRS_283_03_L_2,28,0.56,0.0012774554445325326,0
CNRS,CNRS_283_03_L_2,29,0.58,0.0024134465254990536,0
CNRS,CNRS_283_03_L_2,30,0.6,0.0005590609522161151,0
CNRS,CNRS_283_03_L_2,31,0.62,0.0005424809527338741,0
CNRS,CNRS_283_03_L_2,32,0.64,-3.12859039927945e-05,0
CNRS,CNRS_283_03_L_2,33,0.66,0.0010946254844602325,0
CNRS,CNRS_283_03_L_2,34,0.68,0.004124693802510885,0
CNRS,CNRS_283_03_L_2,35,0.7,0.016850355198538967,0
CNRS,CNRS_283_03_L_2,36,0.72,0.033245871332756895,0
CNRS,CNRS_283_03_L_2,37,0.74,0.05219253906380977,0
CNRS,CNRS_283_03_L_2,38,0.76,0.05034903365162756,0
CNRS,CNRS_283_03_L_2,39,0.78,0.048764409044278985,0
CNRS,CNRS_283_03_L_2,40,0.8,0.04811493047953102,0
CNRS,CNRS_283_03_L_2,41,0.82,0.047899769812807434,0
CNRS,CNRS_283_03_L_2,42,0.84,0.04757477274472719,0
CNRS,CNRS_283_03_L_2,43,0.86,0.047128993009782585,0
CNRS,CNRS_283_03_L_2,44,0.88,0.04520541955203624,0
CNRS,CNRS_283_03_L_2,45,0.9,0.04338763260836281,0
CNRS,CNRS_283_03_L_2,46,0.92,0.04316902707060875,0
CNRS,CNRS_283_03_L_2,47,0.94,0.043119779050001826,0
CNRS,CNRS_283_03_L_2,48,0.96,0.04294695296202257,0
CNRS,CNRS_283_03_L_2,49,0.98,0.03773786816473848,0
CNRS,CNRS_283_03_L_2,50,1.0,0.030409793127167704,0
CNRS,CNRS_283_03_L_2,51,1.02,0.027474127756482135,0
CNRS,CNRS_283_03_L_2,52,1.04,0.023789145158238156,0
CNRS,CNRS_283_03_L_2,53,1.06,0.019003041727247427,0
CNRS,CNRS_283_03_L_2,54,1.08,0.01790244712634218,0
CNRS,CNRS_283_03_L_2,55,1.1,0.022774998400750222,0
CNRS,CNRS_283_03_L_2,56,1.12,0.02957821204831048,0
CNRS,CNRS_283_03_L_2,57,1.14,0.035844421115074354,0
CNRS,CNRS_283_03_L_2,58,1.16,0.03871989117440147,0
CNRS,CNRS_283_03_L_2,59,1.18,0.03935942647510952,0
CNRS,CNRS_283_03_L_2,60,1.2,0.03915252904871885,0
CNRS,CNRS_283_03_L_2,61,1.22,0.037518693699577416,0
CNRS,CNRS_283_03_L_2,62,1.24,0.035869152111182155,0
CNRS,CNRS_283_03_L_2,63,1.26,0.034345114961004335,0
CNRS,CNRS_283_03_L_2,64,1.28,0.032666057964656554,0
CNRS,CNRS_283_03_L_2,65,1.3,0.031007592129431327,0
CNRS,CNRS_283_03_L_2,66,1.32,0.029773534408651978,0
CNRS,CNRS_283_03_L_2,67,1.34,0.028084823824380913,0
CNRS,CNRS_283_03_L_2,68,1.36,0.026680536753689733,0
CNRS,CNRS_283_03_L_2,69,1.38,0.025873176583998236,0
CNRS,CNRS_283_03_L_2,70,1.4,0.025031900255734457,0
CNRS,CNRS_283_03_L_2,71,1.42,0.024560842796768845,0
CNRS,CNRS_283_03_L_2,72,1.44,0.024131782259915774,0
CNRS,CNRS_283_03_L_2,73,1.46,0.023168249144243105,0
CNRS,CNRS_283_03_L_2,74,1.48,0.02337060544733189,0
CNRS,CNRS_283_03_L_2,75,1.5,0.023945818435100102,0
CNRS,CNRS_283_03_L_2,76,1.52,0.024253485269899497,0
CNRS,CNRS_283_03_L_2,77,1.54,0.0247918797611242,0
CNRS,CNRS_283_03_L_2,78,1.56,0.025467167952472745,0
CNRS,CNRS_283_03_L_2,79,1.58,0.0255412042814639,0
CNRS,CNRS_283_03_L_2,80,1.6,0.02606047706767898,0
CNRS,CNRS_283_03_L_2,81,1.62,0.02802619424365039,0
CNRS,CNRS_283_03_L_2,82,1.64,0.03380080096144796,0
CNRS,CNRS_283_03_L_2,83,1.66,0.043746443101169395,0
CNRS,CNRS_283_03_L_2,84,1.68,0.05548628048407008,0
CNRS,CNRS_283_03_L_2,85,1.7,0.05725525671803123,0
CNRS,CNRS_283_03_L_2,86,1.72,0.05625159832784799,0
CNRS,CNRS_283_03_L_2,87,1.74,0.056476692013382006,0
CNRS,CNRS_283_03_L_2,88,1.76,0.057383212823683215,0
CNRS,CNRS_283_03_L_2,89,1.78,0.05803994538549765,0
CNRS,CNRS_283_03_L_2,90,1.8,0.058521495816787276,0
CNRS,CNRS_283_03_L_2,91,1.82,0.05889665796390533,0
CNRS,CNRS_283_03_L_2,92,1.84,0.0587920104091298,0
CNRS,CNRS_283_03_L_2,93,1.86,0.05788518409938296,0
CNRS,CNRS_283_03_L_2,94,1.88,0.057153409475122575,0
CNRS,CNRS_283_03_L_2,95,1.9,0.05617481637727272,0
CNRS,CNRS_283_03_L_2,96,1.92,0.05566633956909662,0
CNRS,CNRS_283_03_L_2,97,1.94,0.05473403365965069,0
CNRS,CNRS_283_03_L_2,98,1.96,0.04511861120977444,0
CNRS,CNRS_283_03_L_2,99,1.98,0.03854075363514806,0
CNRS,CNRS_283_03_L_2,100,2.0,0.03407761374269173,0
CNRS,CNRS_283_03_L_2,101,2.02,0.030630816440252936,0
CNRS,CNRS_283_03_L_2,102,2.04,0.026713035428669797,0
CNRS,CNRS_283_03_L_2,103,2.06,0.022883241621139243,0
CNRS,CNRS_283_03_L_2,104,2.08,0.02145158575829898,0
CNRS,CNRS_283_03_L_2,105,2.1,0.02107057394909568,0
CNRS,CNRS_283_03_L_2,106,2.12,0.022093740385290488,0
CNRS,CNRS_283_03_L_2,107,2.14,0.023688101019869755,0
CNRS,CNRS_283_03_L_2,108,2.16,0.024639539283455726,0
CNRS,CNRS_283_03_L_2,109,2.18,0.024291543278457346,0
CNRS,CNRS_283_03_L_2,110,2.2,0.023482187718578587,0
CNRS,CNRS_283_03_L_2,111,2.22,0.021758037150939546,0
CNRS,CNRS_283_03_L_2,112,2.24,0.020476073631761904,0
CNRS,CNRS_283_03_L_2,113,2.26,0.018972247184837206,0
CNRS,CNRS_283_03_L_2,114,2.28,0.019266467580094912,0
CNRS,CNRS_283_03_L_2,115,2.3,0.01965963967149193,0
CNRS,CNRS_283_03_L_2,116,2.32,0.02044166032791008,0
CNRS,CNRS_283_03_L_2,117,2.34,0.020933383199212036,0
CNRS,CNRS_283_03_L_2,118,2.36,0.021820782337680866,0
CNRS,CNRS_283_03_L_2,119,2.38,0.02220744703002729,0
CNRS,CNRS_283_03_L_2,120,2.4,0.023072899229188454,0
CNRS,CNRS_283_03_L_2,121,2.42,0.023537191036009167,0
CNRS,CNRS_283_03_L_2,122,2.44,0.023995057015183736,0
CNRS,CNRS_283_03_L_2,123,2.46,0.024384072677268942,0
CNRS,CNRS_283_03_L_2,124,2.48,0.02502709188015243,0
CNRS,CNRS_283_03_L_2,125,2.5,0.025446180389658395,0
CNRS,CNRS_283_03_L_2,126,2.52,0.026615472434748925,0
CNRS,CNRS_283_03_L_2,127,2.54,0.027257262503576143,0
CNRS,CNRS_283_03_L_2,128,2.56,0.028020892369119893,0
CNRS,CNRS_283_03_L_2,129,2.58,0.029344622558647525,0
CNRS,CNRS_283_03_L_2,130,2.6,0.030738338520729776,0
CNRS,CNRS_283_03_L_2,131,2.62,0.03162068490471707,0
CNRS,CNRS_283_03_L_2,132,2.64,0.03209042374469026,0
CNRS,CNRS_283_03_L_2,133,2.66,0.032595014437473,0
CNRS,CNRS_283_03_L_2,134,2.68,0.03223281351952908,0
CNRS,CNRS_283_03_L_2,135,2.7,0.03228371752415341,0
CNRS,CNRS_283_03_L_2,136,2.72,0.032546192456265145,0
CNRS,CNRS_283_03_L_2,137,2.74,0.032782891902938295,0
CNRS,CNRS_283_03_L_2,138,2.76,0.033102940289538224,0
CNRS,CNRS_283_03_L_2,139,2.78,0.033544969723456546,0
CNRS,CNRS_283_03_L_2,140,2.8,0.03445201762291817,0
CNRS,CNRS_283_03_L_2,141,2.82,0.035739583838166535,0
CNRS,CNRS_283_03_L_2,142,2.84,0.03728526269707765,0
CNRS,CNRS_283_03_L_2,143,2.86,0.03918265560247694,0
CNRS,CNRS_283_03_L_2,144,2.88,0.04151881612576757,0
CNRS,CNRS_283_03_L_2,145,2.9,0.04567656950149569,0
CNRS,CNRS_283_03_L_2,146,2.92,0.050635040297833375,0
CNRS,CNRS_283_03_L_2,147,2.94,0.05767674599548899,0
CNRS,CNRS_283_03_L_2,148,2.96,0.0585416144714594,0
CNRS,CNRS_283_03_L_2,149,2.98,0.05862897221955867,0
CNRS,CNRS_283_03_L_2,150,3.0,0.05878115243093033,0
CNRS,CNRS_283_03_L_2,151,3.02,0.058134162208449185,0
CNRS,CNRS_283_03_L_2,152,3.04,0.05752404219521862,0
CNRS,CNRS_283_03_L_2,153,3.06,0.05634027274498251,0
CNRS,CNRS_283_03_L_2,154,3.08,0.05555611333127961,0
CNRS,CNRS_283_03_L_2,155,3.1,0.05515943431541646,0
CNRS,CNRS_283_03_L_2,156,3.12,0.0549794624115404,0
CNRS,CNRS_283_03_L_2,157,3.14,0.05444248238820416,0
CNRS,CNRS_283_03_L_2,158,3.16,0.05436308597226842,0
CNRS,CNRS_283_03_L_2,159,3.18,0.05417159581635262,0
CNRS,CNRS_283_03_L_2,160,3.2,0.054477620497060224,0
CNRS,CNRS_283_03_L_2,161,3.22,0.0548599963736972,0
CNRS,CNRS_283_03_L_2,162,3.24,0.05552390375275242,0
CNRS,CNRS_283_03_L_2,163,3.26,0.05663491864241486,0
CNRS,CNRS_283_03_L_2,164,3.28,0.058004392343600615,0
CNRS,CNRS_283_03_L_2,165,3.3,0.059522807778858704,0
CNRS,CNRS_283_03_L_2,166,3.32,0.05765380168420115,0
CNRS,CNRS_283_03_L_2,167,3.34,0.054353833453684115,0
CNRS,CNRS_283_03_L_2,168,3.36,0.05160130324246027,0
CNRS,CNRS_283_03_L_2,169,3.38,0.04888322993199896,0
CNRS,CNRS_283_03_L_2,170,3.4,0.04607747379562185,0
CNRS,CNRS_283_03_L_2,171,3.42,0.044631621092690824,0
CNRS,CNRS_283_03_L_2,172,3.44,0.04828271113942444,0
CNRS,CNRS_283_03_L_2,173,3.46,0.05150374584031755,0
CNRS,CNRS_283_03_L_2,174,3.48,0.05107301918042166,0
CNRS,CNRS_283_03_L_2,175,3.5,0.05543607677617685,0
CNRS,CNRS_283_03_L_2,176,3.52,0.05710828990972267,0
CNRS,CNRS_283_03_L_2,177,3.54,0.05638626464919958,0
CNRS,CNRS_283_03_L_2,178,3.56,0.0551713697088605,0
CNRS,CNRS_283_03_L_2,179,3.58,0.05389439010495905,0
CNRS,CNRS_283_03_L_2,180,3.6,0.05281357732968684,0
CNRS,CNRS_283_03_L_2,181,3.62,0.0512861727197973,0
CNRS,CNRS_283_03_L_2,182,3.64,0.0495601492012382,0
CNRS,CNRS_283_03_L_2,183,3.66,0.04804130197379193,0
CNRS,CNRS_283_03_L_2,184,3.68,0.04646483767352017,0
CNRS,CNRS_283_03_L_2,185,3.7,0.04482429862646862,0
CNRS,CNRS_283_03_L_2,186,3.72,0.04318121080085407,0
CNRS,CNRS_283_03_L_2,187,3.74,0.04144272000574801,0
CNRS,CNRS_283_03_L_2,188,3.76,0.04063909664005161,0
CNRS,CNRS_283_03_L_2,189,3.78,0.04043435665614673,0
CNRS,CNRS_283_03_L_2,190,3.8,0.0399097190593077,0
CNRS,CNRS_283_03_L_2,191,3.82,0.03937527390263359,0
CNRS,CNRS_283_03_L_2,192,3.84,0.03956570374250917,0
CNRS,CNRS_283_03_L_2,193,3.86,0.040051120323154187,0
CNRS,CNRS_283_03_L_2,194,3.88,0.04058215119968949,0
CNRS,CNRS_283_03_L_2,195,3.9,0.04140895694628103,0
CNRS,CNRS_283_03_L_2,196,3.92,0.04113944798027938,0
CNRS,CNRS_283_03_L_2,197,3.94,0.041250477974280865,0
CNRS,CNRS_283_03_L_2,198,3.96,0.041122053895921606,0
CNRS,CNRS_283_03_L_2,199,3.98,0.04443359404673202,0
CNRS,CNRS_283_03_L_2,200,4.0,0.05470810868954513,0
CNRS,CNRS_283_03_L_2,201,4.02,0.06958916087130732,1
CNRS,CNRS_283_03_L_2,202,4.04,0.08764829843505421,1
CNRS,CNRS_283_03_L_2,203,4.06,0.09044525314528348,1
CNRS,CNRS_283_03_L_2,204,4.08,0.08908517676155656,1
CNRS,CNRS_283_03_L_2,205,4.1,0.08812583863804213,1
CNRS,CNRS_283_03_L_2,206,4.12,0.08708653464087861,1
CNRS,CNRS_283_03_L_2,207,4.14,0.0861629802724125,1
CNRS,CNRS_283_03_L_2,208,4.16,0.08511340451919987,1
CNRS,CNRS_283_03_L_2,209,4.18,0.0834266130319835,1
CNRS,CNRS_283_03_L_2,210,4.2,0.08126419594690572,1
CNRS,CNRS_283_03_L_2,211,4.22,0.07864806903685236,1
CNRS,CNRS_283_03_L_2,212,4.24,0.07611569592108423,1
CNRS,CNRS_283_03_L_2,213,4.26,0.07344489777138116,1
CNRS,CNRS_283_03_L_2,214,4.28,0.07210312633936043,1
CNRS,CNRS_283_03_L_2,215,4.3,0.07156898289754278,1
CNRS,CNRS_283_03_L_2,216,4.32,0.07223030635309141,1
CNRS,CNRS_283_03_L_2,217,4.34,0.07478192340920603,1
CNRS,CNRS_283_03_L_2,218,4.36,0.07717316679969818,1
CNRS,CNRS_283_03_L_2,219,4.38,0.0732519969085992,1
CNRS,CNRS_283_03_L_2,220,4.4,0.06900347337588038,1
CNRS,CNRS_283_03_L_2,221,4.42,0.06734253018792159,1
CNRS,CNRS_283_03_L_2,222,4.44,0.07086841486032147,1
CNRS,CNRS_283_03_L_2,223,4.46,0.0772354434404995,1
CNRS,CNRS_283_03_L_2,224,4.48,0.08120643634846711,1
CNRS,CNRS_283_03_L_2,225,4.5,0.08356857346873969,1
CNRS,CNRS_283_03_L_2,226,4.52,0.08350909663253082,1
CNRS,CNRS_283_03_L_2,227,4.54,0.08205501680917082,1
CNRS,CNRS_283_03_L_2,228,4.56,0.08024096741746647,1
CNRS,CNRS_283_03_L_2,229,4.58,0.07824913608750918,1
CNRS,CNRS_283_03_L_2,230,4.6,0.07635802013818968,1
CNRS,CNRS_283_03_L_2,231,4.62,0.07409219162796207,1
CNRS,CNRS_283_03_L_2,232,4.64,0.07126743147336617,1
CNRS,CNRS_283_03_L_2,233,4.66,0.06861747339296856,1
CNRS,CNRS_283_03_L_2,234,4.68,0.06561544226214357,1
CNRS,CNRS_283_03_L_2,235,4.7,0.0627725506603146,1
CNRS,CNRS_283_03_L_2,236,4.72,0.05982393691641832,0
CNRS,CNRS_283_03_L_2,237,4.74,0.058147592946898884,0
CNRS,CNRS_283_03_L_2,238,4.76,0.05781475081092425,0
CNRS,CNRS_283_03_L_2,239,4.78,0.05857157266070916,0
CNRS,CNRS_283_03_L_2,240,4.8,0.06055586273441111,1
CNRS,CNRS_283_03_L_2,241,4.82,0.06195707814359538,1
CNRS,CNRS_283_03_L_2,242,4.84,0.06361443055346827,1
CNRS,CNRS_283_03_L_2,243,4.86,0.06432159259605293,1
CNRS,CNRS_283_03_L_2,244,4.88,0.06451541900173136,1
CNRS,CNRS_283_03_L_2,245,4.9,0.06472326260904776,1
CNRS,CNRS_283_03_L_2,246,4.92,0.06480346179803846,1
CNRS,CNRS_283_03_L_2,247,4.94,0.06719418661123737,1
CNRS,CNRS_283_03_L_2,248,4.96,0.07542900696182954,1
CNRS,CNRS_283_03_L_2,249,4.98,0.08969497195735472,1
CNRS,CNRS_283_03_L_2,250,5.0,0.10672032149721529,1
CNRS,CNRS_283_03_L_2,251,5.02,0.11035056079680684,1
CNRS,CNRS_283_03_L_2,252,5.04,0.10846373472371555,1
CNRS,CNRS_283_03_L_2,253,5.06,0.10761085619649255,1
CNRS,CNRS_283_03_L_2,254,5.08,0.10722881268170925,1
CNRS,CNRS_283_03_L_2,255,5.1,0.10713721787731242,1
CNRS,CNRS_283_03_L_2,256,5.12,0.10674759017698462,1
CNRS,CNRS_283_03_L_2,257,5.14,0.10575049069557771,1
CNRS,CNRS_283_03_L_2,258,5.16,0.1039038827094632,1
CNRS,CNRS_283_03_L_2,259,5.18,0.10180550260748462,1
CNRS,CNRS_283_03_L_2,260,5.2,0.0999328754468682,1
CNRS,CNRS_283_03_L_2,261,5.22,0.09852319737077107,1
CNRS,CNRS_283_03_L_2,262,5.24,0.09691139985362962,1
CNRS,CNRS_283_03_L_2,263,5.26,0.09588424538892115,1
CNRS,CNRS_283_03_L_2,264,5.28,0.09657775502601683,1
CNRS,CNRS_283_03_L_2,265,5.3,0.0982579571861159,1
CNRS,CNRS_283_03_L_2,266,5.32,0.09631494460777788,1
CNRS,CNRS_283_03_L_2,267,5.34,0.09201949384201172,1
CNRS,CNRS_283_03_L_2,268,5.36,0.08825952558542487,1
CNRS,CNRS_283_03_L_2,269,5.38,0.09059416792039458,1
CNRS,CNRS_283_03_L_2,270,5.4,0.09725941982305998,1
CNRS,CNRS_283_03_L_2,271,5.42,0.10373166622478293,1
CNRS,CNRS_283_03_L_2,272,5.44,0.10655572557207645,1
CNRS,CNRS_283_03_L_2,273,5.46,0.10764869271713005,1
CNRS,CNRS_283_03_L_2,274,5.48,0.10699613550588095,1
CNRS,CNRS_283_03_L_2,275,5.5,0.10570059728213965,1
CNRS,CNRS_283_03_L_2,276,5.52,0.10445202936872763,1
CNRS,CNRS_283_03_L_2,277,5.54,0.10284594481824666,1
CNRS,CNRS_283_03_L_2,278,5.56,0.10175221827700182,1
CNRS,CNRS_283_03_L_2,279,5.58,0.10056614895709426,1
CNRS,CNRS_283_03_L_2,280,5.6,0.09891546957930127,1
CNRS,CNRS_283_03_L_2,281,5.62,0.09660444352037133,1
CNRS,CNRS_283_03_L_2,282,5.64,0.094534821110238,1
CNRS,CNRS_283_03_L_2,283,5.66,0.09162265165411568,1
CNRS,CNRS_283_03_L_2,284,5.68,0.08908551703929493,1
CNRS,CNRS_283_03_L_2,285,5.7,0.0879933370768535,1
CNRS,CNRS_283_03_L_2,286,5.72,0.08764319957283082,1
CNRS,CNRS_283_03_L_2,287,5.74,0.08835307429321894,1
CNRS,CNRS_283_03_L_2,288,5.76,0.08895252696928851,1
CNRS,CNRS_283_03_L_2,289,5.78,0.09001504199359942,1
CNRS,CNRS_283_03_L_2,290,5.8,0.09120562200578729,1
CNRS,CNRS_283_03_L_2,291,5.82,0.09181751250385008,1
CNRS,CNRS_283_03_L_2,292,5.84,0.09249165014145852,1
CNRS,CNRS_283_03_L_2,293,5.86,0.09311972147469066,1
CNRS,CNRS_283_03_L_2,294,5.88,0.0931022759674988,1
CNRS,CNRS_283_03_L_2,295,5.9,0.09631330646897539,1
CNRS,CNRS_283_03_L_2,296,5.92,0.10514661828156117,1
CNRS,CNRS_283_03_L_2,297,5.94,0.12016872725124429,1
CNRS,CNRS_283_03_L_2,298,5.96,0.13218764826022303,1
CNRS,CNRS_283_03_L_2,299,5.98,0.12993740516153035,1
CNRS,CNRS_283_03_L_2,300,6.0,0.12875934261690417,1
CNRS,CNRS_283_03_L_2,301,6.02,0.12781555676355744,1
CNRS,CNRS_283_03_L_2,302,6.04,0.1274776881544647,1
CNRS,CNRS_283_03_L_2,303,6.06,0.12690881581854593,1
CNRS,CNRS_283_03_L_2,304,6.08,0.12680283245966872,1
CNRS,CNRS_283_03_L_2,305,6.1,0.12612340319891235,1
CNRS,CNRS_283_03_L_2,306,6.12,0.12447328143864982,1
CNRS,CNRS_283_-01_L_2,0,0.0,0.03041416470683888,0
CNRS,CNRS_283_-01_L_2,1,0.02,0.02856245655160803,0
CNRS,CNRS_283_-01_L_2,2,0.04,0.028130518010600493,0
CNRS,CNRS_283_-01_L_2,3,0.06,0.025645527154470903,0
CNRS,CNRS_283_-01_L_2,4,0.08,0.02195777328294169,0
CNRS,CNRS_283_-01_L_2,5,0.1,0.019406894410005156,0
CNRS,CNRS_283_-01_L_2,6,0.12,0.016887931502088574,0
CNRS,CNRS_283_-01_L_2,7,0.14,0.016085319144132533,0
CNRS,CNRS_283_-01_L_2,8,0.16,0.012395676415085414,0
CNRS,CNRS_283_-01_L_2,9,0.18,0.016404029466927247,0
CNRS,CNRS_283_-01_L_2,10,0.2,0.019907361607749238,0
CNRS,CNRS_283_-01_L_2,11,0.22,0.013074871271643447,0
CNRS,CNRS_283_-01_L_2,12,0.24,0.009823429872268927,0
CNRS,CNRS_283_-01_L_2,13,0.26,0.013798327770945874,0
CNRS,CNRS_283_-01_L_2,14,0.28,0.018972901538820523,0
CNRS,CNRS_283_-01_L_2,15,0.3,0.02244454425982794,0
CNRS,CNRS_283_-01_L_2,16,0.32,0.023938780784083416,0
CNRS,CNRS_283_-01_L_2,17,0.34,0.024171499550805768,0
CNRS,CNRS_283_-01_L_2,18,0.36,0.022046309920476126,0
CNRS,CNRS_283_-01_L_2,19,0.38,0.02087310495961931,0
CNRS,CNRS_283_-01_L_2,20,0.4,0.019603355867102983,0
CNRS,CNRS_283_-01_L_2,21,0.42,0.016058392542161924,0
CNRS,CNRS_283_-01_L_2,22,0.44,0.01338634705487274,0
CNRS,CNRS_283_-01_L_2,23,0.46,0.011022980250188922,0
CNRS,CNRS_283_-01_L_2,24,0.48,0.008538369120442217,0
CNRS,CNRS_283_-01_L_2,25,0.5,0.006006108279470486,0
CNRS,CNRS_283_-01_L_2,26,0.52,0.0034546470121267665,0
CNRS,CNRS_283_-01_L_2,27,0.54,0.00046470665606968345,0
CNRS,CNRS_283_-01_L_2,28,0.56,-0.0009326222595611774,0
CNRS,CNRS_283_-01_L_2,29,0.58,-0.0006755113853978232,0
CNRS,CNRS_283_-01_L_2,30,0.6,-4.341705863145778e-05,0
CNRS,CNRS_283_-01_L_2,31,0.62,5.757512756063461e-05,0
CNRS,CNRS_283_-01_L_2,32,0.64,0.00028824864784720954,0
CNRS,CNRS_283_-01_L_2,33,0.66,0.001147481121936418,0
CNRS,CNRS_283_-01_L_2,34,0.68,0.0010910287325480977,0
CNRS,CNRS_283_-01_L_2,35,0.7,0.0020088228678825596,0
CNRS,CNRS_283_-01_L_2,36,0.72,0.0026849476231225484,0
CNRS,CNRS_283_-01_L_2,37,0.74,0.00786798138948266,0
CNRS,CNRS_283_-01_L_2,38,0.76,0.019842845032490473,0
CNRS,CNRS_283_-01_L_2,39,0.78,0.036307829106471005,0
CNRS,CNRS_283_-01_L_2,40,0.8,0.04812577750416478,0
CNRS,CNRS_283_-01_L_2,41,0.82,0.04603106114765287,0
CNRS,CNRS_283_-01_L_2,42,0.84,0.044816414500173304,0
CNRS,CNRS_283_-01_L_2,43,0.86,0.04372227622027514,0
CNRS,CNRS_283_-01_L_2,44,0.88,0.042493853433163475,0
CNRS,CNRS_283_-01_L_2,45,0.9,0.04071413933843699,0
CNRS,CNRS_283_-01_L_2,46,0.92,0.03938746420661562,0
CNRS,CNRS_283_-01_L_2,47,0.94,0.03640225849997914,0
CNRS,CNRS_283_-01_L_2,48,0.96,0.034159512497000576,0
CNRS,CNRS_283_-01_L_2,49,0.98,0.03227471942381956,0
CNRS,CNRS_283_-01_L_2,50,1.0,0.031081632612051956,0
CNRS,CNRS_283_-01_L_2,51,1.02,0.030372746095320757,0
CNRS,CNRS_283_-01_L_2,52,1.04,0.030809016298981105,0
CNRS,CNRS_283_-01_L_2,53,1.06,0.03249074085261608,0
CNRS,CNRS_283_-01_L_2,54,1.08,0.03640092999187068,0
CNRS,CNRS_283_-01_L_2,55,1.1,0.03574602850452821,0
CNRS,CNRS_283_-01_L_2,56,1.12,0.029824138085546494,0
CNRS,CNRS_283_-01_L_2,57,1.14,0.02650636522778073,0
CNRS,CNRS_283_-01_L_2,58,1.16,0.031007211925663324,0
CNRS,CNRS_283_-01_L_2,59,1.18,0.038267479825667784,0
CNRS,CNRS_283_-01_L_2,60,1.2,0.04226464637547391,0
CNRS,CNRS_283_-01_L_2,61,1.22,0.0435015788448694,0
CNRS,CNRS_283_-01_L_2,62,1.24,0.043385469718544976,0
CNRS,CNRS_283_-01_L_2,63,1.26,0.041737021001267464,0
CNRS,CNRS_283_-01_L_2,64,1.28,0.03969829671620383,0
CNRS,CNRS_283_-01_L_2,65,1.3,0.03693474452937841,0
CNRS,CNRS_283_-01_L_2,66,1.32,0.034216818496638705,0
CNRS,CNRS_283_-01_L_2,67,1.34,0.033119256321135486,0
CNRS,CNRS_283_-01_L_2,68,1.36,0.030296170755304296,0
CNRS,CNRS_283_-01_L_2,69,1.38,0.026747310245663236,0
CNRS,CNRS_283_-01_L_2,70,1.4,0.023895842186332783,0
CNRS,CNRS_283_-01_L_2,71,1.42,0.020436096250676758,0
CNRS,CNRS_283_-01_L_2,72,1.44,0.01782603645841587,0
CNRS,CNRS_283_-01_L_2,73,1.46,0.01742762482014832,0
CNRS,CNRS_283_-01_L_2,74,1.48,0.018701381967447563,0
CNRS,CNRS_283_-01_L_2,75,1.5,0.020062023383803224,0
CNRS,CNRS_283_-01_L_2,76,1.52,0.02048989944406099,0
CNRS,CNRS_283_-01_L_2,77,1.54,0.020407544745931705,0
CNRS,CNRS_283_-01_L_2,78,1.56,0.016401499305925993,0
CNRS,CNRS_283_-01_L_2,79,1.58,0.02010316209219444,0
CNRS,CNRS_283_-01_L_2,80,1.6,0.017229099258793387,0
CNRS,CNRS_283_-01_L_2,81,1.62,0.018553786711917715,0
CNRS,CNRS_283_-01_L_2,82,1.64,0.02741816484009966,0
CNRS,CNRS_283_-01_L_2,83,1.66,0.04199892543972015,0
CNRS,CNRS_283_-01_L_2,84,1.68,0.06351781794292825,1
CNRS,CNRS_283_-01_L_2,85,1.7,0.0696441999667046,1
CNRS,CNRS_283_-01_L_2,86,1.72,0.06739341093698385,1
CNRS,CNRS_283_-01_L_2,87,1.74,0.06650832287670007,1
CNRS,CNRS_283_-01_L_2,88,1.76,0.06659831387814617,1
CNRS,CNRS_283_-01_L_2,89,1.78,0.06687627420122359,1
CNRS,CNRS_283_-01_L_2,90,1.8,0.06755028930077414,1
CNRS,CNRS_283_-01_L_2,91,1.82,0.06690485527016418,1
CNRS,CNRS_283_-01_L_2,92,1.84,0.06386781030858228,1
CNRS,CNRS_283_-01_L_2,93,1.86,0.06172541776439334,1
CNRS,CNRS_283_-01_L_2,94,1.88,0.06008632035127503,1
CNRS,CNRS_283_-01_L_2,95,1.9,0.059604552527597936,0
CNRS,CNRS_283_-01_L_2,96,1.92,0.0605794295856369,1
CNRS,CNRS_283_-01_L_2,97,1.94,0.05928836102349042,0
CNRS,CNRS_283_-01_L_2,98,1.96,0.05748766512990736,0
CNRS,CNRS_283_-01_L_2,99,1.98,0.05397547461346302,0
CNRS,CNRS_283_-01_L_2,100,2.0,0.04727496142399187,0
CNRS,CNRS_283_-01_L_2,101,2.02,0.04105756451356076,0
CNRS,CNRS_283_-01_L_2,102,2.04,0.044136894788110004,0
CNRS,CNRS_283_-01_L_2,103,2.06,0.05369367001066972,0
CNRS,CNRS_283_-01_L_2,104,2.08,0.06092712721554864,1
CNRS,CNRS_283_-01_L_2,105,2.1,0.06255485785577079,1
CNRS,CNRS_283_-01_L_2,106,2.12,0.06133357695399485,1
CNRS,CNRS_283_-01_L_2,107,2.14,0.06020016688656631,1
CNRS,CNRS_283_-01_L_2,108,2.16,0.058086205303275455,0
CNRS,CNRS_283_-01_L_2,109,2.18,0.05543832266542131,0
CNRS,CNRS_283_-01_L_2,110,2.2,0.05384421397959253,0
CNRS,CNRS_283_-01_L_2,111,2.22,0.05145953685619385,0
CNRS,CNRS_283_-01_L_2,112,2.24,0.04893375599195996,0
CNRS,CNRS_283_-01_L_2,113,2.26,0.04576093179280943,0
CNRS,CNRS_283_-01_L_2,114,2.28,0.04249764097930393,0
CNRS,CNRS_283_-01_L_2,115,2.3,0.039545698760654426,0
CNRS,CNRS_283_-01_L_2,116,2.32,0.03677585334725935,0
CNRS,CNRS_283_-01_L_2,117,2.34,0.03499981766765406,0
CNRS,CNRS_283_-01_L_2,118,2.36,0.03565353869249538,0
CNRS,CNRS_283_-01_L_2,119,2.38,0.03548273610366784,0
CNRS,CNRS_283_-01_L_2,120,2.4,0.03587352551892299,0
CNRS,CNRS_283_-01_L_2,121,2.42,0.03601625885527886,0
CNRS,CNRS_283_-01_L_2,122,2.44,0.035665372315876485,0
CNRS,CNRS_283_-01_L_2,123,2.46,0.0354871903421086,0
CNRS,CNRS_283_-01_L_2,124,2.48,0.03438842377501615,0
CNRS,CNRS_283_-01_L_2,125,2.5,0.03525578424877022,0
CNRS,CNRS_283_-01_L_2,126,2.52,0.043249344884769704,0
CNRS,CNRS_283_-01_L_2,127,2.54,0.05882482043777593,0
CNRS,CNRS_283_-01_L_2,128,2.56,0.07911235626382443,1
CNRS,CNRS_283_-01_L_2,129,2.58,0.08889117014299086,1
CNRS,CNRS_283_-01_L_2,130,2.6,0.0875228157749073,1
CNRS,CNRS_283_-01_L_2,131,2.62,0.08664337648783375,1
CNRS,CNRS_283_-01_L_2,132,2.64,0.08638420682618038,1
CNRS,CNRS_283_-01_L_2,133,2.66,0.08664106746079397,1
CNRS,CNRS_283_-01_L_2,134,2.68,0.08631514058862846,1
CNRS,CNRS_283_-01_L_2,135,2.7,0.08437143067070012,1
CNRS,CNRS_283_-01_L_2,136,2.72,0.08079680990687303,1
CNRS,CNRS_283_-01_L_2,137,2.74,0.07745541499211468,1
CNRS,CNRS_283_-01_L_2,138,2.76,0.07383520202442627,1
CNRS,CNRS_283_-01_L_2,139,2.78,0.07058542925719198,1
CNRS,CNRS_283_-01_L_2,140,2.8,0.06899392502182652,1
CNRS,CNRS_283_-01_L_2,141,2.82,0.06889731719679522,1
CNRS,CNRS_283_-01_L_2,142,2.84,0.07240043146123659,1
CNRS,CNRS_283_-01_L_2,143,2.86,0.07588900132258841,1
CNRS,CNRS_283_-01_L_2,144,2.88,0.07208836161486616,1
CNRS,CNRS_283_-01_L_2,145,2.9,0.0661874047209313,1
CNRS,CNRS_283_-01_L_2,146,2.92,0.06435046866691843,1
CNRS,CNRS_283_-01_L_2,147,2.94,0.06991048992869785,1
CNRS,CNRS_283_-01_L_2,148,2.96,0.07631450815588282,1
CNRS,CNRS_283_-01_L_2,149,2.98,0.08177034046532665,1
CNRS,CNRS_283_-01_L_2,150,3.0,0.0819410147279691,1
CNRS,CNRS_283_-01_L_2,151,3.02,0.08073856919088895,1
CNRS,CNRS_283_-01_L_2,152,3.04,0.0786982522190387,1
CNRS,CNRS_283_-01_L_2,153,3.06,0.07657059277389316,1
CNRS,CNRS_283_-01_L_2,154,3.08,0.07487262404007329,1
CNRS,CNRS_283_-01_L_2,155,3.1,0.0733676956969095,1
CNRS,CNRS_283_-01_L_2,156,3.12,0.07043416915832727,1
CNRS,CNRS_283_-01_L_2,157,3.14,0.0675149438690024,1
CNRS,CNRS_283_-01_L_2,158,3.16,0.06406092439915405,1
CNRS,CNRS_283_-01_L_2,159,3.18,0.060786793950831274,1
CNRS,CNRS_283_-01_L_2,160,3.2,0.05814354762638443,0
CNRS,CNRS_283_-01_L_2,161,3.22,0.05722168180387322,0
CNRS,CNRS_283_-01_L_2,162,3.24,0.057368792196484324,0
CNRS,CNRS_283_-01_L_2,163,3.26,0.059586273408246564,0
CNRS,CNRS_283_-01_L_2,164,3.28,0.06071415962302385,1
CNRS,CNRS_283_-01_L_2,165,3.3,0.0616412243386606,1
CNRS,CNRS_283_-01_L_2,166,3.32,0.06228863659306367,1
CNRS,CNRS_283_-01_L_2,167,3.34,0.06235959149062018,1
CNRS,CNRS_283_-01_L_2,168,3.36,0.0618764805137336,1
CNRS,CNRS_283_-01_L_2,169,3.38,0.06134244369801096,1
CNRS,CNRS_283_-01_L_2,170,3.4,0.06270759963134188,1
CNRS,CNRS_283_-01_L_2,171,3.42,0.07160278601739363,1
CNRS,CNRS_283_-01_L_2,172,3.44,0.088128385930495,1
CNRS,CNRS_283_-01_L_2,173,3.46,0.1089405211189422,1
CNRS,CNRS_283_-01_L_2,174,3.48,0.10923845719856279,1
CNRS,CNRS_283_-01_L_2,175,3.5,0.10689402548914335,1
CNRS,CNRS_283_-01_L_2,176,3.52,0.10558894672721478,1
CNRS,CNRS_283_-01_L_2,177,3.54,0.10519942161274666,1
CNRS,CNRS_283_-01_L_2,178,3.56,0.10465088913116248,1
CNRS,CNRS_283_-01_L_2,179,3.58,0.10232040694399071,1
CNRS,CNRS_283_-01_L_2,180,3.6,0.09918792705751289,1
CNRS,CNRS_283_-01_L_2,181,3.62,0.09541544294783856,1
CNRS,CNRS_283_-01_L_2,182,3.64,0.09173344766753737,1
CNRS,CNRS_283_-01_L_2,183,3.66,0.08887850698277272,1
CNRS,CNRS_283_-01_L_2,184,3.68,0.08660003494357352,1
CNRS,CNRS_283_-01_L_2,185,3.7,0.08523671085967105,1
CNRS,CNRS_283_-01_L_2,186,3.72,0.08559762498441532,1
CNRS,CNRS_283_-01_L_2,187,3.74,0.08818929977153607,1
CNRS,CNRS_283_-01_L_2,188,3.76,0.0927753467347455,1
CNRS,CNRS_283_-01_L_2,189,3.78,0.09723424682313553,1
CNRS,CNRS_283_-01_L_2,190,3.8,0.09039972562058254,1
CNRS,CNRS_283_-01_L_2,191,3.82,0.08405650475282553,1
CNRS,CNRS_283_-01_L_2,192,3.84,0.08524863961841639,1
CNRS,CNRS_283_-01_L_2,193,3.86,0.09144743437419585,1
CNRS,CNRS_283_-01_L_2,194,3.88,0.09818929538325481,1
CNRS,CNRS_283_-01_L_2,195,3.9,0.10065669244594579,1
CNRS,CNRS_283_-01_L_2,196,3.92,0.10096407643109973,1
CNRS,CNRS_283_-01_L_2,197,3.94,0.10050823254740841,1
CNRS,CNRS_283_-01_L_2,198,3.96,0.09896253936018164,1
CNRS,CNRS_283_-01_L_2,199,3.98,0.09728636571456814,1
CNRS,CNRS_283_-01_L_2,200,4.0,0.09606511492152667,1
CNRS,CNRS_283_-01_L_2,201,4.02,0.09459011122426048,1
CNRS,CNRS_283_-01_L_2,202,4.04,0.09227370271459205,1
CNRS,CNRS_283_-01_L_2,203,4.06,0.08922342136266442,1
CNRS,CNRS_283_-01_L_2,204,4.08,0.08650250977837538,1
CNRS,CNRS_283_-01_L_2,205,4.1,0.08375243662872174,1
CNRS,CNRS_283_-01_L_2,206,4.12,0.08031145753550949,1
CNRS,CNRS_283_-01_L_2,207,4.14,0.07798704662797522,1
CNRS,CNRS_283_-01_L_2,208,4.16,0.07710298366704252,1
CNRS,CNRS_283_-01_L_2,209,4.18,0.07701647668654324,1
CNRS,CNRS_283_-01_L_2,210,4.2,0.07830263479350097,1
CNRS,CNRS_283_-01_L_2,211,4.22,0.08185831347534116,1
CNRS,CNRS_283_-01_L_2,212,4.24,0.08466442484947814,1
CNRS,CNRS_283_-01_L_2,213,4.26,0.0864974336621768,1
CNRS,CNRS_283_-01_L_2,214,4.28,0.08712534879790176,1
CNRS,CNRS_283_-01_L_2,215,4.3,0.08730565319946361,1
CNRS,CNRS_283_-01_L_2,216,4.32,0.08665195876313007,1
CNRS,CNRS_283_-01_L_2,217,4.34,0.08780225992784803,1
CNRS,CNRS_283_-01_L_2,218,4.36,0.09442181284667932,1
CNRS,CNRS_283_-01_L_2,219,4.38,0.10757052750506642,1
CNRS,CNRS_283_-01_L_2,220,4.4,0.12585036733366262,1
CNRS,CNRS_283_-01_L_2,221,4.42,0.13447109973144022,1
CNRS,CNRS_283_-01_L_2,222,4.44,0.13227576351740464,1
CNRS,CNRS_283_-01_L_2,223,4.46,0.13171638880421724,1
CNRS,CNRS_283_-01_L_2,224,4.48,0.13157422047012035,1
CNRS,CNRS_283_-01_L_2,225,4.5,0.12959791258009584,1
CNRS,CNRS_283_-01_L_2,226,4.52,0.12888155387947606,1
CNRS,CNRS_283_-01_L_2,227,4.54,0.12772113429702509,1
CNRS,CNRS_283_-01_L_2,228,4.56,0.12645300728795844,1
CNRS,CNRS_283_-01_L_2,229,4.58,0.12494028427802796,1
CNRS,CNRS_283_-01_L_2,230,4.6,0.12257916702028608,1
CNRS,CNRS_283_-01_L_2,231,4.62,0.12049404671191134,1
CNRS,CNRS_283_-01_L_2,232,4.64,0.11886339496737879,1
CNRS,CNRS_283_-01_L_2,233,4.66,0.11784891060123374,1
CNRS,CNRS_283_-01_L_2,234,4.68,0.11777705886812866,1
CNRS,CNRS_283_-01_L_2,235,4.7,0.11890061172967127,1
CNRS,CNRS_283_-01_L_2,236,4.72,0.11603099327721224,1
CNRS,CNRS_283_-01_L_2,237,4.74,0.11086744178361317,1
CNRS,CNRS_283_-01_L_2,238,4.76,0.10507403578453674,1
CNRS,CNRS_283_-01_L_2,239,4.78,0.10229870471218967,1
CNRS,CNRS_283_-01_L_2,240,4.8,0.10584628298721348,1
CNRS,CNRS_283_-01_L_2,241,4.82,0.11335161824314771,1
CNRS,CNRS_283_-01_L_2,242,4.84,0.11914522758789033,1
CNRS,CNRS_283_-01_L_2,243,4.86,0.12130184953238492,1
CNRS,CNRS_283_SW_B_3,0,0.0,-0.0025763503705321785,0
CNRS,CNRS_283_SW_B_3,1,0.02,9.25583120014329e-05,0
CNRS,CNRS_283_SW_B_3,2,0.04,0.0035121709323309436,0
CNRS,CNRS_283_SW_B_3,3,0.06,0.00697921337234853,0
CNRS,CNRS_283_SW_B_3,4,0.08,0.006818087761508265,0
CNRS,CNRS_283_SW_B_3,5,0.1,0.005330180813897993,0
CNRS,CNRS_283_SW_B_3,6,0.12,0.003579699028763093,0
CNRS,CNRS_283_SW_B_3,7,0.14,-0.0017068221358305363,0
CNRS,CNRS_283_SW_B_3,8,0.16,-0.00022665182322863762,0
CNRS,CNRS_283_SW_B_3,9,0.18,0.012107922100095059,0
CNRS,CNRS_283_SW_B_3,10,0.2,0.029708081805495827,0
CNRS,CNRS_283_SW_B_3,11,0.22,0.05182475347591969,0
CNRS,CNRS_283_SW_B_3,12,0.24,0.060458080795030573,1
CNRS,CNRS_283_SW_B_3,13,0.26,0.058509307116016936,0
CNRS,CNRS_283_SW_B_3,14,0.28,0.059870799041469656,0
CNRS,CNRS_283_SW_B_3,15,0.3,0.05924399257932841,0
CNRS,CNRS_283_SW_B_3,16,0.32,0.059148923981813574,0
CNRS,CNRS_283_SW_B_3,17,0.34,0.0587695696369377,0
CNRS,CNRS_283_SW_B_3,18,0.36,0.05635567197903404,0
CNRS,CNRS_283_SW_B_3,19,0.38,0.052430622442775854,0
CNRS,CNRS_283_SW_B_3,20,0.4,0.051658597361313,0
CNRS,CNRS_283_SW_B_3,21,0.42,0.04841551468642009,0
CNRS,CNRS_283_SW_B_3,22,0.44,0.04600321023584281,0
CNRS,CNRS_283_SW_B_3,23,0.46,0.04193321938572968,0
CNRS,CNRS_283_SW_B_3,24,0.48,0.04030343001950281,0
CNRS,CNRS_283_SW_B_3,25,0.5,0.03921146848810307,0
CNRS,CNRS_283_SW_B_3,26,0.52,0.0409127200348435,0
CNRS,CNRS_283_SW_B_3,27,0.54,0.03848312808022211,0
CNRS,CNRS_283_SW_B_3,28,0.56,0.033580835519026006,0
CNRS,CNRS_283_SW_B_3,29,0.58,0.02891838862611095,0
CNRS,CNRS_283_SW_B_3,30,0.6,0.031198066676642294,0
CNRS,CNRS_283_SW_B_3,31,0.62,0.03349912928961577,0
CNRS,CNRS_283_SW_B_3,32,0.64,0.03775540680156939,0
CNRS,CNRS_283_SW_B_3,33,0.66,0.037359420529970516,0
CNRS,CNRS_283_SW_B_3,34,0.68,0.038816773362103846,0
CNRS,CNRS_283_SW_B_3,35,0.7,0.03730882179558042,0
CNRS,CNRS_283_SW_B_3,36,0.72,0.0345737185724593,0
CNRS,CNRS_283_SW_B_3,37,0.74,0.032318908720739066,0
CNRS,CNRS_283_SW_B_3,38,0.76,0.030762318114397842,0
CNRS,CNRS_283_SW_B_3,39,0.78,0.028473160848476488,0
CNRS,CNRS_283_SW_B_3,40,0.8,0.0257635434436655,0
CNRS,CNRS_283_SW_B_3,41,0.82,0.022523500324851696,0
CNRS,CNRS_283_SW_B_3,42,0.84,0.020322152091319115,0
CNRS,CNRS_283_SW_B_3,43,0.86,0.01816318421573291,0
CNRS,CNRS_283_SW_B_3,44,0.88,0.016531232355043682,0
CNRS,CNRS_283_SW_B_3,45,0.9,0.016089577574468786,0
CNRS,CNRS_283_SW_B_3,46,0.92,0.017153162961615405,0
CNRS,CNRS_283_SW_B_3,47,0.94,0.01826459991934653,0
CNRS,CNRS_283_SW_B_3,48,0.96,0.018459311790901045,0
CNRS,CNRS_283_SW_B_3,49,0.98,0.01962202896339118,0
CNRS,CNRS_283_SW_B_3,50,1.0,0.02197548021367788,0
CNRS,CNRS_283_SW_B_3,51,1.02,0.02251169855159147,0
CNRS,CNRS_283_SW_B_3,52,1.04,0.02222619263778012,0
CNRS,CNRS_283_SW_B_3,53,1.06,0.022365049022649873,0
CNRS,CNRS_283_SW_B_3,54,1.08,0.023867358799772656,0
CNRS,CNRS_283_SW_B_3,55,1.1,0.03139418963063826,0
CNRS,CNRS_283_SW_B_3,56,1.12,0.04408080593355002,0
CNRS,CNRS_283_SW_B_3,57,1.14,0.061310560612869346,1
CNRS,CNRS_283_SW_B_3,58,1.16,0.07593815472578284,1
CNRS,CNRS_283_SW_B_3,59,1.18,0.07421684037637526,1
CNRS,CNRS_283_SW_B_3,60,1.2,0.07332902607058761,1
CNRS,CNRS_283_SW_B_3,61,1.22,0.07250342083695417,1
CNRS,CNRS_283_SW_B_3,62,1.24,0.07203723888292278,1
CNRS,CNRS_283_SW_B_3,63,1.26,0.07127539180588914,1
CNRS,CNRS_283_SW_B_3,64,1.28,0.06952664735716423,1
CNRS,CNRS_283_SW_B_3,65,1.3,0.06697675656438483,1
CNRS,CNRS_283_SW_B_3,66,1.32,0.06452731643056261,1
CNRS,CNRS_283_SW_B_3,67,1.34,0.061462779462741014,1
CNRS,CNRS_283_SW_B_3,68,1.36,0.05868972911467294,0
CNRS,CNRS_283_SW_B_3,69,1.38,0.05686342184487459,0
CNRS,CNRS_283_SW_B_3,70,1.4,0.05621504125000896,0
CNRS,CNRS_283_SW_B_3,71,1.42,0.05851742934927604,0
CNRS,CNRS_283_SW_B_3,72,1.44,0.0618497878806206,1
CNRS,CNRS_283_SW_B_3,73,1.46,0.05777983008344801,0
CNRS,CNRS_283_SW_B_3,74,1.48,0.051590913890764374,0
CNRS,CNRS_283_SW_B_3,75,1.5,0.045127597451414286,0
CNRS,CNRS_283_SW_B_3,76,1.52,0.043500335672446266,0
CNRS,CNRS_283_SW_B_3,77,1.54,0.047450034647768986,0
CNRS,CNRS_283_SW_B_3,78,1.56,0.05216139849839035,0
CNRS,CNRS_283_SW_B_3,79,1.58,0.05465512350908976,0
CNRS,CNRS_283_SW_B_3,80,1.6,0.05543565615986599,0
CNRS,CNRS_283_SW_B_3,81,1.62,0.05394418277030654,0
CNRS,CNRS_283_SW_B_3,82,1.64,0.05190596054482552,0
CNRS,CNRS_283_SW_B_3,83,1.66,0.04959741124585691,0
CNRS,CNRS_283_SW_B_3,84,1.68,0.048305043126207335,0
CNRS,CNRS_283_SW_B_3,85,1.7,0.04701191019580641,0
CNRS,CNRS_283_SW_B_3,86,1.72,0.04441677458562559,0
CNRS,CNRS_283_SW_B_3,87,1.74,0.04172861039047042,0
CNRS,CNRS_283_SW_B_3,88,1.76,0.03897743790086234,0
CNRS,CNRS_283_SW_B_3,89,1.78,0.036665802802691154,0
CNRS,CNRS_283_SW_B_3,90,1.8,0.0349590617405441,0
CNRS,CNRS_283_SW_B_3,91,1.82,0.03409626020093065,0
CNRS,CNRS_283_SW_B_3,92,1.84,0.03460014466650712,0
CNRS,CNRS_283_SW_B_3,93,1.86,0.03570519613539908,0
CNRS,CNRS_283_SW_B_3,94,1.88,0.03667883940833923,0
CNRS,CNRS_283_SW_B_3,95,1.9,0.03809738938966803,0
CNRS,CNRS_283_SW_B_3,96,1.92,0.03854492885336651,0
CNRS,CNRS_283_SW_B_3,97,1.94,0.03868345569237474,0
CNRS,CNRS_283_SW_B_3,98,1.96,0.038722398721699185,0
CNRS,CNRS_283_SW_B_3,99,1.98,0.03877734953195,0
CNRS,CNRS_283_SW_B_3,100,2.0,0.0426035698636807,0
CNRS,CNRS_283_SW_B_3,101,2.02,0.05371176530327474,0
CNRS,CNRS_283_SW_B_3,102,2.04,0.07085812762743861,1
CNRS,CNRS_283_SW_B_3,103,2.06,0.08697340851241242,1
CNRS,CNRS_283_SW_B_3,104,2.08,0.08506998429805031,1
CNRS,CNRS_283_SW_B_3,105,2.1,0.08362891011466377,1
CNRS,CNRS_283_SW_B_3,106,2.12,0.08272670462704726,1
CNRS,CNRS_283_SW_B_3,107,2.14,0.08208108635424781,1
CNRS,CNRS_283_SW_B_3,108,2.16,0.08108491284101635,1
CNRS,CNRS_283_SW_B_3,109,2.18,0.07999652945764822,1
CNRS,CNRS_283_SW_B_3,110,2.2,0.07746031697053125,1
CNRS,CNRS_283_SW_B_3,111,2.22,0.07406554482716447,1
CNRS,CNRS_283_SW_B_3,112,2.24,0.07100096764405828,1
CNRS,CNRS_283_SW_B_3,113,2.26,0.0681509374755996,1
CNRS,CNRS_283_SW_B_3,114,2.28,0.06655501282000231,1
CNRS,CNRS_283_SW_B_3,115,2.3,0.06675641737734977,1
CNRS,CNRS_283_SW_B_3,116,2.32,0.0681674653431973,1
CNRS,CNRS_283_SW_B_3,117,2.34,0.07093917480570737,1
CNRS,CNRS_283_SW_B_3,118,2.36,0.0678426240604477,1
CNRS,CNRS_283_SW_B_3,119,2.38,0.06292806219760176,1
CNRS,CNRS_283_SW_B_3,120,2.4,0.05790880886046613,0
CNRS,CNRS_283_SW_B_3,121,2.42,0.05995329723568011,0
CNRS,CNRS_283_SW_B_3,122,2.44,0.06587831015253384,1
CNRS,CNRS_283_SW_B_3,123,2.46,0.07107249270364495,1
CNRS,CNRS_283_SW_B_3,124,2.48,0.0732099807735492,1
CNRS,CNRS_283_SW_B_3,125,2.5,0.07374836297765953,1
CNRS,CNRS_283_SW_B_3,126,2.52,0.07296516391533558,1
CNRS,CNRS_283_SW_B_3,127,2.54,0.07152444466853285,1
CNRS,CNRS_283_SW_B_3,128,2.56,0.07002133147875986,1
CNRS,CNRS_283_SW_B_3,129,2.58,0.06814745468903709,1
CNRS,CNRS_283_SW_B_3,130,2.6,0.06640555661451313,1
CNRS,CNRS_283_SW_B_3,131,2.62,0.06317643351083023,1
CNRS,CNRS_283_SW_B_3,132,2.64,0.06024140388907472,1
CNRS,CNRS_283_SW_B_3,133,2.66,0.057230163080766484,0
CNRS,CNRS_283_SW_B_3,134,2.68,0.05449847591894277,0
CNRS,CNRS_283_SW_B_3,135,2.7,0.05242592825032361,0
CNRS,CNRS_283_SW_B_3,136,2.72,0.05131671288241664,0
CNRS,CNRS_283_SW_B_3,137,2.74,0.051318939090750006,0
CNRS,CNRS_283_SW_B_3,138,2.76,0.053115655825487516,0
CNRS,CNRS_283_SW_B_3,139,2.78,0.05550751510743377,0
CNRS,CNRS_283_SW_B_3,140,2.8,0.05662179189588993,0
CNRS,CNRS_283_SW_B_3,141,2.82,0.0570098976883304,0
CNRS,CNRS_283_SW_B_3,142,2.84,0.05726063718426059,0
CNRS,CNRS_283_SW_B_3,143,2.86,0.056910165571566425,0
CNRS,CNRS_283_SW_B_3,144,2.88,0.05657088236970002,0
CNRS,CNRS_283_SW_B_3,145,2.9,0.05772463714466835,0
CNRS,CNRS_283_SW_B_3,146,2.92,0.06431573433245584,1
CNRS,CNRS_283_SW_B_3,147,2.94,0.07821952859730896,1
CNRS,CNRS_283_SW_B_3,148,2.96,0.09677328334251853,1
CNRS,CNRS_283_SW_B_3,149,2.98,0.103590222728016,1
CNRS,CNRS_283_SW_B_3,150,3.0,0.10177160940226364,1
CNRS,CNRS_283_SW_B_3,151,3.02,0.10046131743076399,1
CNRS,CNRS_283_SW_B_3,152,3.04,0.09938426243622493,1
CNRS,CNRS_283_SW_B_3,153,3.06,0.09842420645852916,1
CNRS,CNRS_283_SW_B_3,154,3.08,0.09736957034049178,1
CNRS,CNRS_283_SW_B_3,155,3.1,0.09610377067965484,1
CNRS,CNRS_283_SW_B_3,156,3.12,0.09417870300700003,1
CNRS,CNRS_283_SW_B_3,157,3.14,0.09197206085146903,1
CNRS,CNRS_283_SW_B_3,158,3.16,0.0899912890169814,1
CNRS,CNRS_283_SW_B_3,159,3.18,0.08835979557720618,1
CNRS,CNRS_283_SW_B_3,160,3.2,0.0874049842114799,1
CNRS,CNRS_283_SW_B_3,161,3.22,0.08759932551245533,1
CNRS,CNRS_283_SW_B_3,162,3.24,0.08994364356146319,1
CNRS,CNRS_283_SW_B_3,163,3.26,0.09188188844612753,1
CNRS,CNRS_283_SW_B_3,164,3.28,0.08816567356365833,1
CNRS,CNRS_283_SW_B_3,165,3.3,0.08316969336177689,1
CNRS,CNRS_283_SW_B_3,166,3.32,0.08037052398300899,1
CNRS,CNRS_283_SW_B_3,167,3.34,0.08418704570102346,1
CNRS,CNRS_283_SW_B_3,168,3.36,0.0905192317172412,1
CNRS,CNRS_283_SW_B_3,169,3.38,0.09485944675460245,1
CNRS,CNRS_283_SW_B_3,170,3.4,0.0969045369219944,1
CNRS,CNRS_283_SW_B_3,171,3.42,0.09706845153852953,1
CNRS,CNRS_283_SW_B_3,172,3.44,0.0960098560423754,1
CNRS,CNRS_283_SW_B_3,173,3.46,0.09459264865487035,1
CNRS,CNRS_283_SW_B_3,174,3.48,0.09290787973805767,1
CNRS,CNRS_283_SW_B_3,175,3.5,0.09171101706818154,1
CNRS,CNRS_283_SW_B_3,176,3.52,0.08972796118440807,1
CNRS,CNRS_283_SW_B_3,177,3.54,0.08764771965318262,1
CNRS,CNRS_283_SW_B_3,178,3.56,0.08562867037815669,1
CNRS,CNRS_283_SW_B_3,179,3.58,0.0833711029681437,1
CNRS,CNRS_283_SW_B_3,180,3.6,0.08041012840622758,1
CNRS,CNRS_283_SW_B_3,181,3.62,0.07832665282604438,1
CNRS,CNRS_283_SW_B_3,182,3.64,0.07674198333367195,1
CNRS,CNRS_283_SW_B_3,183,3.66,0.07650103983734415,1
CNRS,CNRS_283_SW_B_3,184,3.68,0.07674374392944487,1
CNRS,CNRS_283_SW_B_3,185,3.7,0.07718986266859143,1
CNRS,CNRS_283_SW_B_3,186,3.72,0.07812284471996171,1
CNRS,CNRS_283_SW_B_3,187,3.74,0.07898270143338744,1
CNRS,CNRS_283_SW_B_3,188,3.76,0.07954912614435358,1
CNRS,CNRS_283_SW_B_3,189,3.78,0.07940995879987992,1
CNRS,CNRS_283_SW_B_3,190,3.8,0.07903175116835799,1
CNRS,CNRS_283_SW_B_3,191,3.82,0.0795651696056101,1
CNRS,CNRS_283_SW_B_3,192,3.84,0.08399628659235511,1
CNRS,CNRS_283_SW_B_3,193,3.86,0.09433147555206035,1
CNRS,CNRS_283_SW_B_3,194,3.88,0.10949306293523017,1
CNRS,CNRS_283_SW_B_3,195,3.9,0.12499380547579476,1
CNRS,CNRS_283_SW_B_3,196,3.92,0.1228642773520701,1
CNRS,CNRS_283_SW_B_3,197,3.94,0.12147538494772737,1
CNRS,CNRS_283_SW_B_3,198,3.96,0.12004309047126989,1
CNRS,CNRS_283_SW_B_3,199,3.98,0.11928195741233645,1
CNRS,CNRS_283_SW_B_3,200,4.0,0.11856277183534124,1
CNRS,CNRS_283_SW_B_3,201,4.02,0.1170116714803552,1
CNRS,CNRS_283_SW_B_3,202,4.04,0.11500965453267835,1
CNRS,CNRS_283_SW_B_3,203,4.06,0.11229213467319694,1
CNRS,CNRS_283_SW_B_3,204,4.08,0.10998409071187774,1
CNRS,CNRS_283_SW_B_3,205,4.1,0.10793615215244869,1
CNRS,CNRS_283_SW_B_3,206,4.12,0.10641567158679939,1
CNRS,CNRS_283_SW_B_3,207,4.14,0.10653144069396815,1
CNRS,CNRS_283_SW_B_3,208,4.16,0.10776350057614188,1
CNRS,CNRS_283_SW_B_3,209,4.18,0.11051980501436288,1
CNRS,CNRS_283_SW_B_3,210,4.2,0.11039448092791095,1
CNRS,CNRS_283_SW_B_3,211,4.22,0.10591467798211061,1
CNRS,CNRS_283_SW_B_3,212,4.24,0.10008682376844842,1
CNRS,CNRS_283_SW_B_3,213,4.26,0.09954890313051977,1
CNRS,CNRS_283_SW_B_3,214,4.28,0.10409317521351778,1
CNRS,CNRS_283_SW_B_3,215,4.3,0.11001511592166387,1
CNRS,CNRS_283_SW_B_3,216,4.32,0.1131964356557051,1
CNRS,CNRS_283_SW_B_3,217,4.34,0.11492684591600462,1
CNRS,CNRS_283_SW_B_3,218,4.36,0.11491617729027936,1
CNRS,CNRS_283_SW_B_3,219,4.38,0.1136949938837815,1
CNRS,CNRS_283_SW_B_3,220,4.4,0.11230555717550494,1
CNRS,CNRS_283_SW_B_3,221,4.42,0.11095416218358993,1
CNRS,CNRS_283_SW_B_3,222,4.44,0.10968124390058318,1
CNRS,CNRS_283_SW_B_3,223,4.46,0.1075827648934507,1
CNRS,CNRS_283_SW_B_3,224,4.48,0.10552458406627689,1
CNRS,CNRS_283_SW_B_3,225,4.5,0.10315001506992348,1
CNRS,CNRS_283_SW_B_3,226,4.52,0.10049142254015447,1
CNRS,CNRS_283_SW_B_3,227,4.54,0.09787127575566461,1
CNRS,CNRS_283_SW_B_3,228,4.56,0.09561817447395618,1
CNRS,CNRS_283_SW_B_3,229,4.58,0.09453369704132607,1
CNRS,CNRS_283_SW_B_3,230,4.6,0.09485804096016671,1
CNRS,CNRS_283_SW_B_3,231,4.62,0.09643056486477235,1
CNRS,CNRS_283_SW_B_3,232,4.64,0.09878261385554753,1
CNRS,CNRS_283_SW_B_3,233,4.66,0.1004444695108595,1
CNRS,CNRS_283_SW_B_3,234,4.68,0.10189472931693185,1
CNRS,CNRS_283_SW_B_3,235,4.7,0.10271459704009225,1
CNRS,CNRS_283_SW_B_3,236,4.72,0.10333538810021238,1
CNRS,CNRS_283_SW_B_3,237,4.74,0.10304851635258296,1
CNRS,CNRS_283_SW_B_3,238,4.76,0.1030116566032178,1
CNRS,CNRS_283_SW_B_3,239,4.78,0.10594003184322286,1
CNRS,CNRS_283_SW_B_3,240,4.8,0.11455327225351138,1
CNRS,CNRS_283_SW_B_3,241,4.82,0.12805324350263375,1
CNRS,CNRS_283_SW_B_3,242,4.84,0.14456404932831618,1
CNRS,CNRS_283_SW_B_3,243,4.86,0.14321985883027513,1
CNRS,CNRS_283_SW_B_3,244,4.88,0.1421292200349571,1
CNRS,CNRS_283_SW_B_3,245,4.9,0.14177906624465522,1
CNRS,CNRS_283_SW_B_3,246,4.92,0.14189117203845977,1
CNRS,CNRS_283_SW_B_3,247,4.94,0.14211353424793335,1
CNRS,CNRS_283_SW_B_3,248,4.96,0.14221874367163503,1
CNRS,CNRS_283_SW_B_3,249,4.98,0.14171744926135865,1
CNRS,CNRS_283_SW_B_3,250,5.0,0.1407541806243906,1
CNRS,CNRS_283_SW_B_3,251,5.02,0.1382349093093588,1
CNRS,CNRS_283_SW_B_3,252,5.04,0.13628729341490103,1
CNRS,CNRS_283_SW_B_3,253,5.06,0.13547049902144173,1
CNRS,CNRS_283_SW_B_3,254,5.08,0.13453407154880503,1
CNRS,CNRS_283_SW_B_3,255,5.1,0.1341170624416416,1
CNRS,CNRS_283_SW_B_3,256,5.12,0.13401813656335942,1
CNRS,CNRS_283_SW_B_3,257,5.14,0.13019396619028425,1
CNRS,CNRS_283_SW_B_3,258,5.16,0.1272003998362367,1
CNRS,CNRS_283_SW_B_3,259,5.18,0.12352237995547567,1
CNRS,CNRS_283_SW_B_3,260,5.2,0.11970385325925413,1
CNRS,CNRS_283_SW_B_3,261,5.22,0.11694455681542264,1
CNRS,CNRS_283_SW_B_3,262,5.24,0.11846736172057627,1
CNRS,CNRS_283_SW_B_3,263,5.26,0.12244617535755521,1
CNRS,CNRS_283_SW_B_3,264,5.28,0.12611993100675967,1
CNRS,CNRS_283_SW_B_3,265,5.3,0.12878509767412508,1
CNRS,CNRS_283_SW_B_3,266,5.32,0.12982090777289038,1
CNRS,CNRS_283_SW_B_3,267,5.34,0.12950281793816962,1
CNRS,CNRS_283_SW_B_3,268,5.36,0.1283145938249425,1
CNRS,CNRS_283_SW_B_3,269,5.38,0.12763820868964842,1
CNRS,CNRS_283_SW_B_3,270,5.4,0.1276129762269542,1
CNRS,CNRS_283_SW_B_3,271,5.42,0.12676089355047263,1
CNRS,CNRS_288_03_L_2,0,0.0,0.02599533234556043,0
CNRS,CNRS_288_03_L_2,1,0.02,0.026196885202244898,0
CNRS,CNRS_288_03_L_2,2,0.04,0.025324619019006463,0
CNRS,CNRS_288_03_L_2,3,0.06,0.02693897483199517,0
CNRS,CNRS_288_03_L_2,4,0.08,0.02574787616135448,0
CNRS,CNRS_288_03_L_2,5,0.1,0.02283451116339972,0
CNRS,CNRS_288_03_L_2,6,0.12,0.009272615582119977,0
CNRS,CNRS_288_03_L_2,7,0.14,0.006259993538204318,0
CNRS,CNRS_288_03_L_2,8,0.16,0.002836275757640219,0
CNRS,CNRS_288_03_L_2,9,0.18,-4.761831110849067e-05,0
CNRS,CNRS_288_03_L_2,10,0.2,-0.0015656203130425452,0
CNRS,CNRS_288_03_L_2,11,0.22,-0.00199071648661457,0
CNRS,CNRS_288_03_L_2,12,0.24,-0.0012747198138190596,0
CNRS,CNRS_288_03_L_2,13,0.26,0.0011436330313406174,0
CNRS,CNRS_288_03_L_2,14,0.28,0.005180495299247707,0
CNRS,CNRS_288_03_L_2,15,0.3,0.01258136545418389,0
CNRS,CNRS_288_03_L_2,16,0.32,0.02332368847715153,0
CNRS,CNRS_288_03_L_2,17,0.34,0.024622775096586683,0
CNRS,CNRS_288_03_L_2,18,0.36,0.02457005029758951,0
CNRS,CNRS_288_03_L_2,19,0.38,0.028005592614105818,0
CNRS,CNRS_288_03_L_2,20,0.4,0.040688423578080286,0
CNRS,CNRS_288_03_L_2,21,0.42,0.0592743422609649,0
CNRS,CNRS_288_03_L_2,22,0.44,0.08164586849771935,1
CNRS,CNRS_288_03_L_2,23,0.46,0.07921843449791197,1
CNRS,CNRS_288_03_L_2,24,0.48,0.07645811211581323,1
CNRS,CNRS_288_03_L_2,25,0.5,0.07409925176356004,1
CNRS,CNRS_288_03_L_2,26,0.52,0.07411766709886303,1
CNRS,CNRS_288_03_L_2,27,0.54,0.07359576514327881,1
CNRS,CNRS_288_03_L_2,28,0.56,0.06901319886772243,1
CNRS,CNRS_288_03_L_2,29,0.58,0.0629189201156543,1
CNRS,CNRS_288_03_L_2,30,0.6,0.05665353218662365,0
CNRS,CNRS_288_03_L_2,31,0.62,0.05097257078086171,0
CNRS,CNRS_288_03_L_2,32,0.64,0.04542413693426298,0
CNRS,CNRS_288_03_L_2,33,0.66,0.04272535638864977,0
CNRS,CNRS_288_03_L_2,34,0.68,0.04075072000745383,0
CNRS,CNRS_288_03_L_2,35,0.7,0.039331264178298894,0
CNRS,CNRS_288_03_L_2,36,0.72,0.03935154705390554,0
CNRS,CNRS_288_03_L_2,37,0.74,0.038755801406657374,0
CNRS,CNRS_288_03_L_2,38,0.76,0.0374526874782416,0
CNRS,CNRS_288_03_L_2,39,0.78,0.03350950327751849,0
CNRS,CNRS_288_03_L_2,40,0.8,0.03655666472622903,0
CNRS,CNRS_288_03_L_2,41,0.82,0.0394457161703903,0
CNRS,CNRS_288_03_L_2,42,0.84,0.04779613594098673,0
CNRS,CNRS_288_03_L_2,43,0.86,0.051006545778243755,0
CNRS,CNRS_288_03_L_2,44,0.88,0.04965923972796814,0
CNRS,CNRS_288_03_L_2,45,0.9,0.0468815260907987,0
CNRS,CNRS_288_03_L_2,46,0.92,0.04458834673049809,0
CNRS,CNRS_288_03_L_2,47,0.94,0.03842102094518352,0
CNRS,CNRS_288_03_L_2,48,0.96,0.037200907123674534,0
CNRS,CNRS_288_03_L_2,49,0.98,0.0332728099963484,0
CNRS,CNRS_288_03_L_2,50,1.0,0.0294149071511407,0
CNRS,CNRS_288_03_L_2,51,1.02,0.02658613349729652,0
CNRS,CNRS_288_03_L_2,52,1.04,0.02232392583452618,0
CNRS,CNRS_288_03_L_2,53,1.06,0.019239795841338954,0
CNRS,CNRS_288_03_L_2,54,1.08,0.017085963280897495,0
CNRS,CNRS_288_03_L_2,55,1.1,0.0169824735901304,0
CNRS,CNRS_288_03_L_2,56,1.12,0.017966830724547356,0
CNRS,CNRS_288_03_L_2,57,1.14,0.019762462649449267,0
CNRS,CNRS_288_03_L_2,58,1.16,0.023610482562900617,0
CNRS,CNRS_288_03_L_2,59,1.18,0.030177692488424272,0
CNRS,CNRS_288_03_L_2,60,1.2,0.039988470359051745,0
CNRS,CNRS_288_03_L_2,61,1.22,0.04815874697109742,0
CNRS,CNRS_288_03_L_2,62,1.24,0.04887581056365727,0
CNRS,CNRS_288_03_L_2,63,1.26,0.04929413373265204,0
CNRS,CNRS_288_03_L_2,64,1.28,0.053514019905049316,0
CNRS,CNRS_288_03_L_2,65,1.3,0.06670175622285283,1
CNRS,CNRS_288_03_L_2,66,1.32,0.08297455697006903,1
CNRS,CNRS_288_03_L_2,67,1.34,0.10021882364749851,1
CNRS,CNRS_288_03_L_2,68,1.36,0.09634986979875805,1
CNRS,CNRS_288_03_L_2,69,1.38,0.09304327148332234,1
CNRS,CNRS_288_03_L_2,70,1.4,0.09211829969434528,1
CNRS,CNRS_288_03_L_2,71,1.42,0.09403313369958294,1
CNRS,CNRS_288_03_L_2,72,1.44,0.09227422525122055,1
CNRS,CNRS_288_03_L_2,73,1.46,0.0872501700581146,1
CNRS,CNRS_288_03_L_2,74,1.48,0.08088311245881212,1
CNRS,CNRS_288_03_L_2,75,1.5,0.07516035307416943,1
CNRS,CNRS_288_03_L_2,76,1.52,0.07060604883319427,1
CNRS,CNRS_288_03_L_2,77,1.54,0.06610730771714608,1
CNRS,CNRS_288_03_L_2,78,1.56,0.06175015620642641,1
CNRS,CNRS_288_03_L_2,79,1.58,0.06022578735568441,1
CNRS,CNRS_288_03_L_2,80,1.6,0.06049627683886764,1
CNRS,CNRS_288_03_L_2,81,1.62,0.05971084069982941,0
CNRS,CNRS_288_03_L_2,82,1.64,0.05335368971407826,0
CNRS,CNRS_288_03_L_2,83,1.66,0.04805820150638349,0
CNRS,CNRS_288_03_L_2,84,1.68,0.046406943437822666,0
CNRS,CNRS_288_03_L_2,85,1.7,0.04823330743812052,0
CNRS,CNRS_288_03_L_2,86,1.72,0.05352435939671694,0
CNRS,CNRS_288_03_L_2,87,1.74,0.05737626796017455,0
CNRS,CNRS_288_03_L_2,88,1.76,0.057087231419709734,0
CNRS,CNRS_288_03_L_2,89,1.78,0.05493267070634838,0
CNRS,CNRS_288_03_L_2,90,1.8,0.05213017576926441,0
CNRS,CNRS_288_03_L_2,91,1.82,0.050508337979529784,0
CNRS,CNRS_288_03_L_2,92,1.84,0.04821857882687678,0
CNRS,CNRS_288_03_L_2,93,1.86,0.0459775234075867,0
CNRS,CNRS_288_03_L_2,94,1.88,0.04276538068913906,0
CNRS,CNRS_288_03_L_2,95,1.9,0.03933880428251652,0
CNRS,CNRS_288_03_L_2,96,1.92,0.036600824400911856,0
CNRS,CNRS_288_03_L_2,97,1.94,0.03428663160770668,0
CNRS,CNRS_288_03_L_2,98,1.96,0.032248613792289056,0
CNRS,CNRS_288_03_L_2,99,1.98,0.033166775473333764,0
CNRS,CNRS_288_03_L_2,100,2.0,0.0343734672242512,0
CNRS,CNRS_288_03_L_2,101,2.02,0.03506267634505367,0
CNRS,CNRS_288_03_L_2,102,2.04,0.03705367055574301,0
CNRS,CNRS_288_03_L_2,103,2.06,0.04197204449456029,0
CNRS,CNRS_288_03_L_2,104,2.08,0.047416656537154656,0
CNRS,CNRS_288_03_L_2,105,2.1,0.057137135078413316,0
CNRS,CNRS_288_03_L_2,106,2.12,0.058499152861901264,0
CNRS,CNRS_288_03_L_2,107,2.14,0.056207081448605055,0
CNRS,CNRS_288_03_L_2,108,2.16,0.05513400542821043,0
CNRS,CNRS_288_03_L_2,109,2.18,0.05920103321796912,0
CNRS,CNRS_288_03_L_2,110,2.2,0.07185977091702836,1
CNRS,CNRS_288_03_L_2,111,2.22,0.08952717658091831,1
CNRS,CNRS_288_03_L_2,112,2.24,0.1089232173800642,1
CNRS,CNRS_288_03_L_2,113,2.26,0.1153872715997133,1
CNRS,CNRS_288_03_L_2,114,2.28,0.11213592521487209,1
CNRS,CNRS_288_03_L_2,115,2.3,0.11224717801918545,1
CNRS,CNRS_288_03_L_2,116,2.32,0.11525085850561857,1
CNRS,CNRS_288_03_L_2,117,2.34,0.11182536939027962,1
CNRS,CNRS_288_03_L_2,118,2.36,0.11033960668885852,1
CNRS,CNRS_288_03_L_2,119,2.38,0.10047891991884923,1
CNRS,CNRS_288_03_L_2,120,2.4,0.09529428309999952,1
CNRS,CNRS_288_03_L_2,121,2.42,0.09013162137383747,1
CNRS,CNRS_288_03_L_2,122,2.44,0.08592926863641275,1
CNRS,CNRS_288_03_L_2,123,2.46,0.08275021797093363,1
CNRS,CNRS_288_03_L_2,124,2.48,0.07731584989929112,1
CNRS,CNRS_288_03_L_2,125,2.5,0.07621877315090773,1
CNRS,CNRS_288_03_L_2,126,2.52,0.06886996109944495,1
CNRS,CNRS_288_03_L_2,127,2.54,0.06371526006342774,1
CNRS,CNRS_288_03_L_2,128,2.56,0.06352114655476633,1
CNRS,CNRS_288_03_L_2,129,2.58,0.06803290323973483,1
CNRS,CNRS_288_03_L_2,130,2.6,0.07605602160047796,1
CNRS,CNRS_288_03_L_2,131,2.62,0.0821465195766281,1
CNRS,CNRS_288_03_L_2,132,2.64,0.08396070005331932,1
CNRS,CNRS_288_03_L_2,133,2.66,0.08067466097727961,1
CNRS,CNRS_288_03_L_2,134,2.68,0.07868081486526347,1
CNRS,CNRS_288_03_L_2,135,2.7,0.07801448063740435,1
CNRS,CNRS_288_03_L_2,136,2.72,0.07652556804229611,1
CNRS,CNRS_288_03_L_2,137,2.74,0.07413102054817218,1
CNRS,CNRS_288_03_L_2,138,2.76,0.07083508736830231,1
CNRS,CNRS_288_03_L_2,139,2.78,0.06724392050823841,1
CNRS,CNRS_288_03_L_2,140,2.8,0.06366829723703511,1
CNRS,CNRS_288_03_L_2,141,2.82,0.05946794041964828,0
CNRS,CNRS_288_03_L_2,142,2.84,0.0565868056870991,0
CNRS,CNRS_288_03_L_2,143,2.86,0.055292122042139145,0
CNRS,CNRS_288_03_L_2,144,2.88,0.05390246197418782,0
CNRS,CNRS_288_03_L_2,145,2.9,0.05414745633882099,0
CNRS,CNRS_288_03_L_2,146,2.92,0.055466830093728194,0
CNRS,CNRS_288_03_L_2,147,2.94,0.057674959995693935,0
CNRS,CNRS_288_03_L_2,148,2.96,0.0621959429985439,1
CNRS,CNRS_288_03_L_2,149,2.98,0.06873377051799273,1
CNRS,CNRS_288_03_L_2,150,3.0,0.07916617206338104,1
CNRS,CNRS_288_03_L_2,151,3.02,0.08210933442660076,1
CNRS,CNRS_288_03_L_2,152,3.04,0.08247071836745305,1
CNRS,CNRS_288_03_L_2,153,3.06,0.08305766196176344,1
CNRS,CNRS_288_03_L_2,154,3.08,0.0884663401677009,1
CNRS,CNRS_288_03_L_2,155,3.1,0.09855098721329443,1
CNRS,CNRS_288_03_L_2,156,3.12,0.11071828117437905,1
CNRS,CNRS_288_03_L_2,157,3.14,0.12421671411160377,1
CNRS,CNRS_288_03_L_2,158,3.16,0.12189579290935278,1
CNRS,CNRS_288_03_L_2,159,3.18,0.12067682769396003,1
CNRS,CNRS_288_03_L_2,160,3.2,0.12279599724925906,1
CNRS,CNRS_288_03_L_2,161,3.22,0.12405077080567099,1
CNRS,CNRS_288_03_L_2,162,3.24,0.11952649291270985,1
CNRS,CNRS_288_03_L_2,163,3.26,0.11516412591528934,1
CNRS,CNRS_288_03_L_2,164,3.28,0.10976213757180353,1
CNRS,CNRS_288_03_L_2,165,3.3,0.10576056152785446,1
CNRS,CNRS_288_03_L_2,166,3.32,0.10107887909499269,1
CNRS,CNRS_288_03_L_2,167,3.34,0.09863423999362456,1
CNRS,CNRS_288_03_L_2,168,3.36,0.09167838656272388,1
CNRS,CNRS_288_03_L_2,169,3.38,0.0891042427105989,1
CNRS,CNRS_288_03_L_2,170,3.4,0.08941709935233601,1
CNRS,CNRS_288_03_L_2,171,3.42,0.08559902815706244,1
CNRS,CNRS_288_03_L_2,172,3.44,0.08045052748199791,1
CNRS,CNRS_288_03_L_2,173,3.46,0.07803148482630932,1
CNRS,CNRS_288_03_L_2,174,3.48,0.08017744827456914,1
CNRS,CNRS_288_03_L_2,175,3.5,0.08246868681518227,1
CNRS,CNRS_288_03_L_2,176,3.52,0.08776009242381204,1
CNRS,CNRS_288_03_L_2,177,3.54,0.09131133872117193,1
CNRS,CNRS_288_03_L_2,178,3.56,0.08969262185115619,1
CNRS,CNRS_288_03_L_2,179,3.58,0.08559665581652366,1
CNRS,CNRS_288_03_L_2,180,3.6,0.08347838553730859,1
CNRS,CNRS_288_03_L_2,181,3.62,0.08300134650560854,1
CNRS,CNRS_288_03_L_2,182,3.64,0.07897861497050723,1
CNRS,CNRS_288_03_L_2,183,3.66,0.07508692954261605,1
CNRS,CNRS_288_03_L_2,184,3.68,0.07226571087839075,1
CNRS,CNRS_288_03_L_2,185,3.7,0.07032004790711564,1
CNRS,CNRS_288_03_L_2,186,3.72,0.06710277754406507,1
CNRS,CNRS_288_03_L_2,187,3.74,0.06404132568722985,1
CNRS,CNRS_288_03_L_2,188,3.76,0.06574482852828782,1
CNRS,CNRS_288_03_L_2,189,3.78,0.06622086146708127,1
CNRS,CNRS_288_03_L_2,190,3.8,0.06799983783020785,1
CNRS,CNRS_288_03_L_2,191,3.82,0.07078013504951641,1
CNRS,CNRS_288_03_L_2,192,3.84,0.07594787433529022,1
CNRS,CNRS_288_03_L_2,193,3.86,0.08267686286501962,1
CNRS,CNRS_288_03_L_2,194,3.88,0.09082339882221195,1
CNRS,CNRS_288_03_L_2,195,3.9,0.09032681719414538,1
CNRS,CNRS_288_03_L_2,196,3.92,0.08801584081200464,1
CNRS,CNRS_288_03_L_2,197,3.94,0.08500334482042486,1
CNRS,CNRS_288_03_L_2,198,3.96,0.08905230833589342,1
CNRS,CNRS_288_03_L_2,199,3.98,0.09890516750224387,1
CNRS,CNRS_288_03_L_2,200,4.0,0.11566700902762607,1
CNRS,CNRS_288_03_L_2,201,4.02,0.13793553169475625,1
CNRS,CNRS_288_03_L_2,202,4.04,0.15516451316192909,1
CNRS,CNRS_288_03_L_2,203,4.06,0.15060871215381869,1
CNRS,CNRS_288_03_L_2,204,4.08,0.15014066788180228,1
CNRS,CNRS_288_03_L_2,205,4.1,0.14831732570418152,1
CNRS,CNRS_288_03_L_2,206,4.12,0.1427169316433335,1
CNRS,CNRS_288_03_L_2,207,4.14,0.13619589768602783,1
CNRS,CNRS_288_03_L_2,208,4.16,0.1296821490090539,1
CNRS,CNRS_288_03_L_2,209,4.18,0.12323632911218509,1
CNRS,CNRS_288_03_L_2,210,4.2,0.1185966943704599,1
CNRS,CNRS_288_03_L_2,211,4.22,0.11489350462542663,1
CNRS,CNRS_288_03_L_2,212,4.24,0.11311102509773344,1
CNRS,CNRS_288_03_L_2,213,4.26,0.11027053950423236,1
CNRS,CNRS_288_03_L_2,214,4.28,0.10745859724681499,1
CNRS,CNRS_288_03_L_2,215,4.3,0.10098877804877261,1
CNRS,CNRS_288_03_L_2,216,4.32,0.09734865889844894,1
CNRS,CNRS_288_03_L_2,217,4.34,0.09893738092284858,1
CNRS,CNRS_288_03_L_2,218,4.36,0.10452302792299732,1
CNRS,CNRS_288_03_L_2,219,4.38,0.1137876455131462,1
CNRS,CNRS_288_03_L_2,220,4.4,0.1200307547266546,1
CNRS,CNRS_288_03_L_2,221,4.42,0.11944673130122387,1
CNRS,CNRS_288_03_L_2,222,4.44,0.11598031733580279,1
CNRS,CNRS_288_03_L_2,223,4.46,0.11404371800035303,1
CNRS,CNRS_288_03_L_2,224,4.48,0.11281616280890698,1
CNRS,CNRS_288_03_L_2,225,4.5,0.1113433430894744,1
CNRS,CNRS_288_03_L_2,226,4.52,0.1084472842368998,1
CNRS,CNRS_288_03_L_2,227,4.54,0.10552356813224192,1
CNRS,CNRS_288_03_L_2,228,4.56,0.10150838812689784,1
CNRS,CNRS_288_03_L_2,229,4.58,0.09746117744318984,1
CNRS,CNRS_288_03_L_2,230,4.6,0.09348220965168443,1
CNRS,CNRS_288_03_L_2,231,4.62,0.08945358148309777,1
CNRS,CNRS_288_03_L_2,232,4.64,0.08732456971278361,1
CNRS,CNRS_288_03_L_2,233,4.66,0.08641664793251888,1
CNRS,CNRS_288_03_L_2,234,4.68,0.0876335944267554,1
CNRS,CNRS_288_03_L_2,235,4.7,0.08935588994219766,1
CNRS,CNRS_288_03_L_2,236,4.72,0.09169337108263846,1
CNRS,CNRS_288_03_L_2,237,4.74,0.09615317409640455,1
CNRS,CNRS_288_03_L_2,238,4.76,0.10430370378436216,1
CNRS,CNRS_288_03_L_2,239,4.78,0.11732645480089977,1
CNRS,CNRS_288_03_L_2,240,4.8,0.12368978938326257,1
CNRS,CNRS_288_03_L_2,241,4.82,0.1228580208463335,1
CNRS,CNRS_288_03_L_2,242,4.84,0.12449935293995547,1
CNRS,CNRS_288_03_L_2,243,4.86,0.13126262761518104,1
CNRS,CNRS_288_03_L_2,244,4.88,0.1414818232678664,1
CNRS,CNRS_288_03_L_2,245,4.9,0.16093730537344286,1
CNRS,CNRS_288_03_L_2,246,4.92,0.16698977245443303,1
CNRS,CNRS_288_03_L_2,247,4.94,0.167215795169495,1
CNRS,CNRS_288_03_L_2,248,4.96,0.1727752575671378,1
CNRS,CNRS_288_03_L_2,249,4.98,0.16993131995232874,1
CNRS,CNRS_288_03_L_2,250,5.0,0.16675696715646765,1
CNRS,CNRS_288_03_L_2,251,5.02,0.1612922427943693,1
CNRS,CNRS_288_03_L_2,252,5.04,0.15512577105306305,1
CNRS,CNRS_288_03_L_2,253,5.06,0.14911276957553918,1
CNRS,CNRS_288_03_L_2,254,5.08,0.14333501176618854,1
CNRS,CNRS_288_03_L_2,255,5.1,0.1390486083704481,1
CNRS,CNRS_288_03_L_2,256,5.12,0.13649268968236272,1
CNRS,CNRS_288_03_L_2,257,5.14,0.13141210665802966,1
CNRS,CNRS_288_03_L_2,258,5.16,0.13054813602515497,1
CNRS,CNRS_288_03_L_2,259,5.18,0.12828099862916384,1
CNRS,CNRS_288_03_L_2,260,5.2,0.12304432723394791,1
CNRS,CNRS_288_03_L_2,261,5.22,0.11978134361368366,1
CNRS,CNRS_288_03_L_2,262,5.24,0.12065788680636418,1
CNRS,CNRS_288_03_L_2,263,5.26,0.12390877692167586,1
CNRS,CNRS_288_03_L_2,264,5.28,0.12911584305859683,1
CNRS,CNRS_288_03_L_2,265,5.3,0.13479854847161693,1
CNRS,CNRS_288_03_L_2,266,5.32,0.13622273565018111,1
CNRS,CNRS_288_03_L_2,267,5.34,0.13352928999025163,1
CNRS,CNRS_288_03_L_2,268,5.36,0.13190769593725998,1
CNRS,CNRS_288_03_L_2,269,5.38,0.13093227608594046,1
CNRS,CNRS_288_03_L_2,270,5.4,0.12897974016594155,1
CNRS,CNRS_288_03_L_2,271,5.42,0.1262017882171726,1
CNRS,CNRS_288_03_L_2,272,5.44,0.12307175019847615,1
CNRS,CNRS_288_03_L_2,273,5.46,0.11896879466612627,1
CNRS,CNRS_288_03_L_2,274,5.48,0.11515889861762578,1
CNRS,CNRS_288_03_L_2,275,5.5,0.11182901606727122,1
CNRS,CNRS_288_03_L_2,276,5.52,0.10973248999045931,1
CNRS,CNRS_288_03_L_2,277,5.54,0.108076235502899,1
CNRS,CNRS_288_03_L_2,278,5.56,0.10686521950438328,1
CNRS,CNRS_288_03_L_2,279,5.58,0.10721989517394862,1
CNRS,CNRS_288_03_L_2,280,5.6,0.10830829946157301,1
CNRS,CNRS_288_03_L_2,281,5.62,0.110022260153348,1
CNRS,CNRS_288_03_L_2,282,5.64,0.11306623196112779,1
CNRS,CNRS_288_03_L_2,283,5.66,0.1182356191033536,1
CNRS,CNRS_288_03_L_2,284,5.68,0.1277077047109447,1
CNRS,CNRS_288_03_L_2,285,5.7,0.13877273576184923,1
CNRS,CNRS_288_03_L_2,286,5.72,0.14000446193808377,1
CNRS,CNRS_288_03_L_2,287,5.74,0.14005374544081525,1
CNRS,CNRS_288_03_L_2,288,5.76,0.14147955333367007,1
CNRS,CNRS_288_03_L_2,289,5.78,0.14922113428919315,1
CNRS,CNRS_288_03_L_2,290,5.8,0.159029670351432,1
CNRS,CNRS_288_03_L_2,291,5.82,0.17874204130931454,1
CNRS,CNRS_288_03_L_2,292,5.84,0.190073017048523,1
CNRS,CNRS_288_03_L_2,293,5.86,0.18795810834068366,1
CNRS,CNRS_288_03_L_2,294,5.88,0.18704375220141134,1
CNRS,CNRS_288_03_L_2,295,5.9,0.1895484486020191,1
CNRS,CNRS_288_03_L_2,296,5.92,0.18830172671318646,1
CNRS,CNRS_288_03_L_2,297,5.94,0.18365920982806788,1
CNRS,CNRS_288_03_L_2,298,5.96,0.17716113348468432,1
CNRS,CNRS_288_03_L_2,299,5.98,0.1726204845478752,1
CNRS,CNRS_288_03_L_2,300,6.0,0.16798415782373344,1
CNRS,CNRS_288_03_L_2,301,6.02,0.1640350547897865,1
CNRS,CNRS_288_03_L_2,302,6.04,0.16118032019981737,1
CNRS,CNRS_288_03_L_2,303,6.06,0.16003888057610033,1
CNRS,CNRS_288_03_L_2,304,6.08,0.1574702029280964,1
CNRS,CNRS_288_03_R_2,0,0.0,0.0022645486195460637,0
CNRS,CNRS_288_03_R_2,1,0.02,-0.0006543236219489195,0
CNRS,CNRS_288_03_R_2,2,0.04,-0.0022237567411554516,0
CNRS,CNRS_288_03_R_2,3,0.06,-0.0025027523271745015,0
CNRS,CNRS_288_03_R_2,4,0.08,-0.000825541854397387,0
CNRS,CNRS_288_03_R_2,5,0.1,0.0017689101964395767,0
CNRS,CNRS_288_03_R_2,6,0.12,0.0054464465977985856,0
CNRS,CNRS_288_03_R_2,7,0.14,0.011859612507059818,0
CNRS,CNRS_288_03_R_2,8,0.16,0.021388379787996716,0
CNRS,CNRS_288_03_R_2,9,0.18,0.028842302651823568,0
CNRS,CNRS_288_03_R_2,10,0.2,0.02880306729487416,0
CNRS,CNRS_288_03_R_2,11,0.22,0.026368903428880743,0
CNRS,CNRS_288_03_R_2,12,0.24,0.028420458618136482,0
CNRS,CNRS_288_03_R_2,13,0.26,0.03577128766885839,0
CNRS,CNRS_288_03_R_2,14,0.28,0.05028824971072158,0
CNRS,CNRS_288_03_R_2,15,0.3,0.07029536848848986,1
CNRS,CNRS_288_03_R_2,16,0.32,0.08322561469205371,1
CNRS,CNRS_288_03_R_2,17,0.34,0.08001070494059842,1
CNRS,CNRS_288_03_R_2,18,0.36,0.07800184585369917,1
CNRS,CNRS_288_03_R_2,19,0.38,0.07815365079176304,1
CNRS,CNRS_288_03_R_2,20,0.4,0.07564209373221345,1
CNRS,CNRS_288_03_R_2,21,0.42,0.06927955490631935,1
CNRS,CNRS_288_03_R_2,22,0.44,0.0633230201813996,1
CNRS,CNRS_288_03_R_2,23,0.46,0.0570481404087741,0
CNRS,CNRS_288_03_R_2,24,0.48,0.0508593696314325,0
CNRS,CNRS_288_03_R_2,25,0.5,0.046560688058104635,0
CNRS,CNRS_288_03_R_2,26,0.52,0.04365326111441317,0
CNRS,CNRS_288_03_R_2,27,0.54,0.042181421793142194,0
CNRS,CNRS_288_03_R_2,28,0.56,0.04171874409082884,0
CNRS,CNRS_288_03_R_2,29,0.58,0.04189089354196628,0
CNRS,CNRS_288_03_R_2,30,0.6,0.03720092020692488,0
CNRS,CNRS_288_03_R_2,31,0.62,0.03113622950919412,0
CNRS,CNRS_288_03_R_2,32,0.64,0.02967956256115839,0
CNRS,CNRS_288_03_R_2,33,0.66,0.033081823808458484,0
CNRS,CNRS_288_03_R_2,34,0.68,0.03602592086122168,0
CNRS,CNRS_288_03_R_2,35,0.7,0.04250436880076643,0
CNRS,CNRS_288_03_R_2,36,0.72,0.04402458313857928,0
CNRS,CNRS_288_03_R_2,37,0.74,0.04195437830516439,0
CNRS,CNRS_288_03_R_2,38,0.76,0.04020283038032361,0
CNRS,CNRS_288_03_R_2,39,0.78,0.03933032155561763,0
CNRS,CNRS_288_03_R_2,40,0.8,0.036078013793445086,0
CNRS,CNRS_288_03_R_2,41,0.82,0.03370650492192943,0
CNRS,CNRS_288_03_R_2,42,0.84,0.03012568281756356,0
CNRS,CNRS_288_03_R_2,43,0.86,0.027007488353746535,0
CNRS,CNRS_288_03_R_2,44,0.88,0.025079845725469,0
CNRS,CNRS_288_03_R_2,45,0.9,0.021940464981817877,0
CNRS,CNRS_288_03_R_2,46,0.92,0.019760885273687613,0
CNRS,CNRS_288_03_R_2,47,0.94,0.01835955937932255,0
CNRS,CNRS_288_03_R_2,48,0.96,0.018010902420735678,0
CNRS,CNRS_288_03_R_2,49,0.98,0.018778643178908656,0
CNRS,CNRS_288_03_R_2,50,1.0,0.02049490438880778,0
CNRS,CNRS_288_03_R_2,51,1.02,0.024390650342590962,0
CNRS,CNRS_288_03_R_2,52,1.04,0.030633017474999573,0
CNRS,CNRS_288_03_R_2,53,1.06,0.04123957462846511,0
CNRS,CNRS_288_03_R_2,54,1.08,0.0494672769009692,0
CNRS,CNRS_288_03_R_2,55,1.1,0.04809878570715607,0
CNRS,CNRS_288_03_R_2,56,1.12,0.045751551680532805,0
CNRS,CNRS_288_03_R_2,57,1.14,0.04700785456172335,0
CNRS,CNRS_288_03_R_2,58,1.16,0.055955262389957995,0
CNRS,CNRS_288_03_R_2,59,1.18,0.06914003072651481,1
CNRS,CNRS_288_03_R_2,60,1.2,0.08909500005550881,1
CNRS,CNRS_288_03_R_2,61,1.22,0.10240572378564916,1
CNRS,CNRS_288_03_R_2,62,1.24,0.1014352923073664,1
CNRS,CNRS_288_03_R_2,63,1.26,0.1027747024717221,1
CNRS,CNRS_288_03_R_2,64,1.28,0.10257785226969617,1
CNRS,CNRS_288_03_R_2,65,1.3,0.09773504750419394,1
CNRS,CNRS_288_03_R_2,66,1.32,0.09196209052420266,1
CNRS,CNRS_288_03_R_2,67,1.34,0.08665876728872851,1
CNRS,CNRS_288_03_R_2,68,1.36,0.08011021629191417,1
CNRS,CNRS_288_03_R_2,69,1.38,0.07350766403677568,1
CNRS,CNRS_288_03_R_2,70,1.4,0.06894532881733963,1
CNRS,CNRS_288_03_R_2,71,1.42,0.06580453566260651,1
CNRS,CNRS_288_03_R_2,72,1.44,0.0636476961830814,1
CNRS,CNRS_288_03_R_2,73,1.46,0.061971926475381724,1
CNRS,CNRS_288_03_R_2,74,1.48,0.0588526011656862,0
CNRS,CNRS_288_03_R_2,75,1.5,0.05340238179983448,0
CNRS,CNRS_288_03_R_2,76,1.52,0.048501679491189185,0
CNRS,CNRS_288_03_R_2,77,1.54,0.04910301881062941,0
CNRS,CNRS_288_03_R_2,78,1.56,0.05309251721920139,0
CNRS,CNRS_288_03_R_2,79,1.58,0.061457700892425464,1
CNRS,CNRS_288_03_R_2,80,1.6,0.06623448209668913,1
CNRS,CNRS_288_03_R_2,81,1.62,0.0654011118230657,1
CNRS,CNRS_288_03_R_2,82,1.64,0.06283077828160204,1
CNRS,CNRS_288_03_R_2,83,1.66,0.060568428053203095,1
CNRS,CNRS_288_03_R_2,84,1.68,0.05864270947641847,0
CNRS,CNRS_288_03_R_2,85,1.7,0.056645910692888025,0
CNRS,CNRS_288_03_R_2,86,1.72,0.05431824423707226,0
CNRS,CNRS_288_03_R_2,87,1.74,0.05122820796340171,0
CNRS,CNRS_288_03_R_2,88,1.76,0.04760054038250477,0
CNRS,CNRS_288_03_R_2,89,1.78,0.044205479640993105,0
CNRS,CNRS_288_03_R_2,90,1.8,0.0414113733067021,0
CNRS,CNRS_288_03_R_2,91,1.82,0.038623642782405494,0
CNRS,CNRS_288_03_R_2,92,1.84,0.03738273461370641,0
CNRS,CNRS_288_03_R_2,93,1.86,0.03744947950868199,0
CNRS,CNRS_288_03_R_2,94,1.88,0.03836414567068349,0
CNRS,CNRS_288_03_R_2,95,1.9,0.03984951813467672,0
CNRS,CNRS_288_03_R_2,96,1.92,0.04364511230186099,0
CNRS,CNRS_288_03_R_2,97,1.94,0.04864776166353635,0
CNRS,CNRS_288_03_R_2,98,1.96,0.05635787380933142,0
CNRS,CNRS_288_03_R_2,99,1.98,0.06407661094216677,1
CNRS,CNRS_288_03_R_2,100,2.0,0.0646587673775701,1
CNRS,CNRS_288_03_R_2,101,2.02,0.06459366652167058,1
CNRS,CNRS_288_03_R_2,102,2.04,0.06632025343200222,1
CNRS,CNRS_288_03_R_2,103,2.06,0.07705713048432926,1
CNRS,CNRS_288_03_R_2,104,2.08,0.08939462940303397,1
CNRS,CNRS_288_03_R_2,105,2.1,0.10680682787524517,1
CNRS,CNRS_288_03_R_2,106,2.12,0.12383086402760878,1
CNRS,CNRS_288_03_R_2,107,2.14,0.1197922726231538,1
CNRS,CNRS_288_03_R_2,108,2.16,0.11668660487315187,1
CNRS,CNRS_288_03_R_2,109,2.18,0.11756824849690788,1
CNRS,CNRS_288_03_R_2,110,2.2,0.11405969990167879,1
CNRS,CNRS_288_03_R_2,111,2.22,0.10903519159274935,1
CNRS,CNRS_288_03_R_2,112,2.24,0.10387182139701732,1
CNRS,CNRS_288_03_R_2,113,2.26,0.09921376239679709,1
CNRS,CNRS_288_03_R_2,114,2.28,0.09412596910127481,1
CNRS,CNRS_288_03_R_2,115,2.3,0.0908815843514203,1
CNRS,CNRS_288_03_R_2,116,2.32,0.08837874410609885,1
CNRS,CNRS_288_03_R_2,117,2.34,0.08308137188078994,1
CNRS,CNRS_288_03_R_2,118,2.36,0.07876063623285277,1
CNRS,CNRS_288_03_R_2,119,2.38,0.07496317053396806,1
CNRS,CNRS_288_03_R_2,120,2.4,0.06980323009207486,1
CNRS,CNRS_288_03_R_2,121,2.42,0.06928532515714395,1
CNRS,CNRS_288_03_R_2,122,2.44,0.07351606869543116,1
CNRS,CNRS_288_03_R_2,123,2.46,0.07964073925663728,1
CNRS,CNRS_288_03_R_2,124,2.48,0.0818204179025653,1
CNRS,CNRS_288_03_R_2,125,2.5,0.08755460979083655,1
CNRS,CNRS_288_03_R_2,126,2.52,0.08713666031968313,1
CNRS,CNRS_288_03_R_2,127,2.54,0.08344476519214838,1
CNRS,CNRS_288_03_R_2,128,2.56,0.08207642872101197,1
CNRS,CNRS_288_03_R_2,129,2.58,0.08046209011467334,1
CNRS,CNRS_288_03_R_2,130,2.6,0.07728517592161417,1
CNRS,CNRS_288_03_R_2,131,2.62,0.07397633833662283,1
CNRS,CNRS_288_03_R_2,132,2.64,0.07072506199471625,1
CNRS,CNRS_288_03_R_2,133,2.66,0.06722873295396885,1
CNRS,CNRS_288_03_R_2,134,2.68,0.06348920265379056,1
CNRS,CNRS_288_03_R_2,135,2.7,0.06032954478638323,1
CNRS,CNRS_288_03_R_2,136,2.72,0.05853582122973353,0
CNRS,CNRS_288_03_R_2,137,2.74,0.05774160132970383,0
CNRS,CNRS_288_03_R_2,138,2.76,0.05786556941310376,0
CNRS,CNRS_288_03_R_2,139,2.78,0.059381964279904144,0
CNRS,CNRS_288_03_R_2,140,2.8,0.06182177027458211,1
CNRS,CNRS_288_03_R_2,141,2.82,0.06638400051536812,1
CNRS,CNRS_288_03_R_2,142,2.84,0.07342099544240716,1
CNRS,CNRS_288_03_R_2,143,2.86,0.0832522985795817,1
CNRS,CNRS_288_03_R_2,144,2.88,0.08419251493289792,1
CNRS,CNRS_288_03_R_2,145,2.9,0.08297897440065337,1
CNRS,CNRS_288_03_R_2,146,2.92,0.08134948576652995,1
CNRS,CNRS_288_03_R_2,147,2.94,0.0847856073398215,1
CNRS,CNRS_288_03_R_2,148,2.96,0.09438060362705514,1
CNRS,CNRS_288_03_R_2,149,2.98,0.11025082579481443,1
CNRS,CNRS_288_03_R_2,150,3.0,0.13118373777268322,1
CNRS,CNRS_288_03_R_2,151,3.02,0.13800783601371813,1
CNRS,CNRS_288_03_R_2,152,3.04,0.13457043592931725,1
CNRS,CNRS_288_03_R_2,153,3.06,0.13278373128737764,1
CNRS,CNRS_288_03_R_2,154,3.08,0.13396682690996264,1
CNRS,CNRS_288_03_R_2,155,3.1,0.12869722999411534,1
CNRS,CNRS_288_03_R_2,156,3.12,0.12316581141569914,1
CNRS,CNRS_288_03_R_2,157,3.14,0.11737461358131747,1
CNRS,CNRS_288_03_R_2,158,3.16,0.11139252450554496,1
CNRS,CNRS_288_03_R_2,159,3.18,0.10650919790001637,1
CNRS,CNRS_288_03_R_2,160,3.2,0.10336483585674584,1
CNRS,CNRS_288_03_R_2,161,3.22,0.09907539952175479,1
CNRS,CNRS_288_03_R_2,162,3.24,0.09551592482453196,1
CNRS,CNRS_288_03_R_2,163,3.26,0.0944684912471999,1
CNRS,CNRS_288_03_R_2,164,3.28,0.08813885800141884,1
CNRS,CNRS_288_03_R_2,165,3.3,0.08268045087833766,1
CNRS,CNRS_288_03_R_2,166,3.32,0.08178714875220425,1
CNRS,CNRS_288_03_R_2,167,3.34,0.08536827927262804,1
CNRS,CNRS_288_03_R_2,168,3.36,0.09112587646811961,1
CNRS,CNRS_288_03_R_2,169,3.38,0.09791112579390746,1
CNRS,CNRS_288_03_R_2,170,3.4,0.10163817173587655,1
CNRS,CNRS_288_03_R_2,171,3.42,0.09968097820618722,1
CNRS,CNRS_288_03_R_2,172,3.44,0.09636062955323031,1
CNRS,CNRS_288_03_R_2,173,3.46,0.09494933792104583,1
CNRS,CNRS_288_03_R_2,174,3.48,0.09353586753257219,1
CNRS,CNRS_288_03_R_2,175,3.5,0.09160495896802481,1
CNRS,CNRS_288_03_R_2,176,3.52,0.08812991101617941,1
CNRS,CNRS_288_03_R_2,177,3.54,0.08415491085167569,1
CNRS,CNRS_288_03_R_2,178,3.56,0.07962301251818267,1
CNRS,CNRS_288_03_R_2,179,3.58,0.07380895907035491,1
CNRS,CNRS_288_03_R_2,180,3.6,0.07244719582038413,1
CNRS,CNRS_288_03_R_2,181,3.62,0.07066270749586373,1
CNRS,CNRS_288_03_R_2,182,3.64,0.07032624593196159,1
CNRS,CNRS_288_03_R_2,183,3.66,0.07137150834520462,1
CNRS,CNRS_288_03_R_2,184,3.68,0.07400139040504214,1
CNRS,CNRS_288_03_R_2,185,3.7,0.0781046565429445,1
CNRS,CNRS_288_03_R_2,186,3.72,0.08549818426478584,1
CNRS,CNRS_288_03_R_2,187,3.74,0.09537428516765485,1
CNRS,CNRS_288_03_R_2,188,3.76,0.09973328081038912,1
CNRS,CNRS_288_03_R_2,189,3.78,0.09939764869341115,1
CNRS,CNRS_288_03_R_2,190,3.8,0.09820257276500242,1
CNRS,CNRS_288_03_R_2,191,3.82,0.10117374351939616,1
CNRS,CNRS_288_03_R_2,192,3.84,0.11091157217575644,1
CNRS,CNRS_288_03_R_2,193,3.86,0.12404567315490621,1
CNRS,CNRS_288_03_R_2,194,3.88,0.14579575600909195,1
CNRS,CNRS_288_03_R_2,195,3.9,0.15694299318093138,1
CNRS,CNRS_288_03_R_2,196,3.92,0.15418281187656724,1
CNRS,CNRS_288_03_R_2,197,3.94,0.15019566206520127,1
CNRS,CNRS_288_03_R_2,198,3.96,0.1513170977843124,1
CNRS,CNRS_288_03_R_2,199,3.98,0.147341359365673,1
CNRS,CNRS_288_03_R_2,200,4.0,0.14186403021740687,1
CNRS,CNRS_288_03_R_2,201,4.02,0.1350000064869712,1
CNRS,CNRS_288_03_R_2,202,4.04,0.13021279019068013,1
CNRS,CNRS_288_03_R_2,203,4.06,0.12562453064498363,1
CNRS,CNRS_288_03_R_2,204,4.08,0.12234824456351516,1
CNRS,CNRS_288_03_R_2,205,4.1,0.12084768686922252,1
CNRS,CNRS_288_03_R_2,206,4.12,0.11680386195250529,1
CNRS,CNRS_288_03_R_2,207,4.14,0.11636061233337451,1
CNRS,CNRS_288_03_R_2,208,4.16,0.11357602431065436,1
CNRS,CNRS_288_03_R_2,209,4.18,0.10739744386346654,1
CNRS,CNRS_288_03_R_2,210,4.2,0.10560189199708865,1
CNRS,CNRS_288_03_R_2,211,4.22,0.10897583677960088,1
CNRS,CNRS_288_03_R_2,212,4.24,0.11303261862177878,1
CNRS,CNRS_288_03_R_2,213,4.26,0.11967640692347463,1
CNRS,CNRS_288_03_R_2,214,4.28,0.12436832402004537,1
CNRS,CNRS_288_03_R_2,215,4.3,0.12296824924247492,1
CNRS,CNRS_288_03_R_2,216,4.32,0.11948352301889405,1
CNRS,CNRS_288_03_R_2,217,4.34,0.1172992110334936,1
CNRS,CNRS_288_03_R_2,218,4.36,0.1149808014166908,1
CNRS,CNRS_288_03_R_2,219,4.38,0.11333024035504459,1
CNRS,CNRS_288_03_R_2,220,4.4,0.11055084791490978,1
CNRS,CNRS_288_03_R_2,221,4.42,0.1062038809730189,1
CNRS,CNRS_288_03_R_2,222,4.44,0.10083091698431727,1
CNRS,CNRS_288_03_R_2,223,4.46,0.09602409615935621,1
CNRS,CNRS_288_03_R_2,224,4.48,0.09408841252020832,1
CNRS,CNRS_288_03_R_2,225,4.5,0.09282640718199937,1
CNRS,CNRS_288_03_R_2,226,4.52,0.09285687612891465,1
CNRS,CNRS_288_03_R_2,227,4.54,0.0941546184080605,1
CNRS,CNRS_288_03_R_2,228,4.56,0.09672707790629693,1
CNRS,CNRS_288_03_R_2,229,4.58,0.1005672916925373,1
CNRS,CNRS_288_03_R_2,230,4.6,0.10569424431849898,1
CNRS,CNRS_288_03_R_2,231,4.62,0.11369469872796506,1
CNRS,CNRS_288_03_R_2,232,4.64,0.1255482293833012,1
CNRS,CNRS_288_03_R_2,233,4.66,0.12737701542072505,1
CNRS,CNRS_288_03_R_2,234,4.68,0.1256378026966323,1
CNRS,CNRS_288_03_R_2,235,4.7,0.12569098510648624,1
CNRS,CNRS_288_03_R_2,236,4.72,0.13250293145869654,1
CNRS,CNRS_288_03_R_2,237,4.74,0.1427306124750453,1
CNRS,CNRS_288_03_R_2,238,4.76,0.1623686458090989,1
CNRS,CNRS_288_03_R_2,239,4.78,0.18250831356608152,1
CNRS,CNRS_288_03_R_2,240,4.8,0.18053746355048417,1
CNRS,CNRS_288_03_R_2,241,4.82,0.1799001356683345,1
CNRS,CNRS_288_03_R_2,242,4.84,0.18221980109112568,1
CNRS,CNRS_288_03_R_2,243,4.86,0.17910599415187353,1
CNRS,CNRS_288_03_R_2,244,4.88,0.17539825916206428,1
CNRS,CNRS_288_03_R_2,245,4.9,0.16575197933041905,1
CNRS,CNRS_288_03_R_2,246,4.92,0.1599279212888103,1
CNRS,CNRS_288_03_R_2,247,4.94,0.15424141155008386,1
CNRS,CNRS_288_03_R_2,248,4.96,0.14985026444785746,1
CNRS,CNRS_288_03_R_2,249,4.98,0.1465660151157805,1
CNRS,CNRS_288_03_R_2,250,5.0,0.14501444584020634,1
CNRS,CNRS_288_03_R_2,251,5.02,0.14380451543637487,1
CNRS,CNRS_288_03_R_2,252,5.04,0.1426438963632741,1
CNRS,CNRS_288_03_R_2,253,5.06,0.13703406560400805,1
CNRS,CNRS_288_03_R_2,254,5.08,0.13308425274159355,1
CNRS,CNRS_288_03_R_2,255,5.1,0.13139486217458674,1
CNRS,CNRS_288_03_R_2,256,5.12,0.13451872557557026,1
CNRS,CNRS_288_03_R_2,257,5.14,0.13874035355533906,1
CNRS,CNRS_288_03_R_2,258,5.16,0.14391570996509137,1
CNRS,CNRS_288_03_R_2,259,5.18,0.14724599629391721,1
CNRS,CNRS_288_03_R_2,260,5.2,0.14570727070784706,1
CNRS,CNRS_288_03_R_2,261,5.22,0.14348834205069894,1
CNRS,CNRS_288_03_R_2,262,5.24,0.1418094633014842,1
CNRS,CNRS_288_03_R_2,263,5.26,0.13998017531953347,1
CNRS,CNRS_288_03_R_2,264,5.28,0.1377634140434151,1
CNRS,CNRS_288_03_R_2,265,5.3,0.13461554689424077,1
CNRS,CNRS_288_03_R_2,266,5.32,0.13022342358405475,1
CNRS,CNRS_288_03_R_2,267,5.34,0.12571011582845215,1
CNRS,CNRS_288_03_R_2,268,5.36,0.12187252783020845,1
CNRS,CNRS_288_03_R_2,269,5.38,0.11982463196687511,1
CNRS,CNRS_288_03_R_2,270,5.4,0.11779510673240882,1
CNRS,CNRS_288_03_R_2,271,5.42,0.1166072487782757,1
CNRS,CNRS_288_03_R_2,272,5.44,0.11700559873478324,1
CNRS,CNRS_288_03_R_2,273,5.46,0.11813132660527724,1
CNRS,CNRS_288_03_R_2,274,5.48,0.11972923258963293,1
CNRS,CNRS_288_03_R_2,275,5.5,0.12211525857262813,1
CNRS,CNRS_288_03_R_2,276,5.52,0.12660257602360225,1
CNRS,CNRS_288_03_R_2,277,5.54,0.1334039940643395,1
CNRS,CNRS_288_03_R_2,278,5.56,0.14447249205024684,1
CNRS,CNRS_288_03_R_2,279,5.58,0.14908185210391142,1
CNRS,CNRS_288_03_R_2,280,5.6,0.1495002702758584,1
CNRS,CNRS_288_03_R_2,281,5.62,0.1489802338506503,1
CNRS,CNRS_288_03_R_2,282,5.64,0.15447288333613157,1
CNRS,CNRS_288_03_R_2,283,5.66,0.16481280747594132,1
CNRS,CNRS_288_03_R_2,284,5.68,0.17871505693578,1
CNRS,CNRS_288_03_R_2,285,5.7,0.19978558710867045,1
CNRS,CNRS_288_03_R_2,286,5.72,0.19873570179273264,1
CNRS,CNRS_288_03_R_2,287,5.74,0.19852639654402565,1
CNRS,CNRS_288_03_R_2,288,5.76,0.19646233573503763,1
CNRS,CNRS_288_03_R_2,289,5.78,0.19846059810952188,1
CNRS,CNRS_288_03_R_2,290,5.8,0.19492324513558484,1
CNRS,CNRS_288_03_R_2,291,5.82,0.19070563175789898,1
CNRS,CNRS_288_03_R_2,292,5.84,0.18512582570932126,1
CNRS,CNRS_288_03_R_2,293,5.86,0.18089869005948814,1
CNRS,CNRS_288_03_R_2,294,5.88,0.17712097001324076,1
CNRS,CNRS_288_03_R_2,295,5.9,0.17350017965061437,1
CNRS,CNRS_288_03_R_2,296,5.92,0.17102766960648386,1
CNRS,CNRS_288_03_R_2,297,5.94,0.16945234682227414,1
CNRS,CNRS_288_03_R_2,298,5.96,0.16901646485388472,1
CNRS,CNRS_288_03_R_2,299,5.98,0.1708880613102926,1
CNRS,CNRS_288_03_R_2,300,6.0,0.16752508845476272,1
CNRS,CNRS_288_03_R_2,301,6.02,0.1621810409014312,1
CNRS,CNRS_288_03_R_2,302,6.04,0.15859229339176936,1
CNRS,CNRS_288_03_R_2,303,6.06,0.15839273448376034,1
CNRS,CNRS_288_03_R_2,304,6.08,0.1602373445737387,1
CNRS,CNRS_288_03_R_2,305,6.1,0.16273144483992982,1
CNRS,CNRS_288_03_R_2,306,6.12,0.16672335651288006,1
CNRS,CNRS_288_03_R_2,307,6.14,0.1679943341150528,1
CNRS,CNRS_288_03_R_2,308,6.16,0.16564412437681814,1
CNRS,CNRS_288_03_R_2,309,6.18,0.16345011140556231,1
CNRS,CNRS_288_03_R_2,310,6.2,0.16255751296387763,1
CNRS,CNRS_288_03_R_2,311,6.22,0.160572929944234,1
CNRS,CNRS_288_03_R_2,312,6.24,0.15835969901576344,1
CNRS,CNRS_288_03_R_2,313,6.26,0.1554761510739987,1
CNRS,CNRS_288_03_R_2,314,6.28,0.15316144856379216,1
CNRS,CNRS_288_03_R_2,315,6.3,0.14884921797336695,1
CNRS,CNRS_288_03_R_2,316,6.32,0.1451453122234916,1
CNRS,CNRS_288_03_R_2,317,6.34,0.14272357218528103,1
CNRS,CNRS_288_03_R_2,318,6.36,0.14074337868057563,1
CNRS,CNRS_288_03_R_2,319,6.38,0.13882136603805645,1
CNRS,CNRS_288_03_R_2,320,6.4,0.1384662940094506,1
CNRS,CNRS_288_03_R_2,321,6.42,0.13850464946194202,1
CNRS,CNRS_288_03_R_2,322,6.44,0.13907704049196162,1
CNRS,CNRS_288_03_R_2,323,6.46,0.1398754963387221,1
CNRS,CNRS_288_03_R_2,324,6.48,0.14133864279466538,1
CNRS,CNRS_288_03_R_2,325,6.5,0.14410894627622883,1
CNRS,CNRS_288_03_R_2,326,6.52,0.1479578428149547,1
CNRS,CNRS_288_03_R_2,327,6.54,0.15386116228134228,1
Transitions,Transitions_mocap_mazen_c3d_walksideways_running_poses_120_jpos,0,0.0,0.013813933055954459,0
Transitions,Transitions_mocap_mazen_c3d_walksideways_running_poses_120_jpos,1,0.02,0.013882703802787501,0
Transitions,Transitions_mocap_mazen_c3d_walksideways_running_poses_120_jpos,2,0.04,0.014075549528058671,0
Transitions,Transitions_mocap_mazen_c3d_walksideways_running_poses_120_jpos,3,0.06,0.01450818091321966,0
Transitions,Transitions_mocap_mazen_c3d_walksideways_running_poses_120_jpos,4,0.08,0.01519682173509934,0
Transitions,Transitions_mocap_mazen_c3d_walksideways_running_poses_120_jpos,5,0.1,0.016480030512145562,0
Transitions,Transitions_mocap_mazen_c3d_walksideways_running_poses_120_jpos,6,0.12,0.01705250288794738,0
Transitions,Transitions_mocap_mazen_c3d_walksideways_running_poses_120_jpos,7,0.14,0.01613598784780957,0
Transitions,Transitions_mocap_mazen_c3d_walksideways_running_poses_120_jpos,8,0.16,0.015098616864757745,0
Transitions,Transitions_mocap_mazen_c3d_walksideways_running_poses_120_jpos,9,0.18,0.013933598943119468,0
Transitions,Transitions_mocap_mazen_c3d_walksideways_running_poses_120_jpos,10,0.2,0.01258732080471422,0
Transitions,Transitions_mocap_mazen_c3d_walksideways_running_poses_120_jpos,11,0.22,0.011124242596079569,0
Transitions,Transitions_mocap_mazen_c3d_walksideways_running_poses_120_jpos,12,0.24,0.009931723851034422,0
Transitions,Transitions_mocap_mazen_c3d_walksideways_running_poses_120_jpos,13,0.26,0.008728451398713978,0
Transitions,Transitions_mocap_mazen_c3d_walksideways_running_poses_120_jpos,14,0.28,0.0076937335475608815,0
Transitions,Transitions_mocap_mazen_c3d_walksideways_running_poses_120_jpos,15,0.3,0.006708898967552232,0
Transitions,Transitions_mocap_mazen_c3d_walksideways_running_poses_120_jpos,16,0.32,0.0057218933893031804,0
Transitions,Transitions_mocap_mazen_c3d_walksideways_running_poses_120_jpos,17,0.34,0.004971188204985107,0
Transitions,Transitions_mocap_mazen_c3d_walksideways_running_poses_120_jpos,18,0.36,0.004621197104112839,0
Transitions,Transitions_mocap_mazen_c3d_walksideways_running_poses_120_jpos,19,0.38,0.004648611094865923,0
Transitions,Transitions_mocap_mazen_c3d_walksideways_running_poses_120_jpos,20,0.4,0.004670416288984042,0
Transitions,Transitions_mocap_mazen_c3d_walksideways_running_poses_120_jpos,21,0.42,0.004714107630524949,0
Transitions,Transitions_mocap_mazen_c3d_walksideways_running_poses_120_jpos,22,0.44,0.004974765466156942,0
Transitions,Transitions_mocap_mazen_c3d_walksideways_running_poses_120_jpos,23,0.46,0.006039696491662279,0
Transitions,Transitions_mocap_mazen_c3d_walksideways_running_poses_120_jpos,24,0.48,0.007543215878018426,0
Transitions,Transitions_mocap_mazen_c3d_walksideways_running_poses_120_jpos,25,0.5,0.009596416632411545,0
Transitions,Transitions_mocap_mazen_c3d_walksideways_running_poses_120_jpos,26,0.52,0.01236022327700117,0
Transitions,Transitions_mocap_mazen_c3d_walksideways_running_poses_120_jpos,27,0.54,0.01576753014616173,0
Transitions,Transitions_mocap_mazen_c3d_walksideways_running_poses_120_jpos,28,0.56,0.0174681816759939,0
Transitions,Transitions_mocap_mazen_c3d_walksideways_running_poses_120_jpos,29,0.58,0.020166378459840865,0
Transitions,Transitions_mocap_mazen_c3d_walksideways_running_poses_120_jpos,30,0.6,0.02266348784589648,0
Transitions,Transitions_mocap_mazen_c3d_walksideways_running_poses_120_jpos,31,0.62,0.026453538021635498,0
Transitions,Transitions_mocap_mazen_c3d_walksideways_running_poses_120_jpos,32,0.64,0.026451749713532514,0
Transitions,Transitions_mocap_mazen_c3d_walksideways_running_poses_120_jpos,33,0.66,0.026487246399755478,0
Transitions,Transitions_mocap_mazen_c3d_walksideways_running_poses_120_jpos,34,0.68,0.026152695519956824,0
Transitions,Transitions_mocap_mazen_c3d_walksideways_running_poses_120_jpos,35,0.7,0.02574239919071706,0
Transitions,Transitions_mocap_mazen_c3d_walksideways_running_poses_120_jpos,36,0.72,0.025418123457889193,0
Transitions,Transitions_mocap_mazen_c3d_walksideways_running_poses_120_jpos,37,0.74,0.025193781519454943,0
Transitions,Transitions_mocap_mazen_c3d_walksideways_running_poses_120_jpos,38,0.76,0.02537019382336065,0
Transitions,Transitions_mocap_mazen_c3d_walksideways_running_poses_120_jpos,39,0.78,0.02602302128997184,0
Transitions,Transitions_mocap_mazen_c3d_walksideways_running_poses_120_jpos,40,0.8,0.02692482462422037,0
Transitions,Transitions_mocap_mazen_c3d_walksideways_running_poses_120_jpos,41,0.82,0.027443081238669266,0
Transitions,Transitions_mocap_mazen_c3d_walksideways_running_poses_120_jpos,42,0.84,0.027555393213326708,0
Transitions,Transitions_mocap_mazen_c3d_walksideways_running_poses_120_jpos,43,0.86,0.02765511321457203,0
Transitions,Transitions_mocap_mazen_c3d_walksideways_running_poses_120_jpos,44,0.88,0.027329554394653593,0
Transitions,Transitions_mocap_mazen_c3d_walksideways_running_poses_120_jpos,45,0.9,0.026508826576398914,0
Transitions,Transitions_mocap_mazen_c3d_walksideways_running_poses_120_jpos,46,0.92,0.026777417006467866,0
Transitions,Transitions_mocap_mazen_c3d_walksideways_running_poses_120_jpos,47,0.94,0.02980825729124277,0
Transitions,Transitions_mocap_mazen_c3d_walksideways_running_poses_120_jpos,48,0.96,0.03103525843703555,0
Transitions,Transitions_mocap_mazen_c3d_walksideways_running_poses_120_jpos,49,0.98,0.03079364542235858,0
Transitions,Transitions_mocap_mazen_c3d_walksideways_running_poses_120_jpos,50,1.0,0.028939438573644116,0
Transitions,Transitions_mocap_mazen_c3d_walksideways_running_poses_120_jpos,51,1.02,0.029695866304934135,0
Transitions,Transitions_mocap_mazen_c3d_walksideways_running_poses_120_jpos,52,1.04,0.04170248050766288,0
Transitions,Transitions_mocap_mazen_c3d_walksideways_running_poses_120_jpos,53,1.06,0.04584605725905809,0
Transitions,Transitions_mocap_mazen_c3d_walksideways_running_poses_120_jpos,54,1.08,0.042857804227669036,0
Transitions,Transitions_mocap_mazen_c3d_walksideways_running_poses_120_jpos,55,1.1,0.03990732965140404,0
Transitions,Transitions_mocap_mazen_c3d_walksideways_running_poses_120_jpos,56,1.12,0.03817575050476974,0
Transitions,Transitions_mocap_mazen_c3d_walksideways_running_poses_120_jpos,57,1.14,0.037262977595564024,0
Transitions,Transitions_mocap_mazen_c3d_walksideways_running_poses_120_jpos,58,1.16,0.036887081161468875,0
Transitions,Transitions_mocap_mazen_c3d_walksideways_running_poses_120_jpos,59,1.18,0.035810484737068035,0
Transitions,Transitions_mocap_mazen_c3d_walksideways_running_poses_120_jpos,60,1.2,0.03415247497033537,0
Transitions,Transitions_mocap_mazen_c3d_walksideways_running_poses_120_jpos,61,1.22,0.03249652724384909,0
Transitions,Transitions_mocap_mazen_c3d_walksideways_running_poses_120_jpos,62,1.24,0.03131125918663797,0
Transitions,Transitions_mocap_mazen_c3d_walksideways_running_poses_120_jpos,63,1.26,0.0302157161900928,0
Transitions,Transitions_mocap_mazen_c3d_walksideways_running_poses_120_jpos,64,1.28,0.02880330162868392,0
Transitions,Transitions_mocap_mazen_c3d_walksideways_running_poses_120_jpos,65,1.3,0.025550744786098686,0
Transitions,Transitions_mocap_mazen_c3d_walksideways_running_poses_120_jpos,66,1.32,0.019654911889746177,0
Transitions,Transitions_mocap_mazen_c3d_walksideways_running_poses_120_jpos,67,1.34,0.01237669072664928,0
Transitions,Transitions_mocap_mazen_c3d_walksideways_running_poses_120_jpos,68,1.36,0.006321804442793075,0
Transitions,Transitions_mocap_mazen_c3d_walksideways_running_poses_120_jpos,69,1.38,0.006687550028263186,0
Transitions,Transitions_mocap_mazen_c3d_walksideways_running_poses_120_jpos,70,1.4,7.587916291102413e-05,0
Transitions,Transitions_mocap_mazen_c3d_walksideways_running_poses_120_jpos,71,1.42,-0.002147529504685648,0
Transitions,Transitions_mocap_mazen_c3d_walksideways_running_poses_120_jpos,72,1.44,0.01196613219590255,0
Transitions,Transitions_mocap_mazen_c3d_walksideways_running_poses_120_jpos,73,1.46,0.02430586235015194,0
Transitions,Transitions_mocap_mazen_c3d_walksideways_running_poses_120_jpos,74,1.48,0.022825320093993705,0
Transitions,Transitions_mocap_mazen_c3d_walksideways_running_poses_120_jpos,75,1.5,0.020691795128034797,0
Transitions,Transitions_mocap_mazen_c3d_walksideways_running_poses_120_jpos,76,1.52,0.017671899576646576,0
Transitions,Transitions_mocap_mazen_c3d_walksideways_running_poses_120_jpos,77,1.54,0.014357992554428779,0
Transitions,Transitions_mocap_mazen_c3d_walksideways_running_poses_120_jpos,78,1.56,0.009801333187352749,0
Transitions,Transitions_mocap_mazen_c3d_walksideways_running_poses_120_jpos,79,1.58,0.004694414026274527,0
Transitions,Transitions_mocap_mazen_c3d_walksideways_running_poses_120_jpos,80,1.6,0.0010115994498045167,0
Transitions,Transitions_mocap_mazen_c3d_walksideways_running_poses_120_jpos,81,1.62,0.0010132748920315508,0
Transitions,Transitions_mocap_mazen_c3d_walksideways_running_poses_120_jpos,82,1.64,0.006385982357766806,0
Transitions,Transitions_mocap_mazen_c3d_walksideways_running_poses_120_jpos,83,1.66,0.018241971494110706,0
Transitions,Transitions_mocap_mazen_c3d_walksideways_running_poses_120_jpos,84,1.68,0.02685778322273024,0
Transitions,Transitions_mocap_mazen_c3d_walksideways_running_poses_120_jpos,85,1.7,0.028965823974349304,0
Transitions,Transitions_mocap_mazen_c3d_walksideways_running_poses_120_jpos,86,1.72,0.032629409760955845,0
Transitions,Transitions_mocap_mazen_c3d_walksideways_running_poses_120_jpos,87,1.74,0.048351340356379016,0
Transitions,Transitions_mocap_mazen_c3d_walksideways_running_poses_120_jpos,88,1.76,0.05949139951607894,0
Transitions,Transitions_mocap_mazen_c3d_walksideways_running_poses_120_jpos,89,1.78,0.05716638168139434,0
Transitions,Transitions_mocap_mazen_c3d_walksideways_running_poses_120_jpos,90,1.8,0.052516579406307336,0
Transitions,Transitions_mocap_mazen_c3d_walksideways_running_poses_120_jpos,91,1.82,0.04753004902716313,0
Transitions,Transitions_mocap_mazen_c3d_walksideways_running_poses_120_jpos,92,1.84,0.04255035509048342,0
Transitions,Transitions_mocap_mazen_c3d_walksideways_running_poses_120_jpos,93,1.86,0.03815618347244216,0
Transitions,Transitions_mocap_mazen_c3d_walksideways_running_poses_120_jpos,94,1.88,0.034246634075089995,0
Transitions,Transitions_mocap_mazen_c3d_walksideways_running_poses_120_jpos,95,1.9,0.0321250638571623,0
Transitions,Transitions_mocap_mazen_c3d_walksideways_running_poses_120_jpos,96,1.92,0.029354541245268324,0
Transitions,Transitions_mocap_mazen_c3d_walksideways_running_poses_120_jpos,97,1.94,0.027054360703867943,0
Transitions,Transitions_mocap_mazen_c3d_walksideways_running_poses_120_jpos,98,1.96,0.02611281784221848,0
Transitions,Transitions_mocap_mazen_c3d_walksideways_running_poses_120_jpos,99,1.98,0.03374149305543759,0
Transitions,Transitions_mocap_mazen_c3d_walksideways_running_poses_120_jpos,100,2.0,0.0529246593040752,0
Transitions,Transitions_mocap_mazen_c3d_walksideways_running_poses_120_jpos,101,2.02,0.07454394736872245,1
Transitions,Transitions_mocap_mazen_c3d_walksideways_running_poses_120_jpos,102,2.04,0.061445557564965815,1
Transitions,Transitions_mocap_mazen_c3d_walksideways_running_poses_120_jpos,103,2.06,0.06079282052995732,1
Transitions,Transitions_mocap_mazen_c3d_walksideways_running_poses_120_jpos,104,2.08,0.06819141027357777,1
Transitions,Transitions_mocap_mazen_c3d_walksideways_running_poses_120_jpos,105,2.1,0.07414494015763515,1
Transitions,Transitions_mocap_mazen_c3d_walksideways_running_poses_120_jpos,106,2.12,0.0718502224669068,1
Transitions,Transitions_mocap_mazen_c3d_walksideways_running_poses_120_jpos,107,2.14,0.06422215936401092,1
Transitions,Transitions_mocap_mazen_c3d_walksideways_running_poses_120_jpos,108,2.16,0.05849496260271069,0
Transitions,Transitions_mocap_mazen_c3d_walksideways_running_poses_120_jpos,109,2.18,0.05744574411705381,0
Transitions,Transitions_mocap_mazen_c3d_walksideways_running_poses_120_jpos,110,2.2,0.06518524836189134,1
Transitions,Transitions_mocap_mazen_c3d_walksideways_running_poses_120_jpos,111,2.22,0.07085802325951653,1
Transitions,Transitions_mocap_mazen_c3d_walksideways_running_poses_120_jpos,112,2.24,0.06717172207245752,1
Transitions,Transitions_mocap_mazen_c3d_walksideways_running_poses_120_jpos,113,2.26,0.0515287916446618,0
Transitions,Transitions_mocap_mazen_c3d_walksideways_running_poses_120_jpos,114,2.28,0.04147883048228838,0
Transitions,Transitions_mocap_mazen_c3d_walksideways_running_poses_120_jpos,115,2.3,0.04076624651683034,0
Transitions,Transitions_mocap_mazen_c3d_walksideways_running_poses_120_jpos,116,2.32,0.04120179888192666,0
Transitions,Transitions_mocap_mazen_c3d_walksideways_running_poses_120_jpos,117,2.34,0.03689838649752028,0
Transitions,Transitions_mocap_mazen_c3d_walksideways_running_poses_120_jpos,118,2.36,0.026309742736004053,0
Transitions,Transitions_mocap_mazen_c3d_walksideways_running_poses_120_jpos,119,2.38,0.02386652672406115,0
Transitions,Transitions_mocap_mazen_c3d_walksideways_running_poses_120_jpos,120,2.4,0.032028366304150006,0
Transitions,Transitions_mocap_mazen_c3d_walksideways_running_poses_120_jpos,121,2.42,0.04322813393499606,0
Transitions,Transitions_mocap_mazen_c3d_walksideways_running_poses_120_jpos,122,2.44,0.0494044331630273,0
Transitions,Transitions_mocap_mazen_c3d_walksideways_running_poses_120_jpos,123,2.46,0.051630806838237404,0
Transitions,Transitions_mocap_mazen_c3d_walksideways_running_poses_120_jpos,124,2.48,0.05307987650566837,0
Transitions,Transitions_mocap_mazen_c3d_walksideways_running_poses_120_jpos,125,2.5,0.04690404511319637,0
Transitions,Transitions_mocap_mazen_c3d_walksideways_running_poses_120_jpos,126,2.52,0.05113335693975816,0
Transitions,Transitions_mocap_mazen_c3d_walksideways_running_poses_120_jpos,127,2.54,0.06027921799172558,1
Transitions,Transitions_mocap_mazen_c3d_walksideways_running_poses_120_jpos,128,2.56,0.06370180987615372,1
Transitions,Transitions_mocap_mazen_c3d_walksideways_running_poses_120_jpos,129,2.58,0.059484333483782854,0
Transitions,Transitions_mocap_mazen_c3d_walksideways_running_poses_120_jpos,130,2.6,0.053092097560097314,0
Transitions,Transitions_mocap_mazen_c3d_walksideways_running_poses_120_jpos,131,2.62,0.047177009039212923,0
Transitions,Transitions_mocap_mazen_c3d_walksideways_running_poses_120_jpos,132,2.64,0.039159488565893526,0
Transitions,Transitions_mocap_mazen_c3d_walksideways_running_poses_120_jpos,133,2.66,0.036464342569449686,0
Transitions,Transitions_mocap_mazen_c3d_walksideways_running_poses_120_jpos,134,2.68,0.04439893702424665,0
Transitions,Transitions_mocap_mazen_c3d_walksideways_running_poses_120_jpos,135,2.7,0.06137218949918758,1
Transitions,Transitions_mocap_mazen_c3d_walksideways_running_poses_120_jpos,136,2.72,0.06231932093082635,1
Transitions,Transitions_mocap_mazen_c3d_walksideways_running_poses_120_jpos,137,2.74,0.06293227597790794,1
Transitions,Transitions_mocap_mazen_c3d_walksideways_running_poses_120_jpos,138,2.76,0.05779491529758538,0
Transitions,Transitions_mocap_mazen_c3d_walksideways_running_poses_120_jpos,139,2.78,0.05329165893017666,0
Transitions,Transitions_mocap_mazen_c3d_walksideways_running_poses_120_jpos,140,2.8,0.05146836877937153,0
Transitions,Transitions_mocap_mazen_c3d_walksideways_running_poses_120_jpos,141,2.82,0.05142635062268732,0
Transitions,Transitions_mocap_mazen_c3d_walksideways_running_poses_120_jpos,142,2.84,0.051269748378024595,0
Transitions,Transitions_mocap_mazen_c3d_walksideways_running_poses_120_jpos,143,2.86,0.05100781635464872,0
Transitions,Transitions_mocap_mazen_c3d_walksideways_running_poses_120_jpos,144,2.88,0.051754359087894594,0
Transitions,Transitions_mocap_mazen_c3d_walksideways_running_poses_120_jpos,145,2.9,0.054262856369905584,0
Transitions,Transitions_mocap_mazen_c3d_walksideways_running_poses_120_jpos,146,2.92,0.049724747594908386,0
Transitions,Transitions_mocap_mazen_c3d_walksideways_running_poses_120_jpos,147,2.94,0.0467865036791136,0
Transitions,Transitions_mocap_mazen_c3d_walksideways_running_poses_120_jpos,148,2.96,0.045329848358015644,0
Transitions,Transitions_mocap_mazen_c3d_walksideways_running_poses_120_jpos,149,2.98,0.04347859043267636,0
Transitions,Transitions_mocap_mazen_c3d_walksideways_running_poses_120_jpos,150,3.0,0.04120271932748683,0
Transitions,Transitions_mocap_mazen_c3d_walksideways_running_poses_120_jpos,151,3.02,0.04065763656794582,0
Transitions,Transitions_mocap_mazen_c3d_walksideways_running_poses_120_jpos,152,3.04,0.040297783470462714,0
Transitions,Transitions_mocap_mazen_c3d_walksideways_running_poses_120_jpos,153,3.06,0.04331785845232413,0
Transitions,Transitions_mocap_mazen_c3d_walksideways_running_poses_120_jpos,154,3.08,0.04933986069705908,0
Transitions,Transitions_mocap_mazen_c3d_walksideways_running_poses_120_jpos,155,3.1,0.05467293466544331,0
Transitions,Transitions_mocap_mazen_c3d_walksideways_running_poses_120_jpos,156,3.12,0.057770306488274574,0
Transitions,Transitions_mocap_mazen_c3d_walksideways_running_poses_120_jpos,157,3.14,0.05901059878879893,0
Transitions,Transitions_mocap_mazen_c3d_walksideways_running_poses_120_jpos,158,3.16,0.05968428426194423,0
Transitions,Transitions_mocap_mazen_c3d_walksideways_running_poses_120_jpos,159,3.18,0.06068125499572038,1
Transitions,Transitions_mocap_mazen_c3d_walksideways_running_poses_120_jpos,160,3.2,0.06181498602026856,1
Transitions,Transitions_mocap_mazen_c3d_walksideways_running_poses_120_jpos,161,3.22,0.06323870857539803,1
Transitions,Transitions_mocap_mazen_c3d_walksideways_running_poses_120_jpos,162,3.24,0.06349964000943928,1
Transitions,Transitions_mocap_mazen_c3d_walksideways_running_poses_120_jpos,163,3.26,0.06279760632442809,1
Transitions,Transitions_mocap_mazen_c3d_walksideways_running_poses_120_jpos,164,3.28,0.06171742230189294,1
Transitions,Transitions_mocap_mazen_c3d_walksideways_running_poses_120_jpos,165,3.3,0.06091421288770466,1
Transitions,Transitions_mocap_mazen_c3d_walksideways_running_poses_120_jpos,166,3.32,0.06043817528551026,1
Transitions,Transitions_mocap_mazen_c3d_walksideways_running_poses_120_jpos,167,3.34,0.060113843306430347,1
Transitions,Transitions_mocap_mazen_c3d_walksideways_running_poses_120_jpos,168,3.36,0.06039874626964232,1
Transitions,Transitions_mocap_mazen_c3d_walksideways_running_poses_120_jpos,169,3.38,0.05851659729062656,0
Transitions,Transitions_mocap_mazen_c3d_walksideways_running_poses_120_jpos,170,3.4,0.0612884148838664,1
Transitions,Transitions_mocap_mazen_c3d_walksideways_running_poses_120_jpos,171,3.42,0.06468876026462668,1
Transitions,Transitions_mocap_mazen_c3d_walksideways_running_poses_120_jpos,172,3.44,0.06757378964721204,1
Transitions,Transitions_mocap_mazen_c3d_walksideways_running_poses_120_jpos,173,3.46,0.06816641652977208,1
Transitions,Transitions_mocap_mazen_c3d_walksideways_running_poses_120_jpos,174,3.48,0.07089120931699973,1
Transitions,Transitions_mocap_mazen_c3d_walksideways_running_poses_120_jpos,175,3.5,0.07502883283028738,1
Transitions,Transitions_mocap_mazen_c3d_walksideways_running_poses_120_jpos,176,3.52,0.07551838594299894,1
Transitions,Transitions_mocap_mazen_c3d_walksideways_running_poses_120_jpos,177,3.54,0.07534977454215698,1
Transitions,Transitions_mocap_mazen_c3d_walksideways_running_poses_120_jpos,178,3.56,0.0712182810481385,1
Transitions,Transitions_mocap_mazen_c3d_walksideways_running_poses_120_jpos,179,3.58,0.06698132501284107,1
Transitions,Transitions_mocap_mazen_c3d_walksideways_running_poses_120_jpos,180,3.6,0.06301718930309295,1
Transitions,Transitions_mocap_mazen_c3d_walksideways_running_poses_120_jpos,181,3.62,0.05942684081121322,0
Transitions,Transitions_mocap_mazen_c3d_walksideways_running_poses_120_jpos,182,3.64,0.057500084749729376,0
Transitions,Transitions_mocap_mazen_c3d_walksideways_running_poses_120_jpos,183,3.66,0.0570135153474688,0
Transitions,Transitions_mocap_mazen_c3d_walksideways_running_poses_120_jpos,184,3.68,0.057626610555789194,0
Transitions,Transitions_mocap_mazen_c3d_walksideways_running_poses_120_jpos,185,3.7,0.06073884519287789,1
Transitions,Transitions_mocap_mazen_c3d_walksideways_running_poses_120_jpos,186,3.72,0.062254228391994425,1
Transitions,Transitions_mocap_mazen_c3d_walksideways_running_poses_120_jpos,187,3.74,0.05673828388781622,0
Transitions,Transitions_mocap_mazen_c3d_walksideways_running_poses_120_jpos,188,3.76,0.04871596300552446,0
Transitions,Transitions_mocap_mazen_c3d_walksideways_running_poses_120_jpos,189,3.78,0.050775144164756945,0
Transitions,Transitions_mocap_mazen_c3d_walksideways_running_poses_120_jpos,190,3.8,0.052601242034229424,0
Transitions,Transitions_mocap_mazen_c3d_walksideways_running_poses_120_jpos,191,3.82,0.05472144124063697,0
Transitions,Transitions_mocap_mazen_c3d_walksideways_running_poses_120_jpos,192,3.84,0.05661530310059459,0
Transitions,Transitions_mocap_mazen_c3d_walksideways_running_poses_120_jpos,193,3.86,0.05451487296464256,0
Transitions,Transitions_mocap_mazen_c3d_walksideways_running_poses_120_jpos,194,3.88,0.04751018375136065,0
Transitions,Transitions_mocap_mazen_c3d_walksideways_running_poses_120_jpos,195,3.9,0.0417000447735701,0
Transitions,Transitions_mocap_mazen_c3d_walksideways_running_poses_120_jpos,196,3.92,0.03833595413898066,0
Transitions,Transitions_mocap_mazen_c3d_walksideways_running_poses_120_jpos,197,3.94,0.0392083941668335,0
Transitions,Transitions_mocap_mazen_c3d_walksideways_running_poses_120_jpos,198,3.96,0.04171621671740287,0
Transitions,Transitions_mocap_mazen_c3d_walksideways_running_poses_120_jpos,199,3.98,0.04367726009460963,0
Transitions,Transitions_mocap_mazen_c3d_walksideways_running_poses_120_jpos,200,4.0,0.04142519337695324,0
Transitions,Transitions_mocap_mazen_c3d_walksideways_running_poses_120_jpos,201,4.02,0.04750719204914348,0
Transitions,Transitions_mocap_mazen_c3d_walksideways_running_poses_120_jpos,202,4.04,0.0519141084118054,0
Transitions,Transitions_mocap_mazen_c3d_walksideways_running_poses_120_jpos,203,4.06,0.056096952995736644,0
Transitions,Transitions_mocap_mazen_c3d_walksideways_running_poses_120_jpos,204,4.08,0.05969342025520786,0
Transitions,Transitions_mocap_mazen_c3d_walksideways_running_poses_120_jpos,205,4.1,0.054519892532936855,0
Transitions,Transitions_mocap_mazen_c3d_walksideways_running_poses_120_jpos,206,4.12,0.052056057204973,0
Transitions,Transitions_mocap_mazen_c3d_walksideways_running_poses_120_jpos,207,4.14,0.05270492541604486,0
Transitions,Transitions_mocap_mazen_c3d_walksideways_running_poses_120_jpos,208,4.16,0.056149027150704266,0
Transitions,Transitions_mocap_mazen_c3d_walksideways_running_poses_120_jpos,209,4.18,0.05751444175483981,0
Transitions,Transitions_mocap_mazen_c3d_walksideways_running_poses_120_jpos,210,4.2,0.05861475372969952,0
Transitions,Transitions_mocap_mazen_c3d_walksideways_running_poses_120_jpos,211,4.22,0.05923887426313302,0
Transitions,Transitions_mocap_mazen_c3d_walksideways_running_poses_120_jpos,212,4.24,0.05384133731129815,0
Transitions,Transitions_mocap_mazen_c3d_walksideways_running_poses_120_jpos,213,4.26,0.04882514146192966,0
Transitions,Transitions_mocap_mazen_c3d_walksideways_running_poses_120_jpos,214,4.28,0.04652097986380171,0
Transitions,Transitions_mocap_mazen_c3d_walksideways_running_poses_120_jpos,215,4.3,0.044597955872100255,0
Transitions,Transitions_mocap_mazen_c3d_walksideways_running_poses_120_jpos,216,4.32,0.04258567905133872,0
Transitions,Transitions_mocap_mazen_c3d_walksideways_running_poses_120_jpos,217,4.34,0.04471212373098314,0
Transitions,Transitions_mocap_mazen_c3d_walksideways_running_poses_120_jpos,218,4.36,0.047941351359450865,0
Transitions,Transitions_mocap_mazen_c3d_walksideways_running_poses_120_jpos,219,4.38,0.052997518433634046,0
Transitions,Transitions_mocap_mazen_c3d_walksideways_running_poses_120_jpos,220,4.4,0.0569215940346113,0
Transitions,Transitions_mocap_mazen_c3d_walksideways_running_poses_120_jpos,221,4.42,0.05816179249119676,0
Transitions,Transitions_mocap_mazen_c3d_walksideways_running_poses_120_jpos,222,4.44,0.05794272350496805,0
Transitions,Transitions_mocap_mazen_c3d_walksideways_running_poses_120_jpos,223,4.46,0.053483295044751474,0
Transitions,Transitions_mocap_mazen_c3d_walksideways_running_poses_120_jpos,224,4.48,0.04087328053042293,0
Transitions,Transitions_mocap_mazen_c3d_walksideways_running_poses_120_jpos,225,4.5,0.03627248018137082,0
Transitions,Transitions_mocap_mazen_c3d_walksideways_running_poses_120_jpos,226,4.52,0.04082170063551866,0
Transitions,Transitions_mocap_mazen_c3d_walksideways_running_poses_120_jpos,227,4.54,0.040713397601010934,0
Transitions,Transitions_mocap_mazen_c3d_walksideways_running_poses_120_jpos,228,4.56,0.040482034673324285,0
Transitions,Transitions_mocap_mazen_c3d_walksideways_running_poses_120_jpos,229,4.58,0.04353465809506743,0
Transitions,Transitions_mocap_mazen_c3d_walksideways_running_poses_120_jpos,230,4.6,0.04606166665727307,0
Transitions,Transitions_mocap_mazen_c3d_walksideways_running_poses_120_jpos,231,4.62,0.04614645306084855,0
Transitions,Transitions_mocap_mazen_c3d_walksideways_running_poses_120_jpos,232,4.64,0.04424514728679126,0
Transitions,Transitions_mocap_mazen_c3d_walksideways_running_poses_120_jpos,233,4.66,0.03859234513257377,0
Transitions,Transitions_mocap_mazen_c3d_walksideways_running_poses_120_jpos,234,4.68,0.033809254461829245,0
Transitions,Transitions_mocap_mazen_c3d_walksideways_running_poses_120_jpos,235,4.7,0.030464376259704738,0
Transitions,Transitions_mocap_mazen_c3d_walksideways_running_poses_120_jpos,236,4.72,0.031083247584656658,0
Transitions,Transitions_mocap_mazen_c3d_walksideways_running_poses_120_jpos,237,4.74,0.035005233258980376,0
Transitions,Transitions_mocap_mazen_c3d_walksideways_running_poses_120_jpos,238,4.76,0.038759717254309774,0
Transitions,Transitions_mocap_mazen_c3d_walksideways_running_poses_120_jpos,239,4.78,0.03928524610685497,0
Transitions,Transitions_mocap_mazen_c3d_walksideways_running_poses_120_jpos,240,4.8,0.038644743478506854,0
Transitions,Transitions_mocap_mazen_c3d_walksideways_running_poses_120_jpos,241,4.82,0.03842544278025928,0
Transitions,Transitions_mocap_mazen_c3d_walksideways_running_poses_120_jpos,242,4.84,0.0388049947495187,0
Transitions,Transitions_mocap_mazen_c3d_walksideways_running_poses_120_jpos,243,4.86,0.04023253433502093,0
Transitions,Transitions_mocap_mazen_c3d_walksideways_running_poses_120_jpos,244,4.88,0.037624093525827344,0
Transitions,Transitions_mocap_mazen_c3d_walksideways_running_poses_120_jpos,245,4.9,0.03810022435090741,0
Transitions,Transitions_mocap_mazen_c3d_walksideways_running_poses_120_jpos,246,4.92,0.03965550340593872,0
Transitions,Transitions_mocap_mazen_c3d_walksideways_running_poses_120_jpos,247,4.94,0.040203351034960595,0
Transitions,Transitions_mocap_mazen_c3d_walksideways_running_poses_120_jpos,248,4.96,0.038151626198626075,0
Transitions,Transitions_mocap_mazen_c3d_walksideways_running_poses_120_jpos,249,4.98,0.037458918496824,0
Transitions,Transitions_mocap_mazen_c3d_walksideways_running_poses_120_jpos,250,5.0,0.03527730761400037,0
Transitions,Transitions_mocap_mazen_c3d_walksideways_running_poses_120_jpos,251,5.02,0.02847678893469984,0
Transitions,Transitions_mocap_mazen_c3d_walksideways_running_poses_120_jpos,252,5.04,0.023833594799982302,0
Transitions,Transitions_mocap_mazen_c3d_walksideways_running_poses_120_jpos,253,5.06,0.019705189123437328,0
Transitions,Transitions_mocap_mazen_c3d_walksideways_running_poses_120_jpos,254,5.08,0.01504018440839027,0
Transitions,Transitions_mocap_mazen_c3d_walksideways_running_poses_120_jpos,255,5.1,0.009439305301887543,0
Transitions,Transitions_mocap_mazen_c3d_walksideways_running_poses_120_jpos,256,5.12,0.004401567792598858,0
Transitions,Transitions_mocap_mazen_c3d_walksideways_running_poses_120_jpos,257,5.14,0.0019514101850291645,0
Transitions,Transitions_mocap_mazen_c3d_walksideways_running_poses_120_jpos,258,5.16,0.0018712805819664415,0
Transitions,Transitions_mocap_mazen_c3d_walksideways_running_poses_120_jpos,259,5.18,0.0037691710504101934,0
Transitions,Transitions_mocap_mazen_c3d_walksideways_running_poses_120_jpos,260,5.2,0.0065143445579508175,0
Transitions,Transitions_mocap_mazen_c3d_walksideways_running_poses_120_jpos,261,5.22,0.008955482435360465,0
Transitions,Transitions_mocap_mazen_c3d_walksideways_running_poses_120_jpos,262,5.24,0.010205973570552454,0
Transitions,Transitions_mocap_mazen_c3d_walksideways_running_poses_120_jpos,263,5.26,0.010465260190899188,0
Transitions,Transitions_mocap_mazen_c3d_walksideways_running_poses_120_jpos,264,5.28,0.010363701608874119,0
Transitions,Transitions_mocap_mazen_c3d_walksideways_running_poses_120_jpos,265,5.3,0.01049270610373579,0
Transitions,Transitions_mocap_mazen_c3d_walksideways_running_poses_120_jpos,266,5.32,0.011135541913191988,0
Transitions,Transitions_mocap_mazen_c3d_walksideways_running_poses_120_jpos,267,5.34,0.011798660698745635,0
Transitions,Transitions_mocap_mazen_c3d_walksideways_running_poses_120_jpos,268,5.36,0.01340889231617332,0
Transitions,Transitions_mocap_mazen_c3d_walksideways_running_poses_120_jpos,269,5.38,0.015490671543936045,0
Transitions,Transitions_mocap_mazen_c3d_walksideways_running_poses_120_jpos,270,5.4,0.018433080301796925,0
Transitions,Transitions_mocap_mazen_c3d_walksideways_running_poses_120_jpos,271,5.42,0.023054459503693066,0
Transitions,Transitions_mocap_mazen_c3d_walksideways_running_poses_120_jpos,272,5.44,0.028076604980552027,0
Transitions,Transitions_mocap_mazen_c3d_walksideways_running_poses_120_jpos,273,5.46,0.03198420284190917,0
Transitions,Transitions_mocap_mazen_c3d_walksideways_running_poses_120_jpos,274,5.48,0.028978412021098826,0
Transitions,Transitions_mocap_mazen_c3d_walksideways_running_poses_120_jpos,275,5.5,0.025636125705326626,0
Transitions,Transitions_mocap_mazen_c3d_walksideways_running_poses_120_jpos,276,5.52,0.022227552230015088,0
Transitions,Transitions_mocap_mazen_c3d_walksideways_running_poses_120_jpos,277,5.54,0.01944461786214697,0
Transitions,Transitions_mocap_mazen_c3d_walksideways_running_poses_120_jpos,278,5.56,0.01815917811674274,0
Transitions,Transitions_mocap_mazen_c3d_walksideways_running_poses_120_jpos,279,5.58,0.01753851772875316,0
Transitions,Transitions_mocap_mazen_c3d_walksideways_running_poses_120_jpos,280,5.6,0.016770141883940375,0
Transitions,Transitions_mocap_mazen_c3d_walksideways_running_poses_120_jpos,281,5.62,0.015911483110085174,0
Transitions,Transitions_mocap_mazen_c3d_walksideways_running_poses_120_jpos,282,5.64,0.014611555565024402,0
Transitions,Transitions_mocap_mazen_c3d_walksideways_running_poses_120_jpos,283,5.66,0.01291366799513226,0
Transitions,Transitions_mocap_mazen_c3d_walksideways_running_poses_120_jpos,284,5.68,0.011210374696197936,0
Transitions,Transitions_mocap_mazen_c3d_walksideways_running_poses_120_jpos,285,5.7,0.0095887722543477,0
Transitions,Transitions_mocap_mazen_c3d_walksideways_running_poses_120_jpos,286,5.72,0.008237782410595073,0
Transitions,Transitions_mocap_mazen_c3d_walksideways_running_poses_120_jpos,287,5.74,0.007140700720780735,0
Transitions,Transitions_mocap_mazen_c3d_walksideways_running_poses_120_jpos,288,5.76,0.006185740477956574,0
Transitions,Transitions_mocap_mazen_c3d_walksideways_running_poses_120_jpos,289,5.78,0.005555171768904179,0
Transitions,Transitions_mocap_mazen_c3d_walksideways_running_poses_120_jpos,290,5.8,0.00485909870590215,0
Transitions,Transitions_mocap_mazen_c3d_walksideways_running_poses_120_jpos,291,5.82,0.003988828750355696,0
Transitions,Transitions_mocap_mazen_c3d_walksideways_running_poses_120_jpos,292,5.84,0.0036686243167684714,0
Transitions,Transitions_mocap_mazen_c3d_walksideways_running_poses_120_jpos,293,5.86,0.0037485564141347995,0
Transitions,Transitions_mocap_mazen_c3d_walksideways_running_poses_120_jpos,294,5.88,0.00436356854333044,0
Transitions,Transitions_mocap_mazen_c3d_walksideways_running_poses_120_jpos,295,5.9,0.005359829801103911,0
Transitions,Transitions_mocap_mazen_c3d_walksideways_running_poses_120_jpos,296,5.92,0.006766647629129452,0
Transitions,Transitions_mocap_mazen_c3d_walksideways_running_poses_120_jpos,297,5.94,0.008611645139502777,0
Transitions,Transitions_mocap_mazen_c3d_walksideways_running_poses_120_jpos,298,5.96,0.010758923543883627,0
Transitions,Transitions_mocap_mazen_c3d_walksideways_running_poses_120_jpos,299,5.98,0.013438841494071792,0
Transitions,Transitions_mocap_mazen_c3d_walksideways_running_poses_120_jpos,300,6.0,0.012343834350833456,0
Transitions,Transitions_mocap_mazen_c3d_walksideways_running_poses_120_jpos,301,6.02,0.01096387643613284,0
Transitions,Transitions_mocap_mazen_c3d_walksideways_running_poses_120_jpos,302,6.04,0.010453523829210746,0
Transitions,Transitions_mocap_mazen_c3d_walksideways_running_poses_120_jpos,303,6.06,0.010602312742083985,0
Transitions,Transitions_mocap_mazen_c3d_walksideways_running_poses_120_jpos,304,6.08,0.011156962661681093,0
Transitions,Transitions_mocap_mazen_c3d_walksideways_running_poses_120_jpos,305,6.1,0.011786000149391214,0
Transitions,Transitions_mocap_mazen_c3d_walksideways_running_poses_120_jpos,306,6.12,0.0123391141550877,0
Transitions,Transitions_mocap_mazen_c3d_walksideways_running_poses_120_jpos,307,6.14,0.012536296587469175,0
Transitions,Transitions_mocap_mazen_c3d_walksideways_running_poses_120_jpos,308,6.16,0.012488610858675095,0
Transitions,Transitions_mocap_mazen_c3d_walksideways_running_poses_120_jpos,309,6.18,0.012279222631233292,0
Transitions,Transitions_mocap_mazen_c3d_walksideways_running_poses_120_jpos,310,6.2,0.011928731737241403,0
Transitions,Transitions_mocap_mazen_c3d_walksideways_running_poses_120_jpos,311,6.22,0.011397554999518342,0
Transitions,Transitions_mocap_mazen_c3d_walksideways_running_poses_120_jpos,312,6.24,0.006830263607396485,0
Transitions,Transitions_mocap_mazen_c3d_walksideways_running_poses_120_jpos,313,6.26,0.0038210612217915232,0
Transitions,Transitions_mocap_mazen_c3d_walksideways_running_poses_120_jpos,314,6.28,0.001762462545273357,0
Transitions,Transitions_mocap_mazen_c3d_walksideways_running_poses_120_jpos,315,6.3,0.0003488065162850218,0
Transitions,Transitions_mocap_mazen_c3d_walksideways_running_poses_120_jpos,316,6.32,-0.00019970794379729935,0
Transitions,Transitions_mocap_mazen_c3d_walksideways_running_poses_120_jpos,317,6.34,-0.0001859320620578083,0
Transitions,Transitions_mocap_mazen_c3d_walksideways_running_poses_120_jpos,318,6.36,2.5912428024943077e-05,0
Transitions,Transitions_mocap_mazen_c3d_walksideways_running_poses_120_jpos,319,6.38,-4.813329502363281e-05,0
Transitions,Transitions_mocap_mazen_c3d_walksideways_running_poses_120_jpos,320,6.4,3.9627285583142616e-05,0
Transitions,Transitions_mocap_mazen_c3d_walksideways_running_poses_120_jpos,321,6.42,0.00011470587224346115,0
Transitions,Transitions_mocap_mazen_c3d_walksideways_running_poses_120_jpos,322,6.44,0.0006663806995795673,0
Transitions,Transitions_mocap_mazen_c3d_walksideways_running_poses_120_jpos,323,6.46,0.0010107266504388538,0
Transitions,Transitions_mocap_mazen_c3d_walksideways_running_poses_120_jpos,324,6.48,0.0013469975754580657,0
Transitions,Transitions_mocap_mazen_c3d_walksideways_running_poses_120_jpos,325,6.5,0.0015331956538019893,0
Transitions,Transitions_mocap_mazen_c3d_walksideways_running_poses_120_jpos,326,6.52,0.0017740582588653044,0
Transitions,Transitions_mocap_mazen_c3d_walksideways_running_poses_120_jpos,327,6.54,0.0019023352054867246,0
Transitions,Transitions_mocap_mazen_c3d_walksideways_running_poses_120_jpos,328,6.56,0.002067055939957447,0
Transitions,Transitions_mocap_mazen_c3d_walksideways_running_poses_120_jpos,329,6.58,0.0021954126709487366,0
Transitions,Transitions_mocap_mazen_c3d_walksideways_running_poses_120_jpos,330,6.6,0.0021460583946527126,0
Transitions,Transitions_mocap_mazen_c3d_walksideways_running_poses_120_jpos,331,6.62,0.002377573988450555,0
Transitions,Transitions_mocap_mazen_c3d_walksideways_running_poses_120_jpos,332,6.64,0.0025520985397364856,0
Transitions,Transitions_mocap_mazen_c3d_walksideways_running_poses_120_jpos,333,6.66,0.002601719569286594,0
Transitions,Transitions_mocap_mazen_c3d_walksideways_running_poses_120_jpos,334,6.68,0.0024789372012136088,0
Transitions,Transitions_mocap_mazen_c3d_walksideways_running_poses_120_jpos,335,6.7,0.0024255226209170654,0
Transitions,Transitions_mocap_mazen_c3d_walksideways_running_poses_120_jpos,336,6.72,0.0021973377303547877,0
Transitions,Transitions_mocap_mazen_c3d_walksideways_running_poses_120_jpos,337,6.74,0.0020479860848144436,0
Transitions,Transitions_mocap_mazen_c3d_walksideways_running_poses_120_jpos,338,6.76,0.0019198919087116493,0
Transitions,Transitions_mocap_mazen_c3d_walksideways_running_poses_120_jpos,339,6.78,0.00189189641326778,0
Transitions,Transitions_mocap_mazen_c3d_walksideways_running_poses_120_jpos,340,6.8,0.001819856694740312,0
Transitions,Transitions_mocap_mazen_c3d_walksideways_running_poses_120_jpos,341,6.82,0.001655933354327085,0
Transitions,Transitions_mocap_mazen_c3d_walksideways_running_poses_120_jpos,342,6.84,0.0015778824868557789,0
Transitions,Transitions_mocap_mazen_c3d_walksideways_running_poses_120_jpos,343,6.86,0.001368332399045236,0
Transitions,Transitions_mocap_mazen_c3d_walksideways_running_poses_120_jpos,344,6.88,0.001382502117212107,0
Transitions,Transitions_mocap_mazen_c3d_walksideways_running_poses_120_jpos,345,6.9,0.0013412352926975863,0
Transitions,Transitions_mocap_mazen_c3d_walksideways_running_poses_120_jpos,346,6.92,0.0012982230971417905,0
Transitions,Transitions_mocap_mazen_c3d_walksideways_running_poses_120_jpos,347,6.94,0.0012625325169855848,0
Transitions,Transitions_mocap_mazen_c3d_walksideways_running_poses_120_jpos,348,6.96,0.001241844800839333,0
Transitions,Transitions_mocap_mazen_c3d_walksideways_running_poses_120_jpos,349,6.98,0.0012521023472325844,0
Transitions,Transitions_mocap_mazen_c3d_walksideways_running_poses_120_jpos,350,7.0,0.0011318895970009717,0
Transitions,Transitions_mocap_mazen_c3d_walksideways_running_poses_120_jpos,351,7.02,0.0011768691575611626,0
Transitions,Transitions_mocap_mazen_c3d_walksideways_running_poses_120_jpos,352,7.04,0.0011970217591033717,0
Transitions,Transitions_mocap_mazen_c3d_walksideways_running_poses_120_jpos,353,7.06,0.001308712126054292,0
Transitions,Transitions_mocap_mazen_c3d_walksideways_running_poses_120_jpos,354,7.08,0.0013277306963701049,0
Transitions,Transitions_mocap_mazen_c3d_walksideways_running_poses_120_jpos,355,7.1,0.0014644262909669688,0
Transitions,Transitions_mocap_mazen_c3d_walksideways_running_poses_120_jpos,356,7.12,0.0016648442564678838,0
Transitions,Transitions_mocap_mazen_c3d_walksideways_running_poses_120_jpos,357,7.14,0.0020103736197111775,0
Transitions,Transitions_mocap_mazen_c3d_walksideways_running_poses_120_jpos,358,7.16,0.002471258016434821,0
Transitions,Transitions_mocap_mazen_c3d_walksideways_running_poses_120_jpos,359,7.18,0.003084621398131815,0
Transitions,Transitions_mocap_mazen_c3d_walksideways_running_poses_120_jpos,360,7.2,0.003966151206868452,0
Transitions,Transitions_mocap_mazen_c3d_walksideways_running_poses_120_jpos,361,7.22,0.004844810238063435,0
Transitions,Transitions_mocap_mazen_c3d_walksideways_running_poses_120_jpos,362,7.24,0.005589137972744827,0
Transitions,Transitions_mocap_mazen_c3d_walksideways_running_poses_120_jpos,363,7.26,0.006707508009269005,0
Transitions,Transitions_mocap_mazen_c3d_walksideways_running_poses_120_jpos,364,7.28,0.007813176553372716,0
Transitions,Transitions_mocap_mazen_c3d_walksideways_running_poses_120_jpos,365,7.3,0.009039251859111324,0
Transitions,Transitions_mocap_mazen_c3d_airkick_walkbackwards_poses_120_jpos,0,0.0,0.0026590135406894724,0
Transitions,Transitions_mocap_mazen_c3d_airkick_walkbackwards_poses_120_jpos,1,0.02,0.002696049246138003,0
Transitions,Transitions_mocap_mazen_c3d_airkick_walkbackwards_poses_120_jpos,2,0.04,0.0026745816248799226,0
Transitions,Transitions_mocap_mazen_c3d_airkick_walkbackwards_poses_120_jpos,3,0.06,0.002536817217866109,0
Transitions,Transitions_mocap_mazen_c3d_airkick_walkbackwards_poses_120_jpos,4,0.08,0.00253739356109234,0
Transitions,Transitions_mocap_mazen_c3d_airkick_walkbackwards_poses_120_jpos,5,0.1,0.0024716072502532025,0
Transitions,Transitions_mocap_mazen_c3d_airkick_walkbackwards_poses_120_jpos,6,0.12,0.0023015137767128033,0
Transitions,Transitions_mocap_mazen_c3d_airkick_walkbackwards_poses_120_jpos,7,0.14,0.002276138085274281,0
Transitions,Transitions_mocap_mazen_c3d_airkick_walkbackwards_poses_120_jpos,8,0.16,0.00203955885986486,0
Transitions,Transitions_mocap_mazen_c3d_airkick_walkbackwards_poses_120_jpos,9,0.18,0.0017841700005036577,0
Transitions,Transitions_mocap_mazen_c3d_airkick_walkbackwards_poses_120_jpos,10,0.2,0.0016710740620556712,0
Transitions,Transitions_mocap_mazen_c3d_airkick_walkbackwards_poses_120_jpos,11,0.22,0.001444273979300817,0
Transitions,Transitions_mocap_mazen_c3d_airkick_walkbackwards_poses_120_jpos,12,0.24,0.0014016293475696048,0
Transitions,Transitions_mocap_mazen_c3d_airkick_walkbackwards_poses_120_jpos,13,0.26,0.0008710542267105405,0
Transitions,Transitions_mocap_mazen_c3d_airkick_walkbackwards_poses_120_jpos,14,0.28,0.0007555498011343649,0
Transitions,Transitions_mocap_mazen_c3d_airkick_walkbackwards_poses_120_jpos,15,0.3,0.0005490077347041523,0
Transitions,Transitions_mocap_mazen_c3d_airkick_walkbackwards_poses_120_jpos,16,0.32,0.0001308143076135821,0
Transitions,Transitions_mocap_mazen_c3d_airkick_walkbackwards_poses_120_jpos,17,0.34,2.2166221134165345e-05,0
Transitions,Transitions_mocap_mazen_c3d_airkick_walkbackwards_poses_120_jpos,18,0.36,-0.0001540724427251082,0
Transitions,Transitions_mocap_mazen_c3d_airkick_walkbackwards_poses_120_jpos,19,0.38,-0.00034649290274792535,0
Transitions,Transitions_mocap_mazen_c3d_airkick_walkbackwards_poses_120_jpos,20,0.4,-0.0004076458485767105,0
Transitions,Transitions_mocap_mazen_c3d_airkick_walkbackwards_poses_120_jpos,21,0.42,-0.0004811080682826669,0
Transitions,Transitions_mocap_mazen_c3d_airkick_walkbackwards_poses_120_jpos,22,0.44,-0.00029244874620756173,0
Transitions,Transitions_mocap_mazen_c3d_airkick_walkbackwards_poses_120_jpos,23,0.46,-5.192359223778545e-06,0
Transitions,Transitions_mocap_mazen_c3d_airkick_walkbackwards_poses_120_jpos,24,0.48,0.00015418055754611026,0
Transitions,Transitions_mocap_mazen_c3d_airkick_walkbackwards_poses_120_jpos,25,0.5,8.063034783387449e-05,0
Transitions,Transitions_mocap_mazen_c3d_airkick_walkbackwards_poses_120_jpos,26,0.52,0.00011472093710776857,0
Transitions,Transitions_mocap_mazen_c3d_airkick_walkbackwards_poses_120_jpos,27,0.54,0.00017844450913700668,0
Transitions,Transitions_mocap_mazen_c3d_airkick_walkbackwards_poses_120_jpos,28,0.56,0.0004885372791441512,0
Transitions,Transitions_mocap_mazen_c3d_airkick_walkbackwards_poses_120_jpos,29,0.58,0.0007169915171941522,0
Transitions,Transitions_mocap_mazen_c3d_airkick_walkbackwards_poses_120_jpos,30,0.6,0.001131792793852164,0
Transitions,Transitions_mocap_mazen_c3d_airkick_walkbackwards_poses_120_jpos,31,0.62,0.0018385707893215052,0
Transitions,Transitions_mocap_mazen_c3d_airkick_walkbackwards_poses_120_jpos,32,0.64,0.002822646126313463,0
Transitions,Transitions_mocap_mazen_c3d_airkick_walkbackwards_poses_120_jpos,33,0.66,0.004452079362090727,0
Transitions,Transitions_mocap_mazen_c3d_airkick_walkbackwards_poses_120_jpos,34,0.68,0.006251042284243781,0
Transitions,Transitions_mocap_mazen_c3d_airkick_walkbackwards_poses_120_jpos,35,0.7,0.008850873938055554,0
Transitions,Transitions_mocap_mazen_c3d_airkick_walkbackwards_poses_120_jpos,36,0.72,0.012063270916967335,0
Transitions,Transitions_mocap_mazen_c3d_airkick_walkbackwards_poses_120_jpos,37,0.74,0.015762136826980216,0
Transitions,Transitions_mocap_mazen_c3d_airkick_walkbackwards_poses_120_jpos,38,0.76,0.019491585595363875,0
Transitions,Transitions_mocap_mazen_c3d_airkick_walkbackwards_poses_120_jpos,39,0.78,0.023244138802349358,0
Transitions,Transitions_mocap_mazen_c3d_airkick_walkbackwards_poses_120_jpos,40,0.8,0.02663098254029002,0
Transitions,Transitions_mocap_mazen_c3d_airkick_walkbackwards_poses_120_jpos,41,0.82,0.02933259578884432,0
Transitions,Transitions_mocap_mazen_c3d_airkick_walkbackwards_poses_120_jpos,42,0.84,0.03136062400332484,0
Transitions,Transitions_mocap_mazen_c3d_airkick_walkbackwards_poses_120_jpos,43,0.86,0.03276950365010956,0
Transitions,Transitions_mocap_mazen_c3d_airkick_walkbackwards_poses_120_jpos,44,0.88,0.03365405044973462,0
Transitions,Transitions_mocap_mazen_c3d_airkick_walkbackwards_poses_120_jpos,45,0.9,0.0344157411577077,0
Transitions,Transitions_mocap_mazen_c3d_airkick_walkbackwards_poses_120_jpos,46,0.92,0.03482975113663881,0
Transitions,Transitions_mocap_mazen_c3d_airkick_walkbackwards_poses_120_jpos,47,0.94,0.03506686807600434,0
Transitions,Transitions_mocap_mazen_c3d_airkick_walkbackwards_poses_120_jpos,48,0.96,0.0351250284628275,0
Transitions,Transitions_mocap_mazen_c3d_airkick_walkbackwards_poses_120_jpos,49,0.98,0.034920173669158255,0
Transitions,Transitions_mocap_mazen_c3d_airkick_walkbackwards_poses_120_jpos,50,1.0,0.03441732169457323,0
Transitions,Transitions_mocap_mazen_c3d_airkick_walkbackwards_poses_120_jpos,51,1.02,0.03355939521050177,0
Transitions,Transitions_mocap_mazen_c3d_airkick_walkbackwards_poses_120_jpos,52,1.04,0.03278056031830711,0
Transitions,Transitions_mocap_mazen_c3d_airkick_walkbackwards_poses_120_jpos,53,1.06,0.031899548066530066,0
Transitions,Transitions_mocap_mazen_c3d_airkick_walkbackwards_poses_120_jpos,54,1.08,0.0313285884449016,0
Transitions,Transitions_mocap_mazen_c3d_airkick_walkbackwards_poses_120_jpos,55,1.1,0.030720275410818183,0
Transitions,Transitions_mocap_mazen_c3d_airkick_walkbackwards_poses_120_jpos,56,1.12,0.03016433846531482,0
Transitions,Transitions_mocap_mazen_c3d_airkick_walkbackwards_poses_120_jpos,57,1.14,0.02979778213003713,0
Transitions,Transitions_mocap_mazen_c3d_airkick_walkbackwards_poses_120_jpos,58,1.16,0.029266159084732395,0
Transitions,Transitions_mocap_mazen_c3d_airkick_walkbackwards_poses_120_jpos,59,1.18,0.029237341796520377,0
Transitions,Transitions_mocap_mazen_c3d_airkick_walkbackwards_poses_120_jpos,60,1.2,0.029008451356850887,0
Transitions,Transitions_mocap_mazen_c3d_airkick_walkbackwards_poses_120_jpos,61,1.22,0.029078710575273427,0
Transitions,Transitions_mocap_mazen_c3d_airkick_walkbackwards_poses_120_jpos,62,1.24,0.029358426812766,0
Transitions,Transitions_mocap_mazen_c3d_airkick_walkbackwards_poses_120_jpos,63,1.26,0.029446760527026015,0
Transitions,Transitions_mocap_mazen_c3d_airkick_walkbackwards_poses_120_jpos,64,1.28,0.02948013855640847,0
Transitions,Transitions_mocap_mazen_c3d_airkick_walkbackwards_poses_120_jpos,65,1.3,0.02910219340656061,0
Transitions,Transitions_mocap_mazen_c3d_airkick_walkbackwards_poses_120_jpos,66,1.32,0.02824665426377139,0
Transitions,Transitions_mocap_mazen_c3d_airkick_walkbackwards_poses_120_jpos,67,1.34,0.027184688067370157,0
Transitions,Transitions_mocap_mazen_c3d_airkick_walkbackwards_poses_120_jpos,68,1.36,0.02614075863798898,0
Transitions,Transitions_mocap_mazen_c3d_airkick_walkbackwards_poses_120_jpos,69,1.38,0.025219405872627575,0
Transitions,Transitions_mocap_mazen_c3d_airkick_walkbackwards_poses_120_jpos,70,1.4,0.024418979574669673,0
Transitions,Transitions_mocap_mazen_c3d_airkick_walkbackwards_poses_120_jpos,71,1.42,0.02394725808367943,0
Transitions,Transitions_mocap_mazen_c3d_airkick_walkbackwards_poses_120_jpos,72,1.44,0.023563205406419284,0
Transitions,Transitions_mocap_mazen_c3d_airkick_walkbackwards_poses_120_jpos,73,1.46,0.02349199785928483,0
Transitions,Transitions_mocap_mazen_c3d_airkick_walkbackwards_poses_120_jpos,74,1.48,0.02461675711659795,0
Transitions,Transitions_mocap_mazen_c3d_airkick_walkbackwards_poses_120_jpos,75,1.5,0.02697318363989202,0
Transitions,Transitions_mocap_mazen_c3d_airkick_walkbackwards_poses_120_jpos,76,1.52,0.03316191626385603,0
Transitions,Transitions_mocap_mazen_c3d_airkick_walkbackwards_poses_120_jpos,77,1.54,0.03971631810514182,0
Transitions,Transitions_mocap_mazen_c3d_airkick_walkbackwards_poses_120_jpos,78,1.56,0.04226399196794614,0
Transitions,Transitions_mocap_mazen_c3d_airkick_walkbackwards_poses_120_jpos,79,1.58,0.0410953036007876,0
Transitions,Transitions_mocap_mazen_c3d_airkick_walkbackwards_poses_120_jpos,80,1.6,0.03980340697194112,0
Transitions,Transitions_mocap_mazen_c3d_airkick_walkbackwards_poses_120_jpos,81,1.62,0.038920778775943535,0
Transitions,Transitions_mocap_mazen_c3d_airkick_walkbackwards_poses_120_jpos,82,1.64,0.03806985231959429,0
Transitions,Transitions_mocap_mazen_c3d_airkick_walkbackwards_poses_120_jpos,83,1.66,0.03745194190872544,0
Transitions,Transitions_mocap_mazen_c3d_airkick_walkbackwards_poses_120_jpos,84,1.68,0.036922028483941674,0
Transitions,Transitions_mocap_mazen_c3d_airkick_walkbackwards_poses_120_jpos,85,1.7,0.036571660762894385,0
Transitions,Transitions_mocap_mazen_c3d_airkick_walkbackwards_poses_120_jpos,86,1.72,0.036477365224040624,0
Transitions,Transitions_mocap_mazen_c3d_airkick_walkbackwards_poses_120_jpos,87,1.74,0.03720476736340964,0
Transitions,Transitions_mocap_mazen_c3d_airkick_walkbackwards_poses_120_jpos,88,1.76,0.03836880366168735,0
Transitions,Transitions_mocap_mazen_c3d_airkick_walkbackwards_poses_120_jpos,89,1.78,0.04010518324093309,0
Transitions,Transitions_mocap_mazen_c3d_airkick_walkbackwards_poses_120_jpos,90,1.8,0.04219584895084732,0
Transitions,Transitions_mocap_mazen_c3d_airkick_walkbackwards_poses_120_jpos,91,1.82,0.04535735474062008,0
Transitions,Transitions_mocap_mazen_c3d_airkick_walkbackwards_poses_120_jpos,92,1.84,0.04940839189172352,0
Transitions,Transitions_mocap_mazen_c3d_airkick_walkbackwards_poses_120_jpos,93,1.86,0.048794185405084955,0
Transitions,Transitions_mocap_mazen_c3d_airkick_walkbackwards_poses_120_jpos,94,1.88,0.044649475209363354,0
Transitions,Transitions_mocap_mazen_c3d_airkick_walkbackwards_poses_120_jpos,95,1.9,0.04211736324311579,0
Transitions,Transitions_mocap_mazen_c3d_airkick_walkbackwards_poses_120_jpos,96,1.92,0.04041823376163005,0
Transitions,Transitions_mocap_mazen_c3d_airkick_walkbackwards_poses_120_jpos,97,1.94,0.0391479283229479,0
Transitions,Transitions_mocap_mazen_c3d_airkick_walkbackwards_poses_120_jpos,98,1.96,0.037509137601857284,0
Transitions,Transitions_mocap_mazen_c3d_airkick_walkbackwards_poses_120_jpos,99,1.98,0.03535352042263031,0
Transitions,Transitions_mocap_mazen_c3d_airkick_walkbackwards_poses_120_jpos,100,2.0,0.03251738988459755,0
Transitions,Transitions_mocap_mazen_c3d_airkick_walkbackwards_poses_120_jpos,101,2.02,0.0299921326084883,0
Transitions,Transitions_mocap_mazen_c3d_airkick_walkbackwards_poses_120_jpos,102,2.04,0.02777192594559865,0
Transitions,Transitions_mocap_mazen_c3d_airkick_walkbackwards_poses_120_jpos,103,2.06,0.02568790295132349,0
Transitions,Transitions_mocap_mazen_c3d_airkick_walkbackwards_poses_120_jpos,104,2.08,0.023804312702319433,0
Transitions,Transitions_mocap_mazen_c3d_airkick_walkbackwards_poses_120_jpos,105,2.1,0.022181566182976516,0
Transitions,Transitions_mocap_mazen_c3d_airkick_walkbackwards_poses_120_jpos,106,2.12,0.02071356758522909,0
Transitions,Transitions_mocap_mazen_c3d_airkick_walkbackwards_poses_120_jpos,107,2.14,0.019444985152661333,0
Transitions,Transitions_mocap_mazen_c3d_airkick_walkbackwards_poses_120_jpos,108,2.16,0.0179224058736127,0
Transitions,Transitions_mocap_mazen_c3d_airkick_walkbackwards_poses_120_jpos,109,2.18,0.016351689898844418,0
Transitions,Transitions_mocap_mazen_c3d_airkick_walkbackwards_poses_120_jpos,110,2.2,0.01503988715108656,0
Transitions,Transitions_mocap_mazen_c3d_airkick_walkbackwards_poses_120_jpos,111,2.22,0.01379201380715791,0
Transitions,Transitions_mocap_mazen_c3d_airkick_walkbackwards_poses_120_jpos,112,2.24,0.013133926410363114,0
Transitions,Transitions_mocap_mazen_c3d_airkick_walkbackwards_poses_120_jpos,113,2.26,0.013183675518229904,0
Transitions,Transitions_mocap_mazen_c3d_airkick_walkbackwards_poses_120_jpos,114,2.28,0.013743023891946137,0
Transitions,Transitions_mocap_mazen_c3d_airkick_walkbackwards_poses_120_jpos,115,2.3,0.015283929936814296,0
Transitions,Transitions_mocap_mazen_c3d_airkick_walkbackwards_poses_120_jpos,116,2.32,0.01700357391573727,0
Transitions,Transitions_mocap_mazen_c3d_airkick_walkbackwards_poses_120_jpos,117,2.34,0.018668025120676453,0
Transitions,Transitions_mocap_mazen_c3d_airkick_walkbackwards_poses_120_jpos,118,2.36,0.021359361997126923,0
Transitions,Transitions_mocap_mazen_c3d_airkick_walkbackwards_poses_120_jpos,119,2.38,0.024686561906412753,0
Transitions,Transitions_mocap_mazen_c3d_airkick_walkbackwards_poses_120_jpos,120,2.4,0.029039343496348097,0
Transitions,Transitions_mocap_mazen_c3d_airkick_walkbackwards_poses_120_jpos,121,2.42,0.03703609723559396,0
Transitions,Transitions_mocap_mazen_c3d_airkick_walkbackwards_poses_120_jpos,122,2.44,0.05382425006371246,0
Transitions,Transitions_mocap_mazen_c3d_airkick_walkbackwards_poses_120_jpos,123,2.46,0.07888646505278511,1
Transitions,Transitions_mocap_mazen_c3d_airkick_walkbackwards_poses_120_jpos,124,2.48,0.08609837701187538,1
Transitions,Transitions_mocap_mazen_c3d_airkick_walkbackwards_poses_120_jpos,125,2.5,0.08931263226836468,1
Transitions,Transitions_mocap_mazen_c3d_airkick_walkbackwards_poses_120_jpos,126,2.52,0.08895941777503456,1
Transitions,Transitions_mocap_mazen_c3d_airkick_walkbackwards_poses_120_jpos,127,2.54,0.08913964679562018,1
Transitions,Transitions_mocap_mazen_c3d_airkick_walkbackwards_poses_120_jpos,128,2.56,0.09030252948500332,1
Transitions,Transitions_mocap_mazen_c3d_airkick_walkbackwards_poses_120_jpos,129,2.58,0.0928548926380692,1
Transitions,Transitions_mocap_mazen_c3d_airkick_walkbackwards_poses_120_jpos,130,2.6,0.0965303717160258,1
Transitions,Transitions_mocap_mazen_c3d_airkick_walkbackwards_poses_120_jpos,131,2.62,0.0998880808161103,1
Transitions,Transitions_mocap_mazen_c3d_airkick_walkbackwards_poses_120_jpos,132,2.64,0.10293927160694179,1
Transitions,Transitions_mocap_mazen_c3d_airkick_walkbackwards_poses_120_jpos,133,2.66,0.10569473636436254,1
Transitions,Transitions_mocap_mazen_c3d_airkick_walkbackwards_poses_120_jpos,134,2.68,0.1085400962462316,1
Transitions,Transitions_mocap_mazen_c3d_airkick_walkbackwards_poses_120_jpos,135,2.7,0.11114665658842715,1
Transitions,Transitions_mocap_mazen_c3d_airkick_walkbackwards_poses_120_jpos,136,2.72,0.11308885813600908,1
Transitions,Transitions_mocap_mazen_c3d_airkick_walkbackwards_poses_120_jpos,137,2.74,0.11482496108830709,1
Transitions,Transitions_mocap_mazen_c3d_airkick_walkbackwards_poses_120_jpos,138,2.76,0.11633537895608238,1
Transitions,Transitions_mocap_mazen_c3d_airkick_walkbackwards_poses_120_jpos,139,2.78,0.11869881989956681,1
Transitions,Transitions_mocap_mazen_c3d_airkick_walkbackwards_poses_120_jpos,140,2.8,0.121248674172746,1
Transitions,Transitions_mocap_mazen_c3d_airkick_walkbackwards_poses_120_jpos,141,2.82,0.12297478599138247,1
Transitions,Transitions_mocap_mazen_c3d_airkick_walkbackwards_poses_120_jpos,142,2.84,0.12399472626330545,1
Transitions,Transitions_mocap_mazen_c3d_airkick_walkbackwards_poses_120_jpos,143,2.86,0.1252038530397926,1
Transitions,Transitions_mocap_mazen_c3d_airkick_walkbackwards_poses_120_jpos,144,2.88,0.13238108581584465,1
Transitions,Transitions_mocap_mazen_c3d_airkick_walkbackwards_poses_120_jpos,145,2.9,0.1356864473500265,1
Transitions,Transitions_mocap_mazen_c3d_airkick_walkbackwards_poses_120_jpos,146,2.92,0.13085565509563596,1
Transitions,Transitions_mocap_mazen_c3d_airkick_walkbackwards_poses_120_jpos,147,2.94,0.12872676883241738,1
Transitions,Transitions_mocap_mazen_c3d_airkick_walkbackwards_poses_120_jpos,148,2.96,0.1259775899053539,1
Transitions,Transitions_mocap_mazen_c3d_airkick_walkbackwards_poses_120_jpos,149,2.98,0.12344682777099268,1
Transitions,Transitions_mocap_mazen_c3d_airkick_walkbackwards_poses_120_jpos,150,3.0,0.1199772455629728,1
Transitions,Transitions_mocap_mazen_c3d_airkick_walkbackwards_poses_120_jpos,151,3.02,0.11736615093309512,1
Transitions,Transitions_mocap_mazen_c3d_airkick_walkbackwards_poses_120_jpos,152,3.04,0.11451669244362406,1
Transitions,Transitions_mocap_mazen_c3d_airkick_walkbackwards_poses_120_jpos,153,3.06,0.11180981347567426,1
Transitions,Transitions_mocap_mazen_c3d_airkick_walkbackwards_poses_120_jpos,154,3.08,0.1091602722168841,1
Transitions,Transitions_mocap_mazen_c3d_airkick_walkbackwards_poses_120_jpos,155,3.1,0.1056871108881185,1
Transitions,Transitions_mocap_mazen_c3d_airkick_walkbackwards_poses_120_jpos,156,3.12,0.10093590458627197,1
Transitions,Transitions_mocap_mazen_c3d_airkick_walkbackwards_poses_120_jpos,157,3.14,0.09639598208048018,1
Transitions,Transitions_mocap_mazen_c3d_airkick_walkbackwards_poses_120_jpos,158,3.16,0.09262148174109083,1
Transitions,Transitions_mocap_mazen_c3d_airkick_walkbackwards_poses_120_jpos,159,3.18,0.08957156117828899,1
Transitions,Transitions_mocap_mazen_c3d_airkick_walkbackwards_poses_120_jpos,160,3.2,0.08885552761545888,1
Transitions,Transitions_mocap_mazen_c3d_airkick_walkbackwards_poses_120_jpos,161,3.22,0.09221724089654591,1
Transitions,Transitions_mocap_mazen_c3d_airkick_walkbackwards_poses_120_jpos,162,3.24,0.09842904054755153,1
Transitions,Transitions_mocap_mazen_c3d_airkick_walkbackwards_poses_120_jpos,163,3.26,0.10537655074484294,1
Transitions,Transitions_mocap_mazen_c3d_airkick_walkbackwards_poses_120_jpos,164,3.28,0.11022444033015792,1
Transitions,Transitions_mocap_mazen_c3d_airkick_walkbackwards_poses_120_jpos,165,3.3,0.11254935686759292,1
Transitions,Transitions_mocap_mazen_c3d_airkick_walkbackwards_poses_120_jpos,166,3.32,0.11156578049287044,1
Transitions,Transitions_mocap_mazen_c3d_airkick_walkbackwards_poses_120_jpos,167,3.34,0.10812355527845478,1
Transitions,Transitions_mocap_mazen_c3d_airkick_walkbackwards_poses_120_jpos,168,3.36,0.10475923380909632,1
Transitions,Transitions_mocap_mazen_c3d_airkick_walkbackwards_poses_120_jpos,169,3.38,0.10047693839000242,1
Transitions,Transitions_mocap_mazen_c3d_airkick_walkbackwards_poses_120_jpos,170,3.4,0.0943834467622968,1
Transitions,Transitions_mocap_mazen_c3d_airkick_walkbackwards_poses_120_jpos,171,3.42,0.08573196611219618,1
Transitions,Transitions_mocap_mazen_c3d_airkick_walkbackwards_poses_120_jpos,172,3.44,0.07336282036915596,1
Transitions,Transitions_mocap_mazen_c3d_airkick_walkbackwards_poses_120_jpos,173,3.46,0.054631810809809854,0
Transitions,Transitions_mocap_mazen_c3d_airkick_walkbackwards_poses_120_jpos,174,3.48,0.03608567421902772,0
Transitions,Transitions_mocap_mazen_c3d_airkick_walkbackwards_poses_120_jpos,175,3.5,0.03167178608663781,0
Transitions,Transitions_mocap_mazen_c3d_airkick_walkbackwards_poses_120_jpos,176,3.52,0.03397323082716632,0
Transitions,Transitions_mocap_mazen_c3d_airkick_walkbackwards_poses_120_jpos,177,3.54,0.0329333007787749,0
Transitions,Transitions_mocap_mazen_c3d_airkick_walkbackwards_poses_120_jpos,178,3.56,0.03164223433927602,0
Transitions,Transitions_mocap_mazen_c3d_airkick_walkbackwards_poses_120_jpos,179,3.58,0.03173846984748302,0
Transitions,Transitions_mocap_mazen_c3d_airkick_walkbackwards_poses_120_jpos,180,3.6,0.03405790276414968,0
Transitions,Transitions_mocap_mazen_c3d_airkick_walkbackwards_poses_120_jpos,181,3.62,0.03643660200390188,0
Transitions,Transitions_mocap_mazen_c3d_airkick_walkbackwards_poses_120_jpos,182,3.64,0.03802721138361751,0
Transitions,Transitions_mocap_mazen_c3d_airkick_walkbackwards_poses_120_jpos,183,3.66,0.040025493712077316,0
Transitions,Transitions_mocap_mazen_c3d_airkick_walkbackwards_poses_120_jpos,184,3.68,0.042425055972141974,0
Transitions,Transitions_mocap_mazen_c3d_airkick_walkbackwards_poses_120_jpos,185,3.7,0.04430917128480281,0
Transitions,Transitions_mocap_mazen_c3d_airkick_walkbackwards_poses_120_jpos,186,3.72,0.045520904618179536,0
Transitions,Transitions_mocap_mazen_c3d_airkick_walkbackwards_poses_120_jpos,187,3.74,0.04587768011279558,0
Transitions,Transitions_mocap_mazen_c3d_airkick_walkbackwards_poses_120_jpos,188,3.76,0.046281467023030036,0
Transitions,Transitions_mocap_mazen_c3d_airkick_walkbackwards_poses_120_jpos,189,3.78,0.046370449775243586,0
Transitions,Transitions_mocap_mazen_c3d_airkick_walkbackwards_poses_120_jpos,190,3.8,0.046140600815729106,0
Transitions,Transitions_mocap_mazen_c3d_airkick_walkbackwards_poses_120_jpos,191,3.82,0.04586957464258517,0
Transitions,Transitions_mocap_mazen_c3d_airkick_walkbackwards_poses_120_jpos,192,3.84,0.04597654637476864,0
Transitions,Transitions_mocap_mazen_c3d_airkick_walkbackwards_poses_120_jpos,193,3.86,0.04626435757697834,0
Transitions,Transitions_mocap_mazen_c3d_airkick_walkbackwards_poses_120_jpos,194,3.88,0.04748639712216773,0
Transitions,Transitions_mocap_mazen_c3d_airkick_walkbackwards_poses_120_jpos,195,3.9,0.04975257997902297,0
Transitions,Transitions_mocap_mazen_c3d_airkick_walkbackwards_poses_120_jpos,196,3.92,0.0528726374760946,0
Transitions,Transitions_mocap_mazen_c3d_airkick_walkbackwards_poses_120_jpos,197,3.94,0.05563952892645153,0
Transitions,Transitions_mocap_mazen_c3d_airkick_walkbackwards_poses_120_jpos,198,3.96,0.05655275991054896,0
Transitions,Transitions_mocap_mazen_c3d_airkick_walkbackwards_poses_120_jpos,199,3.98,0.055104911193923474,0
Transitions,Transitions_mocap_mazen_c3d_airkick_walkbackwards_poses_120_jpos,200,4.0,0.04847276355508499,0
Transitions,Transitions_mocap_mazen_c3d_airkick_walkbackwards_poses_120_jpos,201,4.02,0.04324943047099431,0
Transitions,Transitions_mocap_mazen_c3d_airkick_walkbackwards_poses_120_jpos,202,4.04,0.044815528172008214,0
Transitions,Transitions_mocap_mazen_c3d_airkick_walkbackwards_poses_120_jpos,203,4.06,0.04042908457140366,0
Transitions,Transitions_mocap_mazen_c3d_airkick_walkbackwards_poses_120_jpos,204,4.08,0.0356557562766273,0
Transitions,Transitions_mocap_mazen_c3d_airkick_walkbackwards_poses_120_jpos,205,4.1,0.03142385117284536,0
Transitions,Transitions_mocap_mazen_c3d_airkick_walkbackwards_poses_120_jpos,206,4.12,0.030926879761081487,0
Transitions,Transitions_mocap_mazen_c3d_airkick_walkbackwards_poses_120_jpos,207,4.14,0.03432828244427846,0
Transitions,Transitions_mocap_mazen_c3d_airkick_walkbackwards_poses_120_jpos,208,4.16,0.041388025837156346,0
Transitions,Transitions_mocap_mazen_c3d_airkick_walkbackwards_poses_120_jpos,209,4.18,0.0504067455984702,0
Transitions,Transitions_mocap_mazen_c3d_airkick_walkbackwards_poses_120_jpos,210,4.2,0.05224789001708061,0
Transitions,Transitions_mocap_mazen_c3d_airkick_walkbackwards_poses_120_jpos,211,4.22,0.0544367168330348,0
Transitions,Transitions_mocap_mazen_c3d_airkick_walkbackwards_poses_120_jpos,212,4.24,0.056823768912573604,0
Transitions,Transitions_mocap_mazen_c3d_airkick_walkbackwards_poses_120_jpos,213,4.26,0.058904121212747455,0
Transitions,Transitions_mocap_mazen_c3d_airkick_walkbackwards_poses_120_jpos,214,4.28,0.059666734075114795,0
Transitions,Transitions_mocap_mazen_c3d_airkick_walkbackwards_poses_120_jpos,215,4.3,0.06025014815155905,1
Transitions,Transitions_mocap_mazen_c3d_airkick_walkbackwards_poses_120_jpos,216,4.32,0.06006562945770002,1
Transitions,Transitions_mocap_mazen_c3d_airkick_walkbackwards_poses_120_jpos,217,4.34,0.060870625700671414,1
Transitions,Transitions_mocap_mazen_c3d_airkick_walkbackwards_poses_120_jpos,218,4.36,0.06236087197008389,1
Transitions,Transitions_mocap_mazen_c3d_airkick_walkbackwards_poses_120_jpos,219,4.38,0.06423954253700444,1
Transitions,Transitions_mocap_mazen_c3d_airkick_walkbackwards_poses_120_jpos,220,4.4,0.06611592992936358,1
Transitions,Transitions_mocap_mazen_c3d_airkick_walkbackwards_poses_120_jpos,221,4.42,0.06753748858779862,1
Transitions,Transitions_mocap_mazen_c3d_airkick_walkbackwards_poses_120_jpos,222,4.44,0.06899424600873343,1
Transitions,Transitions_mocap_mazen_c3d_airkick_walkbackwards_poses_120_jpos,223,4.46,0.06985322318182767,1
Transitions,Transitions_mocap_mazen_c3d_airkick_walkbackwards_poses_120_jpos,224,4.48,0.06982758223898418,1
Transitions,Transitions_mocap_mazen_c3d_airkick_walkbackwards_poses_120_jpos,225,4.5,0.05841085127392293,0
Transitions,Transitions_mocap_mazen_c3d_airkick_walkbackwards_poses_120_jpos,226,4.52,0.046782241691268496,0
Transitions,Transitions_mocap_mazen_c3d_airkick_walkbackwards_poses_120_jpos,227,4.54,0.03982866206306619,0
Transitions,Transitions_mocap_mazen_c3d_airkick_walkbackwards_poses_120_jpos,228,4.56,0.03920889747665164,0
Transitions,Transitions_mocap_mazen_c3d_airkick_walkbackwards_poses_120_jpos,229,4.58,0.03764658724509885,0
Transitions,Transitions_mocap_mazen_c3d_airkick_walkbackwards_poses_120_jpos,230,4.6,0.03645733071698758,0
Transitions,Transitions_mocap_mazen_c3d_airkick_walkbackwards_poses_120_jpos,231,4.62,0.03744696758428946,0
Transitions,Transitions_mocap_mazen_c3d_airkick_walkbackwards_poses_120_jpos,232,4.64,0.037891976861314215,0
Transitions,Transitions_mocap_mazen_c3d_airkick_walkbackwards_poses_120_jpos,233,4.66,0.03759985180676812,0
Transitions,Transitions_mocap_mazen_c3d_airkick_walkbackwards_poses_120_jpos,234,4.68,0.038139028863354,0
Transitions,Transitions_mocap_mazen_c3d_airkick_walkbackwards_poses_120_jpos,235,4.7,0.03967326656573512,0
Transitions,Transitions_mocap_mazen_c3d_airkick_walkbackwards_poses_120_jpos,236,4.72,0.04133349385536963,0
Transitions,Transitions_mocap_mazen_c3d_airkick_walkbackwards_poses_120_jpos,237,4.74,0.04208276357607681,0
Transitions,Transitions_mocap_mazen_c3d_airkick_walkbackwards_poses_120_jpos,238,4.76,0.04292470607958043,0
Transitions,Transitions_mocap_mazen_c3d_airkick_walkbackwards_poses_120_jpos,239,4.78,0.04375934216440519,0
Transitions,Transitions_mocap_mazen_c3d_airkick_walkbackwards_poses_120_jpos,240,4.8,0.044700920222032,0
Transitions,Transitions_mocap_mazen_c3d_airkick_walkbackwards_poses_120_jpos,241,4.82,0.04488610296836254,0
Transitions,Transitions_mocap_mazen_c3d_airkick_walkbackwards_poses_120_jpos,242,4.84,0.044575113929453646,0
Transitions,Transitions_mocap_mazen_c3d_airkick_walkbackwards_poses_120_jpos,243,4.86,0.04437642019345648,0
Transitions,Transitions_mocap_mazen_c3d_airkick_walkbackwards_poses_120_jpos,244,4.88,0.04365919992628854,0
Transitions,Transitions_mocap_mazen_c3d_airkick_walkbackwards_poses_120_jpos,245,4.9,0.043192152264940664,0
Transitions,Transitions_mocap_mazen_c3d_airkick_walkbackwards_poses_120_jpos,246,4.92,0.04345430165672397,0
Transitions,Transitions_mocap_mazen_c3d_airkick_walkbackwards_poses_120_jpos,247,4.94,0.04442317099147204,0
Transitions,Transitions_mocap_mazen_c3d_airkick_walkbackwards_poses_120_jpos,248,4.96,0.04530929361027785,0
Transitions,Transitions_mocap_mazen_c3d_airkick_walkbackwards_poses_120_jpos,249,4.98,0.045668448918987366,0
Transitions,Transitions_mocap_mazen_c3d_airkick_walkbackwards_poses_120_jpos,250,5.0,0.04523197689832294,0
Transitions,Transitions_mocap_mazen_c3d_airkick_walkbackwards_poses_120_jpos,251,5.02,0.04380737167993024,0
Transitions,Transitions_mocap_mazen_c3d_airkick_walkbackwards_poses_120_jpos,252,5.04,0.041981548560540614,0
Transitions,Transitions_mocap_mazen_c3d_airkick_walkbackwards_poses_120_jpos,253,5.06,0.040154501993604534,0
Transitions,Transitions_mocap_mazen_c3d_airkick_walkbackwards_poses_120_jpos,254,5.08,0.03791790657427432,0
Transitions,Transitions_mocap_mazen_c3d_airkick_walkbackwards_poses_120_jpos,255,5.1,0.03604134498809197,0
Transitions,Transitions_mocap_mazen_c3d_airkick_walkbackwards_poses_120_jpos,256,5.12,0.03447269246482457,0
Transitions,Transitions_mocap_mazen_c3d_airkick_walkbackwards_poses_120_jpos,257,5.14,0.03339091203997937,0
Transitions,Transitions_mocap_mazen_c3d_airkick_walkbackwards_poses_120_jpos,258,5.16,0.034547859152317485,0
Transitions,Transitions_mocap_mazen_c3d_airkick_walkbackwards_poses_120_jpos,259,5.18,0.0383830696135406,0
Transitions,Transitions_mocap_mazen_c3d_airkick_walkbackwards_poses_120_jpos,260,5.2,0.0446534913077822,0
Transitions,Transitions_mocap_mazen_c3d_airkick_walkbackwards_poses_120_jpos,261,5.22,0.051838612842127624,0
Transitions,Transitions_mocap_mazen_c3d_airkick_walkbackwards_poses_120_jpos,262,5.24,0.05476860026157427,0
Transitions,Transitions_mocap_mazen_c3d_airkick_walkbackwards_poses_120_jpos,263,5.26,0.05791840425178938,0
Transitions,Transitions_mocap_mazen_c3d_airkick_walkbackwards_poses_120_jpos,264,5.28,0.06151010906741199,1
Transitions,Transitions_mocap_mazen_c3d_airkick_walkbackwards_poses_120_jpos,265,5.3,0.06406104237655531,1
Transitions,Transitions_mocap_mazen_c3d_airkick_walkbackwards_poses_120_jpos,266,5.32,0.06432570217405385,1
Transitions,Transitions_mocap_mazen_c3d_airkick_walkbackwards_poses_120_jpos,267,5.34,0.0628200697738594,1
Transitions,Transitions_mocap_mazen_c3d_airkick_walkbackwards_poses_120_jpos,268,5.36,0.060657454665229725,1
Transitions,Transitions_mocap_mazen_c3d_airkick_walkbackwards_poses_120_jpos,269,5.38,0.05897234641778149,0
Transitions,Transitions_mocap_mazen_c3d_airkick_walkbackwards_poses_120_jpos,270,5.4,0.05793694615817658,0
Transitions,Transitions_mocap_mazen_c3d_airkick_walkbackwards_poses_120_jpos,271,5.42,0.05758589251600988,0
Transitions,Transitions_mocap_mazen_c3d_airkick_walkbackwards_poses_120_jpos,272,5.44,0.05810565387297572,0
Transitions,Transitions_mocap_mazen_c3d_airkick_walkbackwards_poses_120_jpos,273,5.46,0.05922656168137718,0
Transitions,Transitions_mocap_mazen_c3d_airkick_walkbackwards_poses_120_jpos,274,5.48,0.06081311538004317,1
Transitions,Transitions_mocap_mazen_c3d_airkick_walkbackwards_poses_120_jpos,275,5.5,0.06279115223803149,1
Transitions,Transitions_mocap_mazen_c3d_airkick_walkbackwards_poses_120_jpos,276,5.52,0.06550576319086092,1
Transitions,Transitions_mocap_mazen_c3d_airkick_walkbackwards_poses_120_jpos,277,5.54,0.06846451460086718,1
Transitions,Transitions_mocap_mazen_c3d_airkick_walkbackwards_poses_120_jpos,278,5.56,0.07197410262846307,1
Transitions,Transitions_mocap_mazen_c3d_airkick_walkbackwards_poses_120_jpos,279,5.58,0.06092226570584582,1
Transitions,Transitions_mocap_mazen_c3d_airkick_walkbackwards_poses_120_jpos,280,5.6,0.04973951715304534,0
Transitions,Transitions_mocap_mazen_c3d_airkick_walkbackwards_poses_120_jpos,281,5.62,0.04733696015475738,0
Transitions,Transitions_mocap_mazen_c3d_airkick_walkbackwards_poses_120_jpos,282,5.64,0.044076422047698745,0
Transitions,Transitions_mocap_mazen_c3d_airkick_walkbackwards_poses_120_jpos,283,5.66,0.039690335941516657,0
Transitions,Transitions_mocap_mazen_c3d_airkick_walkbackwards_poses_120_jpos,284,5.68,0.03653559392037212,0
Transitions,Transitions_mocap_mazen_c3d_airkick_walkbackwards_poses_120_jpos,285,5.7,0.034525413041315026,0
Transitions,Transitions_mocap_mazen_c3d_airkick_walkbackwards_poses_120_jpos,286,5.72,0.032772867038240894,0
Transitions,Transitions_mocap_mazen_c3d_airkick_walkbackwards_poses_120_jpos,287,5.74,0.030984578323474454,0
Transitions,Transitions_mocap_mazen_c3d_airkick_walkbackwards_poses_120_jpos,288,5.76,0.030024040171644027,0
Transitions,Transitions_mocap_mazen_c3d_airkick_walkbackwards_poses_120_jpos,289,5.78,0.029404899822276932,0
Transitions,Transitions_mocap_mazen_c3d_airkick_walkbackwards_poses_120_jpos,290,5.8,0.028911573808069663,0
Transitions,Transitions_mocap_mazen_c3d_airkick_walkbackwards_poses_120_jpos,291,5.82,0.02805529360034463,0
Transitions,Transitions_mocap_mazen_c3d_airkick_walkbackwards_poses_120_jpos,292,5.84,0.027870683426314463,0
Transitions,Transitions_mocap_mazen_c3d_airkick_walkbackwards_poses_120_jpos,293,5.86,0.02763294783688383,0
Transitions,Transitions_mocap_mazen_c3d_airkick_walkbackwards_poses_120_jpos,294,5.88,0.02828718903438277,0
Transitions,Transitions_mocap_mazen_c3d_airkick_walkbackwards_poses_120_jpos,295,5.9,0.02884839154943865,0
Transitions,Transitions_mocap_mazen_c3d_airkick_walkbackwards_poses_120_jpos,296,5.92,0.02974095403345091,0
Transitions,Transitions_mocap_mazen_c3d_airkick_walkbackwards_poses_120_jpos,297,5.94,0.030298184183774862,0
Transitions,Transitions_mocap_mazen_c3d_airkick_walkbackwards_poses_120_jpos,298,5.96,0.030610048758793557,0
Transitions,Transitions_mocap_mazen_c3d_airkick_walkbackwards_poses_120_jpos,299,5.98,0.030913612493362316,0
Transitions,Transitions_mocap_mazen_c3d_airkick_walkbackwards_poses_120_jpos,300,6.0,0.03048993439145606,0
Transitions,Transitions_mocap_mazen_c3d_airkick_walkbackwards_poses_120_jpos,301,6.02,0.03020415600246499,0
Transitions,Transitions_mocap_mazen_c3d_airkick_walkbackwards_poses_120_jpos,302,6.04,0.029186116914741593,0
Transitions,Transitions_mocap_mazen_c3d_airkick_walkbackwards_poses_120_jpos,303,6.06,0.028566717217379155,0
Transitions,Transitions_mocap_mazen_c3d_airkick_walkbackwards_poses_120_jpos,304,6.08,0.027825874794967502,0
Transitions,Transitions_mocap_mazen_c3d_airkick_walkbackwards_poses_120_jpos,305,6.1,0.02719647477448415,0
Transitions,Transitions_mocap_mazen_c3d_airkick_walkbackwards_poses_120_jpos,306,6.12,0.02714685663662001,0
Transitions,Transitions_mocap_mazen_c3d_airkick_walkbackwards_poses_120_jpos,307,6.14,0.02745929215429914,0
Transitions,Transitions_mocap_mazen_c3d_airkick_walkbackwards_poses_120_jpos,308,6.16,0.02872494690603955,0
Transitions,Transitions_mocap_mazen_c3d_airkick_walkbackwards_poses_120_jpos,309,6.18,0.030509930633142467,0
Transitions,Transitions_mocap_mazen_c3d_airkick_walkbackwards_poses_120_jpos,310,6.2,0.034307948987176894,0
Transitions,Transitions_mocap_mazen_c3d_airkick_walkbackwards_poses_120_jpos,311,6.22,0.04244839265089451,0
Transitions,Transitions_mocap_mazen_c3d_airkick_walkbackwards_poses_120_jpos,312,6.24,0.05565957868230808,0
Transitions,Transitions_mocap_mazen_c3d_airkick_walkbackwards_poses_120_jpos,313,6.26,0.06915220023417701,1
Transitions,Transitions_mocap_mazen_c3d_airkick_walkbackwards_poses_120_jpos,314,6.28,0.07470520735721438,1
Transitions,Transitions_mocap_mazen_c3d_airkick_walkbackwards_poses_120_jpos,315,6.3,0.0720908539937433,1
Transitions,Transitions_mocap_mazen_c3d_airkick_walkbackwards_poses_120_jpos,316,6.32,0.07021740524851335,1
Transitions,Transitions_mocap_mazen_c3d_airkick_walkbackwards_poses_120_jpos,317,6.34,0.06874195004649161,1
Transitions,Transitions_mocap_mazen_c3d_airkick_walkbackwards_poses_120_jpos,318,6.36,0.06707260699426407,1
Transitions,Transitions_mocap_mazen_c3d_airkick_walkbackwards_poses_120_jpos,319,6.38,0.06483957516920705,1
Transitions,Transitions_mocap_mazen_c3d_airkick_walkbackwards_poses_120_jpos,320,6.4,0.06258897320382412,1
Transitions,Transitions_mocap_mazen_c3d_airkick_walkbackwards_poses_120_jpos,321,6.42,0.05967308487639069,0
Transitions,Transitions_mocap_mazen_c3d_airkick_walkbackwards_poses_120_jpos,322,6.44,0.056524615846557096,0
Transitions,Transitions_mocap_mazen_c3d_airkick_walkbackwards_poses_120_jpos,323,6.46,0.05298425904274786,0
Transitions,Transitions_mocap_mazen_c3d_airkick_walkbackwards_poses_120_jpos,324,6.48,0.04969948748322299,0
Transitions,Transitions_mocap_mazen_c3d_airkick_walkbackwards_poses_120_jpos,325,6.5,0.04676225436085551,0
Transitions,Transitions_mocap_mazen_c3d_airkick_walkbackwards_poses_120_jpos,326,6.52,0.04464696886103179,0
Transitions,Transitions_mocap_mazen_c3d_airkick_walkbackwards_poses_120_jpos,327,6.54,0.04299529311502259,0
Transitions,Transitions_mocap_mazen_c3d_airkick_walkbackwards_poses_120_jpos,328,6.56,0.04121201673676827,0
Transitions,Transitions_mocap_mazen_c3d_airkick_walkbackwards_poses_120_jpos,329,6.58,0.03950783417867445,0
Transitions,Transitions_mocap_mazen_c3d_airkick_walkbackwards_poses_120_jpos,330,6.6,0.037844926435549396,0
Transitions,Transitions_mocap_mazen_c3d_airkick_walkbackwards_poses_120_jpos,331,6.62,0.03616412632104095,0
Transitions,Transitions_mocap_mazen_c3d_airkick_walkbackwards_poses_120_jpos,332,6.64,0.035393917727976766,0
Transitions,Transitions_mocap_mazen_c3d_airkick_walkbackwards_poses_120_jpos,333,6.66,0.035776937835014615,0
Transitions,Transitions_mocap_mazen_c3d_airkick_walkbackwards_poses_120_jpos,334,6.68,0.037066215875209085,0
Transitions,Transitions_mocap_mazen_c3d_airkick_walkbackwards_poses_120_jpos,335,6.7,0.03801576325361958,0
Transitions,Transitions_mocap_mazen_c3d_airkick_walkbackwards_poses_120_jpos,336,6.72,0.041313545840657405,0
Transitions,Transitions_mocap_mazen_c3d_airkick_walkbackwards_poses_120_jpos,337,6.74,0.04847596804975485,0
Transitions,Transitions_mocap_mazen_c3d_airkick_walkbackwards_poses_120_jpos,338,6.76,0.05339028320712504,0
Transitions,Transitions_mocap_mazen_c3d_airkick_walkbackwards_poses_120_jpos,339,6.78,0.055401018889788496,0
Transitions,Transitions_mocap_mazen_c3d_airkick_walkbackwards_poses_120_jpos,340,6.8,0.056085307552172774,0
Transitions,Transitions_mocap_mazen_c3d_airkick_walkbackwards_poses_120_jpos,341,6.82,0.0554175239844466,0
Transitions,Transitions_mocap_mazen_c3d_airkick_walkbackwards_poses_120_jpos,342,6.84,0.05289573093420306,0
Transitions,Transitions_mocap_mazen_c3d_airkick_walkbackwards_poses_120_jpos,343,6.86,0.04907112686108419,0
Transitions,Transitions_mocap_mazen_c3d_airkick_walkbackwards_poses_120_jpos,344,6.88,0.045781066191731175,0
Transitions,Transitions_mocap_mazen_c3d_airkick_walkbackwards_poses_120_jpos,345,6.9,0.042468769486985455,0
Transitions,Transitions_mocap_mazen_c3d_airkick_walkbackwards_poses_120_jpos,346,6.92,0.038613185551163186,0
Transitions,Transitions_mocap_mazen_c3d_airkick_walkbackwards_poses_120_jpos,347,6.94,0.035136053095488604,0
Transitions,Transitions_mocap_mazen_c3d_airkick_walkbackwards_poses_120_jpos,348,6.96,0.031849130364485854,0
Transitions,Transitions_mocap_mazen_c3d_airkick_walkbackwards_poses_120_jpos,349,6.98,0.028854550851771077,0
Transitions,Transitions_mocap_mazen_c3d_airkick_walkbackwards_poses_120_jpos,350,7.0,0.025892674531741204,0
Transitions,Transitions_mocap_mazen_c3d_airkick_walkbackwards_poses_120_jpos,351,7.02,0.023700485134308787,0
Transitions,Transitions_mocap_mazen_c3d_airkick_walkbackwards_poses_120_jpos,352,7.04,0.021921578930202995,0
Transitions,Transitions_mocap_mazen_c3d_airkick_walkbackwards_poses_120_jpos,353,7.06,0.02092032979277294,0
Transitions,Transitions_mocap_mazen_c3d_airkick_walkbackwards_poses_120_jpos,354,7.08,0.018964998968587755,0
Transitions,Transitions_mocap_mazen_c3d_airkick_walkbackwards_poses_120_jpos,355,7.1,0.016128441442697684,0
Transitions,Transitions_mocap_mazen_c3d_airkick_walkbackwards_poses_120_jpos,356,7.12,0.015910445927528584,0
Transitions,Transitions_mocap_mazen_c3d_airkick_walkbackwards_poses_120_jpos,357,7.14,0.016331710417044336,0
Transitions,Transitions_mocap_mazen_c3d_airkick_walkbackwards_poses_120_jpos,358,7.16,0.017129377428123885,0
Transitions,Transitions_mocap_mazen_c3d_airkick_walkbackwards_poses_120_jpos,359,7.18,0.01899383295735494,0
Transitions,Transitions_mocap_mazen_c3d_airkick_walkbackwards_poses_120_jpos,360,7.2,0.02080422729808809,0
Transitions,Transitions_mocap_mazen_c3d_airkick_walkbackwards_poses_120_jpos,361,7.22,0.022264615438413335,0
Transitions,Transitions_mocap_mazen_c3d_airkick_walkbackwards_poses_120_jpos,362,7.24,0.024307179709058123,0
Transitions,Transitions_mocap_mazen_c3d_airkick_walkbackwards_poses_120_jpos,363,7.26,0.026759150413804507,0
Transitions,Transitions_mocap_mazen_c3d_airkick_walkbackwards_poses_120_jpos,364,7.28,0.030669540211130532,0
Transitions,Transitions_mocap_mazen_c3d_airkick_walkbackwards_poses_120_jpos,365,7.3,0.03783257564170773,0
Transitions,Transitions_mocap_mazen_c3d_airkick_walkbackwards_poses_120_jpos,366,7.32,0.051011932771112455,0
Transitions,Transitions_mocap_mazen_c3d_airkick_walkbackwards_poses_120_jpos,367,7.34,0.06621251470908454,1
Transitions,Transitions_mocap_mazen_c3d_airkick_walkbackwards_poses_120_jpos,368,7.36,0.07273352897002015,1
Transitions,Transitions_mocap_mazen_c3d_airkick_walkbackwards_poses_120_jpos,369,7.38,0.07065244751605744,1
Transitions,Transitions_mocap_mazen_c3d_airkick_walkbackwards_poses_120_jpos,370,7.4,0.06879928271971865,1
Transitions,Transitions_mocap_mazen_c3d_airkick_walkbackwards_poses_120_jpos,371,7.42,0.06728898927878081,1
Transitions,Transitions_mocap_mazen_c3d_airkick_walkbackwards_poses_120_jpos,372,7.44,0.06570864926532659,1
Transitions,Transitions_mocap_mazen_c3d_airkick_walkbackwards_poses_120_jpos,373,7.46,0.06423848976370106,1
Transitions,Transitions_mocap_mazen_c3d_airkick_walkbackwards_poses_120_jpos,374,7.48,0.062085397970168966,1
Transitions,Transitions_mocap_mazen_c3d_airkick_walkbackwards_poses_120_jpos,375,7.5,0.05929224568208142,0
Transitions,Transitions_mocap_mazen_c3d_airkick_walkbackwards_poses_120_jpos,376,7.52,0.05611722183263016,0
Transitions,Transitions_mocap_mazen_c3d_airkick_walkbackwards_poses_120_jpos,377,7.54,0.05285730667484371,0
Transitions,Transitions_mocap_mazen_c3d_airkick_walkbackwards_poses_120_jpos,378,7.56,0.04922640680111541,0
Transitions,Transitions_mocap_mazen_c3d_airkick_walkbackwards_poses_120_jpos,379,7.58,0.04634072136973186,0
Transitions,Transitions_mocap_mazen_c3d_airkick_walkbackwards_poses_120_jpos,380,7.6,0.04486701427172458,0
Transitions,Transitions_mocap_mazen_c3d_airkick_walkbackwards_poses_120_jpos,381,7.62,0.04492709562486724,0
Transitions,Transitions_mocap_mazen_c3d_airkick_walkbackwards_poses_120_jpos,382,7.64,0.03893444195083812,0
Transitions,Transitions_mocap_mazen_c3d_airkick_walkbackwards_poses_120_jpos,383,7.66,0.03677485480265669,0
Transitions,Transitions_mocap_mazen_c3d_airkick_walkbackwards_poses_120_jpos,384,7.68,0.036268336466934684,0
Transitions,Transitions_mocap_mazen_c3d_airkick_walkbackwards_poses_120_jpos,385,7.7,0.03704700098802056,0
Transitions,Transitions_mocap_mazen_c3d_airkick_walkbackwards_poses_120_jpos,386,7.72,0.03830728842119251,0
Transitions,Transitions_mocap_mazen_c3d_airkick_walkbackwards_poses_120_jpos,387,7.74,0.03819567230052607,0
Transitions,Transitions_mocap_mazen_c3d_airkick_walkbackwards_poses_120_jpos,388,7.76,0.03627751233539737,0
Transitions,Transitions_mocap_mazen_c3d_airkick_walkbackwards_poses_120_jpos,389,7.78,0.03741460748807914,0
Transitions,Transitions_mocap_mazen_c3d_airkick_walkbackwards_poses_120_jpos,390,7.8,0.04222440047088089,0
Transitions,Transitions_mocap_mazen_c3d_airkick_walkbackwards_poses_120_jpos,391,7.82,0.04901117257539402,0
Transitions,Transitions_mocap_mazen_c3d_airkick_walkbackwards_poses_120_jpos,392,7.84,0.05428194271393117,0
Transitions,Transitions_mocap_mazen_c3d_airkick_walkbackwards_poses_120_jpos,393,7.86,0.05594902006276594,0
Transitions,Transitions_mocap_mazen_c3d_airkick_walkbackwards_poses_120_jpos,394,7.88,0.05518898973417528,0
Transitions,Transitions_mocap_mazen_c3d_airkick_walkbackwards_poses_120_jpos,395,7.9,0.05280639949018869,0
Transitions,Transitions_mocap_mazen_c3d_airkick_walkbackwards_poses_120_jpos,396,7.92,0.050420634739112645,0
Transitions,Transitions_mocap_mazen_c3d_airkick_walkbackwards_poses_120_jpos,397,7.94,0.048019211146341084,0
Transitions,Transitions_mocap_mazen_c3d_airkick_walkbackwards_poses_120_jpos,398,7.96,0.045993293762456984,0
Transitions,Transitions_mocap_mazen_c3d_airkick_walkbackwards_poses_120_jpos,399,7.98,0.04395796198785119,0
Transitions,Transitions_mocap_mazen_c3d_airkick_walkbackwards_poses_120_jpos,400,8.0,0.04172335018743424,0
Transitions,Transitions_mocap_mazen_c3d_airkick_walkbackwards_poses_120_jpos,401,8.02,0.03960215348616451,0
Transitions,Transitions_mocap_mazen_c3d_airkick_walkbackwards_poses_120_jpos,402,8.04,0.03756591424167812,0
Transitions,Transitions_mocap_mazen_c3d_airkick_walkbackwards_poses_120_jpos,403,8.06,0.036090688956099175,0
Transitions,Transitions_mocap_mazen_c3d_airkick_walkbackwards_poses_120_jpos,404,8.08,0.03502371490232787,0
Transitions,Transitions_mocap_mazen_c3d_airkick_walkbackwards_poses_120_jpos,405,8.1,0.03446964830528784,0
Transitions,Transitions_mocap_mazen_c3d_airkick_walkbackwards_poses_120_jpos,406,8.12,0.03422613446343371,0
Transitions,Transitions_mocap_mazen_c3d_airkick_walkbackwards_poses_120_jpos,407,8.14,0.03412411713659638,0
Transitions,Transitions_mocap_mazen_c3d_airkick_walkbackwards_poses_120_jpos,408,8.16,0.033694464975734716,0
Transitions,Transitions_mocap_mazen_c3d_airkick_walkbackwards_poses_120_jpos,409,8.18,0.03294119634047424,0
Transitions,Transitions_mocap_mazen_c3d_airkick_walkbackwards_poses_120_jpos,410,8.2,0.032374743427090596,0
Transitions,Transitions_mocap_mazen_c3d_airkick_walkbackwards_poses_120_jpos,411,8.22,0.03220312564076749,0
Transitions,Transitions_mocap_mazen_c3d_airkick_walkbackwards_poses_120_jpos,412,8.24,0.03221503310403361,0
Transitions,Transitions_mocap_mazen_c3d_airkick_walkbackwards_poses_120_jpos,413,8.26,0.03276562245023754,0
Transitions,Transitions_mocap_mazen_c3d_airkick_walkbackwards_poses_120_jpos,414,8.28,0.033232093236310524,0
Transitions,Transitions_mocap_mazen_c3d_airkick_walkbackwards_poses_120_jpos,415,8.3,0.03421711736198532,0
Transitions,Transitions_mocap_mazen_c3d_airkick_walkbackwards_poses_120_jpos,416,8.32,0.03601222403604302,0
Transitions,Transitions_mocap_mazen_c3d_airkick_walkbackwards_poses_120_jpos,417,8.34,0.038865623669186875,0
Transitions,Transitions_mocap_mazen_c3d_airkick_walkbackwards_poses_120_jpos,418,8.36,0.04272851462363005,0
Transitions,Transitions_mocap_mazen_c3d_airkick_walkbackwards_poses_120_jpos,419,8.38,0.04674233265401542,0
Transitions,Transitions_mocap_mazen_c3d_airkick_walkbackwards_poses_120_jpos,420,8.4,0.05140453564395837,0
Transitions,Transitions_mocap_mazen_c3d_airkick_walkbackwards_poses_120_jpos,421,8.42,0.05580296024340691,0
Transitions,Transitions_mocap_mazen_c3d_airkick_walkbackwards_poses_120_jpos,422,8.44,0.0602470054589511,1
Transitions,Transitions_mocap_mazen_c3d_airkick_walkbackwards_poses_120_jpos,423,8.46,0.058502819933714,0
Transitions,Transitions_mocap_mazen_c3d_airkick_walkbackwards_poses_120_jpos,424,8.48,0.057063131707281424,0
Transitions,Transitions_mocap_mazen_c3d_airkick_walkbackwards_poses_120_jpos,425,8.5,0.05605266086044309,0
Transitions,Transitions_mocap_mazen_c3d_airkick_walkbackwards_poses_120_jpos,426,8.52,0.05512540826794971,0
Transitions,Transitions_mocap_mazen_c3d_airkick_walkbackwards_poses_120_jpos,427,8.54,0.054123623066813474,0
Transitions,Transitions_mocap_mazen_c3d_airkick_walkbackwards_poses_120_jpos,428,8.56,0.053258001920974206,0
Transitions,Transitions_mocap_mazen_c3d_airkick_walkbackwards_poses_120_jpos,429,8.58,0.052338880047149615,0
Transitions,Transitions_mocap_mazen_c3d_airkick_walkbackwards_poses_120_jpos,430,8.6,0.05159585239363365,0
Transitions,Transitions_mocap_mazen_c3d_airkick_walkbackwards_poses_120_jpos,431,8.62,0.04986753352469101,0
Transitions,Transitions_mocap_mazen_c3d_airkick_walkbackwards_poses_120_jpos,432,8.64,0.04302948711459118,0
Transitions,Transitions_mocap_mazen_c3d_airkick_walkbackwards_poses_120_jpos,433,8.66,0.03843148992535423,0
Transitions,Transitions_mocap_mazen_c3d_airkick_walkbackwards_poses_120_jpos,434,8.68,0.03576012093734196,0
Transitions,Transitions_mocap_mazen_c3d_airkick_walkbackwards_poses_120_jpos,435,8.7,0.03161221791544098,0
Transitions,Transitions_mocap_mazen_c3d_airkick_walkbackwards_poses_120_jpos,436,8.72,0.02780238797969397,0
Transitions,Transitions_mocap_mazen_c3d_airkick_walkbackwards_poses_120_jpos,437,8.74,0.0258716338589682,0
Transitions,Transitions_mocap_mazen_c3d_airkick_walkbackwards_poses_120_jpos,438,8.76,0.025707529151030736,0
Transitions,Transitions_mocap_mazen_c3d_airkick_walkbackwards_poses_120_jpos,439,8.78,0.02546435683973837,0
Transitions,Transitions_mocap_mazen_c3d_airkick_walkbackwards_poses_120_jpos,440,8.8,0.025526712486452496,0
Transitions,Transitions_mocap_mazen_c3d_airkick_walkbackwards_poses_120_jpos,441,8.82,0.02595074053733807,0
Transitions,Transitions_mocap_mazen_c3d_airkick_walkbackwards_poses_120_jpos,442,8.84,0.0262461756219042,0
Transitions,Transitions_mocap_mazen_c3d_airkick_walkbackwards_poses_120_jpos,443,8.86,0.026327974301714983,0
Transitions,Transitions_mocap_mazen_c3d_airkick_walkbackwards_poses_120_jpos,444,8.88,0.02584945715831905,0
Transitions,Transitions_mocap_mazen_c3d_airkick_walkbackwards_poses_120_jpos,445,8.9,0.024773155913686652,0
Transitions,Transitions_mocap_mazen_c3d_airkick_walkbackwards_poses_120_jpos,446,8.92,0.023810726742468008,0
Transitions,Transitions_mocap_mazen_c3d_airkick_walkbackwards_poses_120_jpos,447,8.94,0.02278322965388114,0
Transitions,Transitions_mocap_mazen_c3d_airkick_walkbackwards_poses_120_jpos,448,8.96,0.021845177178429355,0
Transitions,Transitions_mocap_mazen_c3d_airkick_walkbackwards_poses_120_jpos,449,8.98,0.020983696117605935,0
Transitions,Transitions_mocap_mazen_c3d_airkick_walkbackwards_poses_120_jpos,450,9.0,0.02003604300192216,0
Transitions,Transitions_mocap_mazen_c3d_airkick_walkbackwards_poses_120_jpos,451,9.02,0.019036485229845454,0
Transitions,Transitions_mocap_mazen_c3d_airkick_walkbackwards_poses_120_jpos,452,9.04,0.01829988323484418,0
Transitions,Transitions_mocap_mazen_c3d_airkick_walkbackwards_poses_120_jpos,453,9.06,0.017907389269910652,0
Transitions,Transitions_mocap_mazen_c3d_airkick_walkbackwards_poses_120_jpos,454,9.08,0.017375110585642894,0
Transitions,Transitions_mocap_mazen_c3d_airkick_walkbackwards_poses_120_jpos,455,9.1,0.017035256525677056,0
Transitions,Transitions_mocap_mazen_c3d_airkick_walkbackwards_poses_120_jpos,456,9.12,0.01641682826124881,0
Transitions,Transitions_mocap_mazen_c3d_airkick_walkbackwards_poses_120_jpos,457,9.14,0.015818900151607827,0
Transitions,Transitions_mocap_mazen_c3d_airkick_walkbackwards_poses_120_jpos,458,9.16,0.015181175927885466,0
Transitions,Transitions_mocap_mazen_c3d_airkick_walkbackwards_poses_120_jpos,459,9.18,0.014673986894322285,0
Transitions,Transitions_mocap_mazen_c3d_airkick_walkbackwards_poses_120_jpos,460,9.2,0.01458571897835599,0
Transitions,Transitions_mocap_mazen_c3d_airkick_walkbackwards_poses_120_jpos,461,9.22,0.014818583729750605,0
Transitions,Transitions_mocap_mazen_c3d_airkick_walkbackwards_poses_120_jpos,462,9.24,0.01572443094291289,0
Transitions,Transitions_mocap_mazen_c3d_airkick_walkbackwards_poses_120_jpos,463,9.26,0.016821518877604844,0
Transitions,Transitions_mocap_mazen_c3d_airkick_walkbackwards_poses_120_jpos,464,9.28,0.018366980469789365,0
Transitions,Transitions_mocap_mazen_c3d_airkick_walkbackwards_poses_120_jpos,465,9.3,0.020318220220858926,0
Transitions,Transitions_mocap_mazen_c3d_airkick_walkbackwards_poses_120_jpos,466,9.32,0.022815673163151147,0
Transitions,Transitions_mocap_mazen_c3d_airkick_walkbackwards_poses_120_jpos,467,9.34,0.02693737282506644,0
Transitions,Transitions_mocap_mazen_c3d_airkick_walkbackwards_poses_120_jpos,468,9.36,0.03305316201337893,0
Transitions,Transitions_mocap_mazen_c3d_airkick_walkbackwards_poses_120_jpos,469,9.38,0.03877439268831421,0
Transitions,Transitions_mocap_mazen_c3d_airkick_walkbackwards_poses_120_jpos,470,9.4,0.043454995723992244,0
Transitions,Transitions_mocap_mazen_c3d_airkick_walkbackwards_poses_120_jpos,471,9.42,0.04299823458621357,0
Transitions,Transitions_mocap_mazen_c3d_airkick_walkbackwards_poses_120_jpos,472,9.44,0.04244549861164737,0
Transitions,Transitions_mocap_mazen_c3d_airkick_walkbackwards_poses_120_jpos,473,9.46,0.04190188122221616,0
Transitions,Transitions_mocap_mazen_c3d_airkick_walkbackwards_poses_120_jpos,474,9.48,0.036545737987035525,0
Transitions,Transitions_mocap_mazen_c3d_airkick_walkbackwards_poses_120_jpos,475,9.5,0.030424966402701738,0
Transitions,Transitions_mocap_mazen_c3d_airkick_walkbackwards_poses_120_jpos,476,9.52,0.019458145159665527,0
Transitions,Transitions_mocap_mazen_c3d_airkick_walkbackwards_poses_120_jpos,477,9.54,0.01530731953159926,0
Transitions,Transitions_mocap_mazen_c3d_airkick_walkbackwards_poses_120_jpos,478,9.56,0.012892380251194631,0
Transitions,Transitions_mocap_mazen_c3d_airkick_walkbackwards_poses_120_jpos,479,9.58,0.011252155037237784,0
Transitions,Transitions_mocap_mazen_c3d_airkick_walkbackwards_poses_120_jpos,480,9.6,0.010146724996199641,0
Transitions,Transitions_mocap_mazen_c3d_airkick_walkbackwards_poses_120_jpos,481,9.62,0.009985580030381027,0
Transitions,Transitions_mocap_mazen_c3d_airkick_walkbackwards_poses_120_jpos,482,9.64,0.010332811886214736,0
Transitions,Transitions_mocap_mazen_c3d_airkick_walkbackwards_poses_120_jpos,483,9.66,0.010474913220287351,0
Transitions,Transitions_mocap_mazen_c3d_airkick_walkbackwards_poses_120_jpos,484,9.68,0.010254237963233543,0
Transitions,Transitions_mocap_mazen_c3d_airkick_walkbackwards_poses_120_jpos,485,9.7,0.009673801849664895,0
Transitions,Transitions_mocap_mazen_c3d_airkick_walkbackwards_poses_120_jpos,486,9.72,0.009027917936235226,0
Transitions,Transitions_mocap_mazen_c3d_airkick_walkbackwards_poses_120_jpos,487,9.74,0.008640026152217551,0
Transitions,Transitions_mocap_mazen_c3d_airkick_walkbackwards_poses_120_jpos,488,9.76,0.008444075977897892,0
Transitions,Transitions_mocap_mazen_c3d_airkick_walkbackwards_poses_120_jpos,489,9.78,0.008012846634286834,0
Transitions,Transitions_mocap_mazen_c3d_airkick_walkbackwards_poses_120_jpos,490,9.8,0.007735613581137753,0
Transitions,Transitions_mocap_mazen_c3d_airkick_walkbackwards_poses_120_jpos,491,9.82,0.007543046477834008,0
Transitions,Transitions_mocap_mazen_c3d_airkick_walkbackwards_poses_120_jpos,492,9.84,0.007571807932429205,0
Transitions,Transitions_mocap_mazen_c3d_airkick_walkbackwards_poses_120_jpos,493,9.86,0.0076335213029830335,0
Transitions,Transitions_mocap_mazen_c3d_airkick_walkbackwards_poses_120_jpos,494,9.88,0.007822877652243229,0
Transitions,Transitions_mocap_mazen_c3d_airkick_walkbackwards_poses_120_jpos,495,9.9,0.00811653846795198,0
Transitions,Transitions_mocap_mazen_c3d_airkick_walkbackwards_poses_120_jpos,496,9.92,0.008327925028982988,0
Transitions,Transitions_mocap_mazen_c3d_airkick_walkbackwards_poses_120_jpos,497,9.94,0.008469319425242651,0
Transitions,Transitions_mocap_mazen_c3d_airkick_walkbackwards_poses_120_jpos,498,9.96,0.008473137734432515,0
Transitions,Transitions_mocap_mazen_c3d_airkick_walkbackwards_poses_120_jpos,499,9.98,0.008473659875351631,0
Transitions,Transitions_mocap_mazen_c3d_airkick_walkbackwards_poses_120_jpos,500,10.0,0.00841027106659926,0
Transitions,Transitions_mocap_mazen_c3d_airkick_walkbackwards_poses_120_jpos,501,10.02,0.008395895561826213,0
Transitions,Transitions_mocap_mazen_c3d_airkick_walkbackwards_poses_120_jpos,502,10.04,0.00843172016972017,0
Transitions,Transitions_mocap_mazen_c3d_airkick_walkbackwards_poses_120_jpos,503,10.06,0.008313077487589188,0
Transitions,Transitions_mocap_mazen_c3d_airkick_walkbackwards_poses_120_jpos,504,10.08,0.008246102400352446,0
Transitions,Transitions_mocap_mazen_c3d_airkick_walkbackwards_poses_120_jpos,505,10.1,0.008093949210613157,0
Transitions,Transitions_mocap_mazen_c3d_airkick_walkbackwards_poses_120_jpos,506,10.12,0.00779155213021364,0
Transitions,Transitions_mocap_mazen_c3d_airkick_walkbackwards_poses_120_jpos,507,10.14,0.007438724197917539,0
Transitions,Transitions_mocap_mazen_c3d_airkick_walkbackwards_poses_120_jpos,508,10.16,0.007138527240947436,0
Transitions,Transitions_mocap_mazen_c3d_airkick_walkbackwards_poses_120_jpos,509,10.18,0.006925116574432148,0
Transitions,Transitions_mocap_mazen_c3d_airkick_walkbackwards_poses_120_jpos,510,10.2,0.006833846215095045,0
Transitions,Transitions_mocap_mazen_c3d_airkick_walkbackwards_poses_120_jpos,511,10.22,0.00680300603848223,0
Transitions,Transitions_mocap_mazen_c3d_airkick_walkbackwards_poses_120_jpos,512,10.24,0.006760162373229005,0
Transitions,Transitions_mocap_mazen_c3d_airkick_walkbackwards_poses_120_jpos,513,10.26,0.006709641083427255,0
Transitions,Transitions_mocap_mazen_c3d_airkick_walkbackwards_poses_120_jpos,514,10.28,0.006631412740495444,0
Transitions,Transitions_mocap_mazen_c3d_airkick_walkbackwards_poses_120_jpos,515,10.3,0.006525554062540019,0
Transitions,Transitions_mocap_mazen_c3d_airkick_walkbackwards_poses_120_jpos,516,10.32,0.006521252414073185,0
Transitions,Transitions_mocap_mazen_c3d_airkick_walkbackwards_poses_120_jpos,517,10.34,0.006399637502650159,0
Transitions,Transitions_mocap_mazen_c3d_airkick_walkbackwards_poses_120_jpos,518,10.36,0.006290973830215154,0
Transitions,Transitions_mocap_mazen_c3d_airkick_walkbackwards_poses_120_jpos,519,10.38,0.0062666915988252945,0
Transitions,Transitions_mocap_mazen_c3d_walksideways_runbackwards_poses_120_jpos,0,0.0,0.009569503523146566,0
Transitions,Transitions_mocap_mazen_c3d_walksideways_runbackwards_poses_120_jpos,1,0.02,0.010363150673387023,0
Transitions,Transitions_mocap_mazen_c3d_walksideways_runbackwards_poses_120_jpos,2,0.04,0.011277749406943276,0
Transitions,Transitions_mocap_mazen_c3d_walksideways_runbackwards_poses_120_jpos,3,0.06,0.012041544355490237,0
Transitions,Transitions_mocap_mazen_c3d_walksideways_runbackwards_poses_120_jpos,4,0.08,0.012409357976011252,0
Transitions,Transitions_mocap_mazen_c3d_walksideways_runbackwards_poses_120_jpos,5,0.1,0.012293389317543814,0
Transitions,Transitions_mocap_mazen_c3d_walksideways_runbackwards_poses_120_jpos,6,0.12,0.011713717270857462,0
Transitions,Transitions_mocap_mazen_c3d_walksideways_runbackwards_poses_120_jpos,7,0.14,0.011052251969465876,0
Transitions,Transitions_mocap_mazen_c3d_walksideways_runbackwards_poses_120_jpos,8,0.16,0.010129678256075117,0
Transitions,Transitions_mocap_mazen_c3d_walksideways_runbackwards_poses_120_jpos,9,0.18,0.009298145068332398,0
Transitions,Transitions_mocap_mazen_c3d_walksideways_runbackwards_poses_120_jpos,10,0.2,0.008680838429770162,0
Transitions,Transitions_mocap_mazen_c3d_walksideways_runbackwards_poses_120_jpos,11,0.22,0.007822782861759829,0
Transitions,Transitions_mocap_mazen_c3d_walksideways_runbackwards_poses_120_jpos,12,0.24,0.0067084743988477125,0
Transitions,Transitions_mocap_mazen_c3d_walksideways_runbackwards_poses_120_jpos,13,0.26,0.0054963567215252414,0
Transitions,Transitions_mocap_mazen_c3d_walksideways_runbackwards_poses_120_jpos,14,0.28,0.004282953700300438,0
Transitions,Transitions_mocap_mazen_c3d_walksideways_runbackwards_poses_120_jpos,15,0.3,0.0033516539094231197,0
Transitions,Transitions_mocap_mazen_c3d_walksideways_runbackwards_poses_120_jpos,16,0.32,0.0027915543694565104,0
Transitions,Transitions_mocap_mazen_c3d_walksideways_runbackwards_poses_120_jpos,17,0.34,0.0027338457697921262,0
Transitions,Transitions_mocap_mazen_c3d_walksideways_runbackwards_poses_120_jpos,18,0.36,0.00337219002676596,0
Transitions,Transitions_mocap_mazen_c3d_walksideways_runbackwards_poses_120_jpos,19,0.38,0.004459199978891751,0
Transitions,Transitions_mocap_mazen_c3d_walksideways_runbackwards_poses_120_jpos,20,0.4,0.006285870338128224,0
Transitions,Transitions_mocap_mazen_c3d_walksideways_runbackwards_poses_120_jpos,21,0.42,0.008977120531838046,0
Transitions,Transitions_mocap_mazen_c3d_walksideways_runbackwards_poses_120_jpos,22,0.44,0.012959954946495532,0
Transitions,Transitions_mocap_mazen_c3d_walksideways_runbackwards_poses_120_jpos,23,0.46,0.016853647243350055,0
Transitions,Transitions_mocap_mazen_c3d_walksideways_runbackwards_poses_120_jpos,24,0.48,0.017894572160115384,0
Transitions,Transitions_mocap_mazen_c3d_walksideways_runbackwards_poses_120_jpos,25,0.5,0.01970618692806044,0
Transitions,Transitions_mocap_mazen_c3d_walksideways_runbackwards_poses_120_jpos,26,0.52,0.021799512256874168,0
Transitions,Transitions_mocap_mazen_c3d_walksideways_runbackwards_poses_120_jpos,27,0.54,0.026467891751371063,0
Transitions,Transitions_mocap_mazen_c3d_walksideways_runbackwards_poses_120_jpos,28,0.56,0.03553057049487516,0
Transitions,Transitions_mocap_mazen_c3d_walksideways_runbackwards_poses_120_jpos,29,0.58,0.040777019857145776,0
Transitions,Transitions_mocap_mazen_c3d_walksideways_runbackwards_poses_120_jpos,30,0.6,0.04073752612303367,0
Transitions,Transitions_mocap_mazen_c3d_walksideways_runbackwards_poses_120_jpos,31,0.62,0.04119431475723007,0
Transitions,Transitions_mocap_mazen_c3d_walksideways_runbackwards_poses_120_jpos,32,0.64,0.04165647516558548,0
Transitions,Transitions_mocap_mazen_c3d_walksideways_runbackwards_poses_120_jpos,33,0.66,0.03637614810634176,0
Transitions,Transitions_mocap_mazen_c3d_walksideways_runbackwards_poses_120_jpos,34,0.68,0.034576470480845965,0
Transitions,Transitions_mocap_mazen_c3d_walksideways_runbackwards_poses_120_jpos,35,0.7,0.03260390367508532,0
Transitions,Transitions_mocap_mazen_c3d_walksideways_runbackwards_poses_120_jpos,36,0.72,0.030397682967741584,0
Transitions,Transitions_mocap_mazen_c3d_walksideways_runbackwards_poses_120_jpos,37,0.74,0.028244529296487644,0
Transitions,Transitions_mocap_mazen_c3d_walksideways_runbackwards_poses_120_jpos,38,0.76,0.02760456744210619,0
Transitions,Transitions_mocap_mazen_c3d_walksideways_runbackwards_poses_120_jpos,39,0.78,0.03221402057757925,0
Transitions,Transitions_mocap_mazen_c3d_walksideways_runbackwards_poses_120_jpos,40,0.8,0.03364413797040731,0
Transitions,Transitions_mocap_mazen_c3d_walksideways_runbackwards_poses_120_jpos,41,0.82,0.036444464196429466,0
Transitions,Transitions_mocap_mazen_c3d_walksideways_runbackwards_poses_120_jpos,42,0.84,0.040653735055828345,0
Transitions,Transitions_mocap_mazen_c3d_walksideways_runbackwards_poses_120_jpos,43,0.86,0.04477739020252988,0
Transitions,Transitions_mocap_mazen_c3d_walksideways_runbackwards_poses_120_jpos,44,0.88,0.044184432411247795,0
Transitions,Transitions_mocap_mazen_c3d_walksideways_runbackwards_poses_120_jpos,45,0.9,0.042990110820689244,0
Transitions,Transitions_mocap_mazen_c3d_walksideways_runbackwards_poses_120_jpos,46,0.92,0.0414204108688968,0
Transitions,Transitions_mocap_mazen_c3d_walksideways_runbackwards_poses_120_jpos,47,0.94,0.04251497524664182,0
Transitions,Transitions_mocap_mazen_c3d_walksideways_runbackwards_poses_120_jpos,48,0.96,0.047095695910656835,0
Transitions,Transitions_mocap_mazen_c3d_walksideways_runbackwards_poses_120_jpos,49,0.98,0.054367346414065924,0
Transitions,Transitions_mocap_mazen_c3d_walksideways_runbackwards_poses_120_jpos,50,1.0,0.057632454014769595,0
Transitions,Transitions_mocap_mazen_c3d_walksideways_runbackwards_poses_120_jpos,51,1.02,0.05734905372766682,0
Transitions,Transitions_mocap_mazen_c3d_walksideways_runbackwards_poses_120_jpos,52,1.04,0.05836981136560051,0
Transitions,Transitions_mocap_mazen_c3d_walksideways_runbackwards_poses_120_jpos,53,1.06,0.0602280327422308,1
Transitions,Transitions_mocap_mazen_c3d_walksideways_runbackwards_poses_120_jpos,54,1.08,0.06277180251147714,1
Transitions,Transitions_mocap_mazen_c3d_walksideways_runbackwards_poses_120_jpos,55,1.1,0.06508163780673437,1
Transitions,Transitions_mocap_mazen_c3d_walksideways_runbackwards_poses_120_jpos,56,1.12,0.06583839884279151,1
Transitions,Transitions_mocap_mazen_c3d_walksideways_runbackwards_poses_120_jpos,57,1.14,0.0637027803735986,1
Transitions,Transitions_mocap_mazen_c3d_walksideways_runbackwards_poses_120_jpos,58,1.16,0.06209120770968491,1
Transitions,Transitions_mocap_mazen_c3d_walksideways_runbackwards_poses_120_jpos,59,1.18,0.059762355736536966,0
Transitions,Transitions_mocap_mazen_c3d_walksideways_runbackwards_poses_120_jpos,60,1.2,0.05749991358073112,0
Transitions,Transitions_mocap_mazen_c3d_walksideways_runbackwards_poses_120_jpos,61,1.22,0.05483686330399478,0
Transitions,Transitions_mocap_mazen_c3d_walksideways_runbackwards_poses_120_jpos,62,1.24,0.052700584799133705,0
Transitions,Transitions_mocap_mazen_c3d_walksideways_runbackwards_poses_120_jpos,63,1.26,0.05181500401796344,0
Transitions,Transitions_mocap_mazen_c3d_walksideways_runbackwards_poses_120_jpos,64,1.28,0.05309606353308249,0
Transitions,Transitions_mocap_mazen_c3d_walksideways_runbackwards_poses_120_jpos,65,1.3,0.05690268970315148,0
Transitions,Transitions_mocap_mazen_c3d_walksideways_runbackwards_poses_120_jpos,66,1.32,0.06144183787155618,1
Transitions,Transitions_mocap_mazen_c3d_walksideways_runbackwards_poses_120_jpos,67,1.34,0.06828113997664233,1
Transitions,Transitions_mocap_mazen_c3d_walksideways_runbackwards_poses_120_jpos,68,1.36,0.07321681605518905,1
Transitions,Transitions_mocap_mazen_c3d_walksideways_runbackwards_poses_120_jpos,69,1.38,0.08465089696237227,1
Transitions,Transitions_mocap_mazen_c3d_walksideways_runbackwards_poses_120_jpos,70,1.4,0.0814423135964233,1
Transitions,Transitions_mocap_mazen_c3d_walksideways_runbackwards_poses_120_jpos,71,1.42,0.07898828679031986,1
Transitions,Transitions_mocap_mazen_c3d_walksideways_runbackwards_poses_120_jpos,72,1.44,0.07685359415863936,1
Transitions,Transitions_mocap_mazen_c3d_walksideways_runbackwards_poses_120_jpos,73,1.46,0.07413691857044274,1
Transitions,Transitions_mocap_mazen_c3d_walksideways_runbackwards_poses_120_jpos,74,1.48,0.07169489419017464,1
Transitions,Transitions_mocap_mazen_c3d_walksideways_runbackwards_poses_120_jpos,75,1.5,0.07296789978616967,1
Transitions,Transitions_mocap_mazen_c3d_walksideways_runbackwards_poses_120_jpos,76,1.52,0.07690260957718602,1
Transitions,Transitions_mocap_mazen_c3d_walksideways_runbackwards_poses_120_jpos,77,1.54,0.07988949377844239,1
Transitions,Transitions_mocap_mazen_c3d_walksideways_runbackwards_poses_120_jpos,78,1.56,0.08139381681523858,1
Transitions,Transitions_mocap_mazen_c3d_walksideways_runbackwards_poses_120_jpos,79,1.58,0.08212313188767606,1
Transitions,Transitions_mocap_mazen_c3d_walksideways_runbackwards_poses_120_jpos,80,1.6,0.08305432430981997,1
Transitions,Transitions_mocap_mazen_c3d_walksideways_runbackwards_poses_120_jpos,81,1.62,0.08281778660948473,1
Transitions,Transitions_mocap_mazen_c3d_walksideways_runbackwards_poses_120_jpos,82,1.64,0.06987424172741351,1
Transitions,Transitions_mocap_mazen_c3d_walksideways_runbackwards_poses_120_jpos,83,1.66,0.0657119288679383,1
Transitions,Transitions_mocap_mazen_c3d_walksideways_runbackwards_poses_120_jpos,84,1.68,0.07155344439700306,1
Transitions,Transitions_mocap_mazen_c3d_walksideways_runbackwards_poses_120_jpos,85,1.7,0.07715424750271208,1
Transitions,Transitions_mocap_mazen_c3d_walksideways_runbackwards_poses_120_jpos,86,1.72,0.08153247440801299,1
Transitions,Transitions_mocap_mazen_c3d_walksideways_runbackwards_poses_120_jpos,87,1.74,0.07262731100955978,1
Transitions,Transitions_mocap_mazen_c3d_walksideways_runbackwards_poses_120_jpos,88,1.76,0.061225986162184796,1
Transitions,Transitions_mocap_mazen_c3d_walksideways_runbackwards_poses_120_jpos,89,1.78,0.0533922559063967,0
Transitions,Transitions_mocap_mazen_c3d_walksideways_runbackwards_poses_120_jpos,90,1.8,0.05047369929797752,0
Transitions,Transitions_mocap_mazen_c3d_walksideways_runbackwards_poses_120_jpos,91,1.82,0.05392891571718742,0
Transitions,Transitions_mocap_mazen_c3d_walksideways_runbackwards_poses_120_jpos,92,1.84,0.06325790628476981,1
Transitions,Transitions_mocap_mazen_c3d_walksideways_runbackwards_poses_120_jpos,93,1.86,0.06948609803060446,1
Transitions,Transitions_mocap_mazen_c3d_walksideways_runbackwards_poses_120_jpos,94,1.88,0.08034801102576714,1
Transitions,Transitions_mocap_mazen_c3d_walksideways_runbackwards_poses_120_jpos,95,1.9,0.08843924607224085,1
Transitions,Transitions_mocap_mazen_c3d_walksideways_runbackwards_poses_120_jpos,96,1.92,0.06802878669487926,1
Transitions,Transitions_mocap_mazen_c3d_walksideways_runbackwards_poses_120_jpos,97,1.94,0.06785722651104238,1
Transitions,Transitions_mocap_mazen_c3d_walksideways_runbackwards_poses_120_jpos,98,1.96,0.0766628920908675,1
Transitions,Transitions_mocap_mazen_c3d_walksideways_runbackwards_poses_120_jpos,99,1.98,0.08233592700453277,1
Transitions,Transitions_mocap_mazen_c3d_walksideways_runbackwards_poses_120_jpos,100,2.0,0.08217730728342887,1
Transitions,Transitions_mocap_mazen_c3d_walksideways_runbackwards_poses_120_jpos,101,2.02,0.08039305144872393,1
Transitions,Transitions_mocap_mazen_c3d_walksideways_runbackwards_poses_120_jpos,102,2.04,0.08257194993163172,1
Transitions,Transitions_mocap_mazen_c3d_walksideways_runbackwards_poses_120_jpos,103,2.06,0.09018857428071635,1
Transitions,Transitions_mocap_mazen_c3d_walksideways_runbackwards_poses_120_jpos,104,2.08,0.09865278679806254,1
Transitions,Transitions_mocap_mazen_c3d_walksideways_runbackwards_poses_120_jpos,105,2.1,0.10733083861822774,1
Transitions,Transitions_mocap_mazen_c3d_walksideways_runbackwards_poses_120_jpos,106,2.12,0.10723160680846615,1
Transitions,Transitions_mocap_mazen_c3d_walksideways_runbackwards_poses_120_jpos,107,2.14,0.08150617039409667,1
Transitions,Transitions_mocap_mazen_c3d_walksideways_runbackwards_poses_120_jpos,108,2.16,0.07710308983009577,1
Transitions,Transitions_mocap_mazen_c3d_walksideways_runbackwards_poses_120_jpos,109,2.18,0.07847482170268383,1
Transitions,Transitions_mocap_mazen_c3d_walksideways_runbackwards_poses_120_jpos,110,2.2,0.0709518372475022,1
Transitions,Transitions_mocap_mazen_c3d_walksideways_runbackwards_poses_120_jpos,111,2.22,0.059058044533432406,0
Transitions,Transitions_mocap_mazen_c3d_walksideways_runbackwards_poses_120_jpos,112,2.24,0.05667164176092842,0
Transitions,Transitions_mocap_mazen_c3d_walksideways_runbackwards_poses_120_jpos,113,2.26,0.05984126597874582,0
Transitions,Transitions_mocap_mazen_c3d_walksideways_runbackwards_poses_120_jpos,114,2.28,0.06132778236265699,1
Transitions,Transitions_mocap_mazen_c3d_walksideways_runbackwards_poses_120_jpos,115,2.3,0.0630412340092395,1
Transitions,Transitions_mocap_mazen_c3d_walksideways_runbackwards_poses_120_jpos,116,2.32,0.06342842560079834,1
Transitions,Transitions_mocap_mazen_c3d_walksideways_runbackwards_poses_120_jpos,117,2.34,0.06222791160853338,1
Transitions,Transitions_mocap_mazen_c3d_walksideways_runbackwards_poses_120_jpos,118,2.36,0.0610841795066634,1
Transitions,Transitions_mocap_mazen_c3d_walksideways_runbackwards_poses_120_jpos,119,2.38,0.06240246176263487,1
Transitions,Transitions_mocap_mazen_c3d_walksideways_runbackwards_poses_120_jpos,120,2.4,0.0651832641024276,1
Transitions,Transitions_mocap_mazen_c3d_walksideways_runbackwards_poses_120_jpos,121,2.42,0.06512294042193222,1
Transitions,Transitions_mocap_mazen_c3d_walksideways_runbackwards_poses_120_jpos,122,2.44,0.062298080147531444,1
Transitions,Transitions_mocap_mazen_c3d_walksideways_runbackwards_poses_120_jpos,123,2.46,0.06460176413911743,1
Transitions,Transitions_mocap_mazen_c3d_walksideways_runbackwards_poses_120_jpos,124,2.48,0.06543436537752442,1
Transitions,Transitions_mocap_mazen_c3d_walksideways_runbackwards_poses_120_jpos,125,2.5,0.06605680558810836,1
Transitions,Transitions_mocap_mazen_c3d_walksideways_runbackwards_poses_120_jpos,126,2.52,0.06406189995799817,1
Transitions,Transitions_mocap_mazen_c3d_walksideways_runbackwards_poses_120_jpos,127,2.54,0.052893436834265097,0
Transitions,Transitions_mocap_mazen_c3d_walksideways_runbackwards_poses_120_jpos,128,2.56,0.044826732918938926,0
Transitions,Transitions_mocap_mazen_c3d_walksideways_runbackwards_poses_120_jpos,129,2.58,0.04106137950885484,0
Transitions,Transitions_mocap_mazen_c3d_walksideways_runbackwards_poses_120_jpos,130,2.6,0.038453989373714005,0
Transitions,Transitions_mocap_mazen_c3d_walksideways_runbackwards_poses_120_jpos,131,2.62,0.0371773988645746,0
Transitions,Transitions_mocap_mazen_c3d_walksideways_runbackwards_poses_120_jpos,132,2.64,0.03736741973535845,0
Transitions,Transitions_mocap_mazen_c3d_walksideways_runbackwards_poses_120_jpos,133,2.66,0.03748690479808615,0
Transitions,Transitions_mocap_mazen_c3d_walksideways_runbackwards_poses_120_jpos,134,2.68,0.03845702170626238,0
Transitions,Transitions_mocap_mazen_c3d_walksideways_runbackwards_poses_120_jpos,135,2.7,0.038632104959360425,0
Transitions,Transitions_mocap_mazen_c3d_walksideways_runbackwards_poses_120_jpos,136,2.72,0.03824648371358185,0
Transitions,Transitions_mocap_mazen_c3d_walksideways_runbackwards_poses_120_jpos,137,2.74,0.03745545904647927,0
Transitions,Transitions_mocap_mazen_c3d_walksideways_runbackwards_poses_120_jpos,138,2.76,0.037131742741809706,0
Transitions,Transitions_mocap_mazen_c3d_walksideways_runbackwards_poses_120_jpos,139,2.78,0.03772852526559359,0
Transitions,Transitions_mocap_mazen_c3d_walksideways_runbackwards_poses_120_jpos,140,2.8,0.038934583949133926,0
Transitions,Transitions_mocap_mazen_c3d_walksideways_runbackwards_poses_120_jpos,141,2.82,0.040844918651360106,0
Transitions,Transitions_mocap_mazen_c3d_walksideways_runbackwards_poses_120_jpos,142,2.84,0.04375641241430365,0
Transitions,Transitions_mocap_mazen_c3d_walksideways_runbackwards_poses_120_jpos,143,2.86,0.04800516527481843,0
Transitions,Transitions_mocap_mazen_c3d_walksideways_runbackwards_poses_120_jpos,144,2.88,0.05255059043583423,0
Transitions,Transitions_mocap_mazen_c3d_walksideways_runbackwards_poses_120_jpos,145,2.9,0.057071304085169285,0
Transitions,Transitions_mocap_mazen_c3d_walksideways_runbackwards_poses_120_jpos,146,2.92,0.05894764369142564,0
Transitions,Transitions_mocap_mazen_c3d_walksideways_runbackwards_poses_120_jpos,147,2.94,0.05780341370640863,0
Transitions,Transitions_mocap_mazen_c3d_walksideways_runbackwards_poses_120_jpos,148,2.96,0.05660167798772233,0
Transitions,Transitions_mocap_mazen_c3d_walksideways_runbackwards_poses_120_jpos,149,2.98,0.05569536377085308,0
Transitions,Transitions_mocap_mazen_c3d_walksideways_runbackwards_poses_120_jpos,150,3.0,0.056619601931428044,0
Transitions,Transitions_mocap_mazen_c3d_walksideways_runbackwards_poses_120_jpos,151,3.02,0.057914910424909004,0
Transitions,Transitions_mocap_mazen_c3d_walksideways_runbackwards_poses_120_jpos,152,3.04,0.05934279557254476,0
Transitions,Transitions_mocap_mazen_c3d_walksideways_runbackwards_poses_120_jpos,153,3.06,0.060736226215143484,1
Transitions,Transitions_mocap_mazen_c3d_walksideways_runbackwards_poses_120_jpos,154,3.08,0.060695691995832406,1
Transitions,Transitions_mocap_mazen_c3d_walksideways_runbackwards_poses_120_jpos,155,3.1,0.060046144305469236,1
Transitions,Transitions_mocap_mazen_c3d_walksideways_runbackwards_poses_120_jpos,156,3.12,0.059200782203625714,0
Transitions,Transitions_mocap_mazen_c3d_walksideways_runbackwards_poses_120_jpos,157,3.14,0.05862235805320374,0
Transitions,Transitions_mocap_mazen_c3d_walksideways_runbackwards_poses_120_jpos,158,3.16,0.05724621222665647,0
Transitions,Transitions_mocap_mazen_c3d_walksideways_runbackwards_poses_120_jpos,159,3.18,0.05565411390477867,0
Transitions,Transitions_mocap_mazen_c3d_walksideways_runbackwards_poses_120_jpos,160,3.2,0.05390597762277461,0
Transitions,Transitions_mocap_mazen_c3d_walksideways_runbackwards_poses_120_jpos,161,3.22,0.051764887203250454,0
Transitions,Transitions_mocap_mazen_c3d_walksideways_runbackwards_poses_120_jpos,162,3.24,0.05018483431760404,0
Transitions,Transitions_mocap_mazen_c3d_walksideways_runbackwards_poses_120_jpos,163,3.26,0.04749775895794133,0
Transitions,Transitions_mocap_mazen_c3d_walksideways_runbackwards_poses_120_jpos,164,3.28,0.044904323547103116,0
Transitions,Transitions_mocap_mazen_c3d_walksideways_runbackwards_poses_120_jpos,165,3.3,0.04586033801677832,0
Transitions,Transitions_mocap_mazen_c3d_walksideways_runbackwards_poses_120_jpos,166,3.32,0.0533905915694479,0
Transitions,Transitions_mocap_mazen_c3d_walksideways_runbackwards_poses_120_jpos,167,3.34,0.06303826430867206,1
Transitions,Transitions_mocap_mazen_c3d_walksideways_runbackwards_poses_120_jpos,168,3.36,0.0625660731465129,1
Transitions,Transitions_mocap_mazen_c3d_walksideways_runbackwards_poses_120_jpos,169,3.38,0.061652644548524184,1
Transitions,Transitions_mocap_mazen_c3d_walksideways_runbackwards_poses_120_jpos,170,3.4,0.06163652450829308,1
Transitions,Transitions_mocap_mazen_c3d_walksideways_runbackwards_poses_120_jpos,171,3.42,0.059299420720121475,0
Transitions,Transitions_mocap_mazen_c3d_walksideways_runbackwards_poses_120_jpos,172,3.44,0.07793205773544525,1
Transitions,Transitions_mocap_mazen_c3d_walksideways_runbackwards_poses_120_jpos,173,3.46,0.09593710242934571,1
Transitions,Transitions_mocap_mazen_c3d_walksideways_runbackwards_poses_120_jpos,174,3.48,0.1068335997637057,1
Transitions,Transitions_mocap_mazen_c3d_walksideways_runbackwards_poses_120_jpos,175,3.5,0.10696081715682153,1
Transitions,Transitions_mocap_mazen_c3d_walksideways_runbackwards_poses_120_jpos,176,3.52,0.10517320421710613,1
Transitions,Transitions_mocap_mazen_c3d_walksideways_runbackwards_poses_120_jpos,177,3.54,0.10137256637166321,1
Transitions,Transitions_mocap_mazen_c3d_walksideways_runbackwards_poses_120_jpos,178,3.56,0.09556042673574805,1
Transitions,Transitions_mocap_mazen_c3d_walksideways_runbackwards_poses_120_jpos,179,3.58,0.08137375361529557,1
Transitions,Transitions_mocap_mazen_c3d_walksideways_runbackwards_poses_120_jpos,180,3.6,0.06136246208726618,1
Transitions,Transitions_mocap_mazen_c3d_walksideways_runbackwards_poses_120_jpos,181,3.62,0.047732698818206104,0
Transitions,Transitions_mocap_mazen_c3d_walksideways_runbackwards_poses_120_jpos,182,3.64,0.039795773835556617,0
Transitions,Transitions_mocap_mazen_c3d_walksideways_runbackwards_poses_120_jpos,183,3.66,0.03585737085563569,0
Transitions,Transitions_mocap_mazen_c3d_walksideways_runbackwards_poses_120_jpos,184,3.68,0.032948275366086285,0
Transitions,Transitions_mocap_mazen_c3d_walksideways_runbackwards_poses_120_jpos,185,3.7,0.0291987833799252,0
Transitions,Transitions_mocap_mazen_c3d_walksideways_runbackwards_poses_120_jpos,186,3.72,0.027002788792844075,0
Transitions,Transitions_mocap_mazen_c3d_walksideways_runbackwards_poses_120_jpos,187,3.74,0.02724747356478227,0
Transitions,Transitions_mocap_mazen_c3d_walksideways_runbackwards_poses_120_jpos,188,3.76,0.031461683288646826,0
Transitions,Transitions_mocap_mazen_c3d_walksideways_runbackwards_poses_120_jpos,189,3.78,0.04048047298609767,0
Transitions,Transitions_mocap_mazen_c3d_walksideways_runbackwards_poses_120_jpos,190,3.8,0.045359571543016744,0
Transitions,Transitions_mocap_mazen_c3d_walksideways_runbackwards_poses_120_jpos,191,3.82,0.04469784878015815,0
Transitions,Transitions_mocap_mazen_c3d_walksideways_runbackwards_poses_120_jpos,192,3.84,0.04157519007667975,0
Transitions,Transitions_mocap_mazen_c3d_walksideways_runbackwards_poses_120_jpos,193,3.86,0.03914419196018493,0
Transitions,Transitions_mocap_mazen_c3d_walksideways_runbackwards_poses_120_jpos,194,3.88,0.03727557323738357,0
Transitions,Transitions_mocap_mazen_c3d_walksideways_runbackwards_poses_120_jpos,195,3.9,0.03480354055142669,0
Transitions,Transitions_mocap_mazen_c3d_walksideways_runbackwards_poses_120_jpos,196,3.92,0.031965372831571415,0
Transitions,Transitions_mocap_mazen_c3d_walksideways_runbackwards_poses_120_jpos,197,3.94,0.028813855838953288,0
Transitions,Transitions_mocap_mazen_c3d_walksideways_runbackwards_poses_120_jpos,198,3.96,0.02492344704219549,0
Transitions,Transitions_mocap_mazen_c3d_walksideways_runbackwards_poses_120_jpos,199,3.98,0.020943815994404168,0
Transitions,Transitions_mocap_mazen_c3d_walksideways_runbackwards_poses_120_jpos,200,4.0,0.016781349102619005,0
Transitions,Transitions_mocap_mazen_c3d_walksideways_runbackwards_poses_120_jpos,201,4.02,0.012869312020364487,0
Transitions,Transitions_mocap_mazen_c3d_walksideways_runbackwards_poses_120_jpos,202,4.04,0.009183329272100709,0
Transitions,Transitions_mocap_mazen_c3d_walksideways_runbackwards_poses_120_jpos,203,4.06,0.006088685212598291,0
Transitions,Transitions_mocap_mazen_c3d_walksideways_runbackwards_poses_120_jpos,204,4.08,0.003856365564011305,0
Transitions,Transitions_mocap_mazen_c3d_walksideways_runbackwards_poses_120_jpos,205,4.1,0.002415719494542041,0
Transitions,Transitions_mocap_mazen_c3d_walksideways_runbackwards_poses_120_jpos,206,4.12,0.002190487326997127,0
Transitions,Transitions_mocap_mazen_c3d_walksideways_runbackwards_poses_120_jpos,207,4.14,0.004130030656671906,0
Transitions,Transitions_mocap_mazen_c3d_walksideways_runbackwards_poses_120_jpos,208,4.16,0.00864060934286441,0
Transitions,Transitions_mocap_mazen_c3d_walksideways_runbackwards_poses_120_jpos,209,4.18,0.017130668719339902,0
Transitions,Transitions_mocap_mazen_c3d_walksideways_runbackwards_poses_120_jpos,210,4.2,0.03030337787396086,0
Transitions,Transitions_mocap_mazen_c3d_walksideways_runbackwards_poses_120_jpos,211,4.22,0.034100354856758615,0
Transitions,Transitions_mocap_mazen_c3d_walksideways_runbackwards_poses_120_jpos,212,4.24,0.030590478287143896,0
Transitions,Transitions_mocap_mazen_c3d_walksideways_runbackwards_poses_120_jpos,213,4.26,0.029681931224777296,0
Transitions,Transitions_mocap_mazen_c3d_walksideways_runbackwards_poses_120_jpos,214,4.28,0.02951004756235722,0
Transitions,Transitions_mocap_mazen_c3d_walksideways_runbackwards_poses_120_jpos,215,4.3,0.029986139820337064,0
Transitions,Transitions_mocap_mazen_c3d_walksideways_runbackwards_poses_120_jpos,216,4.32,0.03155630467878773,0
Transitions,Transitions_mocap_mazen_c3d_walksideways_runbackwards_poses_120_jpos,217,4.34,0.03323593958331956,0
Transitions,Transitions_mocap_mazen_c3d_walksideways_runbackwards_poses_120_jpos,218,4.36,0.03702635933551362,0
Transitions,Transitions_mocap_mazen_c3d_walksideways_runbackwards_poses_120_jpos,219,4.38,0.04404617658803311,0
Transitions,Transitions_mocap_mazen_c3d_walksideways_runbackwards_poses_120_jpos,220,4.4,0.053899893991832364,0
Transitions,Transitions_mocap_mazen_c3d_walksideways_runbackwards_poses_120_jpos,221,4.42,0.06426729861827604,1
Transitions,Transitions_mocap_mazen_c3d_walksideways_runbackwards_poses_120_jpos,222,4.44,0.07454660021291863,1
Transitions,Transitions_mocap_mazen_c3d_walksideways_runbackwards_poses_120_jpos,223,4.46,0.08309944733213079,1
Transitions,Transitions_mocap_mazen_c3d_walksideways_runbackwards_poses_120_jpos,224,4.48,0.08872423642540962,1
Transitions,Transitions_mocap_mazen_c3d_walksideways_runbackwards_poses_120_jpos,225,4.5,0.08884344998350861,1
Transitions,Transitions_mocap_mazen_c3d_walksideways_runbackwards_poses_120_jpos,226,4.52,0.0868531038529389,1
Transitions,Transitions_mocap_mazen_c3d_walksideways_runbackwards_poses_120_jpos,227,4.54,0.08291772992961943,1
Transitions,Transitions_mocap_mazen_c3d_walksideways_runbackwards_poses_120_jpos,228,4.56,0.0629411614892161,1
Transitions,Transitions_mocap_mazen_c3d_walksideways_runbackwards_poses_120_jpos,229,4.58,0.04716297136365345,0
Transitions,Transitions_mocap_mazen_c3d_walksideways_runbackwards_poses_120_jpos,230,4.6,0.03781279469365891,0
Transitions,Transitions_mocap_mazen_c3d_walksideways_runbackwards_poses_120_jpos,231,4.62,0.034248369694378104,0
Transitions,Transitions_mocap_mazen_c3d_walksideways_runbackwards_poses_120_jpos,232,4.64,0.03302232313798673,0
Transitions,Transitions_mocap_mazen_c3d_walksideways_runbackwards_poses_120_jpos,233,4.66,0.03157878446362054,0
Transitions,Transitions_mocap_mazen_c3d_walksideways_runbackwards_poses_120_jpos,234,4.68,0.030497866395631762,0
Transitions,Transitions_mocap_mazen_c3d_walksideways_runbackwards_poses_120_jpos,235,4.7,0.028978466853234748,0
Transitions,Transitions_mocap_mazen_c3d_walksideways_runbackwards_poses_120_jpos,236,4.72,0.027117738759851677,0
Transitions,Transitions_mocap_mazen_c3d_walksideways_runbackwards_poses_120_jpos,237,4.74,0.025307464385988597,0
Transitions,Transitions_mocap_mazen_c3d_walksideways_runbackwards_poses_120_jpos,238,4.76,0.026361213802821422,0
Transitions,Transitions_mocap_mazen_c3d_walksideways_runbackwards_poses_120_jpos,239,4.78,0.03389192406677073,0
Transitions,Transitions_mocap_mazen_c3d_walksideways_runbackwards_poses_120_jpos,240,4.8,0.038919156427058725,0
Transitions,Transitions_mocap_mazen_c3d_walksideways_runbackwards_poses_120_jpos,241,4.82,0.04175449181911261,0
Transitions,Transitions_mocap_mazen_c3d_walksideways_runbackwards_poses_120_jpos,242,4.84,0.0430510694941622,0
Transitions,Transitions_mocap_mazen_c3d_walksideways_runbackwards_poses_120_jpos,243,4.86,0.04294361057668105,0
Transitions,Transitions_mocap_mazen_c3d_walksideways_runbackwards_poses_120_jpos,244,4.88,0.040981231922772664,0
Transitions,Transitions_mocap_mazen_c3d_walksideways_runbackwards_poses_120_jpos,245,4.9,0.037761427398472235,0
Transitions,Transitions_mocap_mazen_c3d_walksideways_runbackwards_poses_120_jpos,246,4.92,0.03438036231641197,0
Transitions,Transitions_mocap_mazen_c3d_walksideways_runbackwards_poses_120_jpos,247,4.94,0.03187976798171521,0
Transitions,Transitions_mocap_mazen_c3d_walksideways_runbackwards_poses_120_jpos,248,4.96,0.029954571463593323,0
Transitions,Transitions_mocap_mazen_c3d_walksideways_runbackwards_poses_120_jpos,249,4.98,0.028120805433726012,0
Transitions,Transitions_mocap_mazen_c3d_walksideways_runbackwards_poses_120_jpos,250,5.0,0.026807571514652413,0
Transitions,Transitions_mocap_mazen_c3d_walksideways_runbackwards_poses_120_jpos,251,5.02,0.02603157195094285,0
Transitions,Transitions_mocap_mazen_c3d_walksideways_runbackwards_poses_120_jpos,252,5.04,0.025625364460579683,0
Transitions,Transitions_mocap_mazen_c3d_walksideways_runbackwards_poses_120_jpos,253,5.06,0.0260163206941598,0
Transitions,Transitions_mocap_mazen_c3d_walksideways_runbackwards_poses_120_jpos,254,5.08,0.02614128687078509,0
Transitions,Transitions_mocap_mazen_c3d_walksideways_runbackwards_poses_120_jpos,255,5.1,0.027204369739449306,0
Transitions,Transitions_mocap_mazen_c3d_walksideways_runbackwards_poses_120_jpos,256,5.12,0.029695648316497764,0
Transitions,Transitions_mocap_mazen_c3d_walksideways_runbackwards_poses_120_jpos,257,5.14,0.03349184552763559,0
Transitions,Transitions_mocap_mazen_c3d_walksideways_runbackwards_poses_120_jpos,258,5.16,0.03897684333745229,0
Transitions,Transitions_mocap_mazen_c3d_walksideways_runbackwards_poses_120_jpos,259,5.18,0.045912044635535644,0
Transitions,Transitions_mocap_mazen_c3d_walksideways_runbackwards_poses_120_jpos,260,5.2,0.040891608035892944,0
Transitions,Transitions_mocap_mazen_c3d_walksideways_runbackwards_poses_120_jpos,261,5.22,0.037040339464166995,0
Transitions,Transitions_mocap_mazen_c3d_walksideways_runbackwards_poses_120_jpos,262,5.24,0.036154506280143266,0
Transitions,Transitions_mocap_mazen_c3d_walksideways_runbackwards_poses_120_jpos,263,5.26,0.03901586293650546,0
Transitions,Transitions_mocap_mazen_c3d_walksideways_runbackwards_poses_120_jpos,264,5.28,0.04298052760107512,0
Transitions,Transitions_mocap_mazen_c3d_walksideways_runbackwards_poses_120_jpos,265,5.3,0.047620904607843274,0
Transitions,Transitions_mocap_mazen_c3d_walksideways_runbackwards_poses_120_jpos,266,5.32,0.052346619389747405,0
Transitions,Transitions_mocap_mazen_c3d_walksideways_runbackwards_poses_120_jpos,267,5.34,0.057276591899183237,0
Transitions,Transitions_mocap_mazen_c3d_walksideways_runbackwards_poses_120_jpos,268,5.36,0.061790327388725634,1
Transitions,Transitions_mocap_mazen_c3d_walksideways_runbackwards_poses_120_jpos,269,5.38,0.0658872922154869,1
Transitions,Transitions_mocap_mazen_c3d_walksideways_runbackwards_poses_120_jpos,270,5.4,0.06941527830680123,1
Transitions,Transitions_mocap_mazen_c3d_walksideways_runbackwards_poses_120_jpos,271,5.42,0.07144684394186084,1
Transitions,Transitions_mocap_mazen_c3d_walksideways_runbackwards_poses_120_jpos,272,5.44,0.07194983897517802,1
Transitions,Transitions_mocap_mazen_c3d_walksideways_runbackwards_poses_120_jpos,273,5.46,0.071012842965172,1
Transitions,Transitions_mocap_mazen_c3d_walksideways_runbackwards_poses_120_jpos,274,5.48,0.06869016372846391,1
Transitions,Transitions_mocap_mazen_c3d_walksideways_runbackwards_poses_120_jpos,275,5.5,0.05824519648160096,0
Transitions,Transitions_mocap_mazen_c3d_walksideways_runbackwards_poses_120_jpos,276,5.52,0.04592144691202244,0
Transitions,Transitions_mocap_mazen_c3d_walksideways_runbackwards_poses_120_jpos,277,5.54,0.03852395454319218,0
Transitions,Transitions_mocap_mazen_c3d_walksideways_runbackwards_poses_120_jpos,278,5.56,0.03559268610272766,0
Transitions,Transitions_mocap_mazen_c3d_walksideways_runbackwards_poses_120_jpos,279,5.58,0.03524804889730545,0
Transitions,Transitions_mocap_mazen_c3d_walksideways_runbackwards_poses_120_jpos,280,5.6,0.03569322914222686,0
Transitions,Transitions_mocap_mazen_c3d_walksideways_runbackwards_poses_120_jpos,281,5.62,0.03280508166636035,0
Transitions,Transitions_mocap_mazen_c3d_walksideways_runbackwards_poses_120_jpos,282,5.64,0.030803060259199024,0
Transitions,Transitions_mocap_mazen_c3d_walksideways_runbackwards_poses_120_jpos,283,5.66,0.029024860970634378,0
Transitions,Transitions_mocap_mazen_c3d_walksideways_runbackwards_poses_120_jpos,284,5.68,0.028825467570238662,0
Transitions,Transitions_mocap_mazen_c3d_walksideways_runbackwards_poses_120_jpos,285,5.7,0.030137212572024792,0
Transitions,Transitions_mocap_mazen_c3d_walksideways_runbackwards_poses_120_jpos,286,5.72,0.031384009155717194,0
Transitions,Transitions_mocap_mazen_c3d_walksideways_runbackwards_poses_120_jpos,287,5.74,0.03278111481135025,0
Transitions,Transitions_mocap_mazen_c3d_walksideways_runbackwards_poses_120_jpos,288,5.76,0.03285216609609825,0
Transitions,Transitions_mocap_mazen_c3d_walksideways_runbackwards_poses_120_jpos,289,5.78,0.03239536682325736,0
Transitions,Transitions_mocap_mazen_c3d_walksideways_runbackwards_poses_120_jpos,290,5.8,0.030854296994059366,0
Transitions,Transitions_mocap_mazen_c3d_walksideways_runbackwards_poses_120_jpos,291,5.82,0.029411677786422494,0
Transitions,Transitions_mocap_mazen_c3d_walksideways_runbackwards_poses_120_jpos,292,5.84,0.028283433052463287,0
Transitions,Transitions_mocap_mazen_c3d_walksideways_runbackwards_poses_120_jpos,293,5.86,0.027564081016706724,0
Transitions,Transitions_mocap_mazen_c3d_walksideways_runbackwards_poses_120_jpos,294,5.88,0.027255022250945102,0
Transitions,Transitions_mocap_mazen_c3d_walksideways_runbackwards_poses_120_jpos,295,5.9,0.027045864938132526,0
Transitions,Transitions_mocap_mazen_c3d_walksideways_runbackwards_poses_120_jpos,296,5.92,0.027230763577671763,0
Transitions,Transitions_mocap_mazen_c3d_walksideways_runbackwards_poses_120_jpos,297,5.94,0.02735559438391584,0
Transitions,Transitions_mocap_mazen_c3d_walksideways_runbackwards_poses_120_jpos,298,5.96,0.02722076029735828,0
Transitions,Transitions_mocap_mazen_c3d_walksideways_runbackwards_poses_120_jpos,299,5.98,0.026839924034660463,0
Transitions,Transitions_mocap_mazen_c3d_walksideways_runbackwards_poses_120_jpos,300,6.0,0.026584257777361203,0
Transitions,Transitions_mocap_mazen_c3d_walksideways_runbackwards_poses_120_jpos,301,6.02,0.02623196863267791,0
Transitions,Transitions_mocap_mazen_c3d_walksideways_runbackwards_poses_120_jpos,302,6.04,0.025479072760576447,0
Transitions,Transitions_mocap_mazen_c3d_walksideways_runbackwards_poses_120_jpos,303,6.06,0.02417260594655648,0
Transitions,Transitions_mocap_mazen_c3d_walksideways_runbackwards_poses_120_jpos,304,6.08,0.02272717960254577,0
Transitions,Transitions_mocap_mazen_c3d_walksideways_runbackwards_poses_120_jpos,305,6.1,0.021201911606388103,0
Transitions,Transitions_mocap_mazen_c3d_walksideways_runbackwards_poses_120_jpos,306,6.12,0.019901165758736357,0
Transitions,Transitions_mocap_mazen_c3d_walksideways_runbackwards_poses_120_jpos,307,6.14,0.018880243109610985,0
Transitions,Transitions_mocap_mazen_c3d_walksideways_runbackwards_poses_120_jpos,308,6.16,0.01740983352223329,0
Transitions,Transitions_mocap_mazen_c3d_walksideways_runbackwards_poses_120_jpos,309,6.18,0.016103221859973878,0
Transitions,Transitions_mocap_mazen_c3d_walksideways_runbackwards_poses_120_jpos,310,6.2,0.014553421451029664,0
Transitions,Transitions_mocap_mazen_c3d_walksideways_runbackwards_poses_120_jpos,311,6.22,0.013169120261826513,0
Transitions,Transitions_mocap_mazen_c3d_walksideways_runbackwards_poses_120_jpos,312,6.24,0.012058320838022414,0
Transitions,Transitions_mocap_mazen_c3d_walksideways_runbackwards_poses_120_jpos,313,6.26,0.010799318495064028,0
Transitions,Transitions_mocap_mazen_c3d_walksideways_runbackwards_poses_120_jpos,314,6.28,0.009495883460312828,0
Transitions,Transitions_mocap_mazen_c3d_walksideways_runbackwards_poses_120_jpos,315,6.3,0.008300672527066963,0
Transitions,Transitions_mocap_mazen_c3d_walksideways_runbackwards_poses_120_jpos,316,6.32,0.006914987143815688,0
Transitions,Transitions_mocap_mazen_c3d_walksideways_runbackwards_poses_120_jpos,317,6.34,0.005420507786994511,0
Transitions,Transitions_mocap_mazen_c3d_walksideways_runbackwards_poses_120_jpos,318,6.36,0.004253411751686167,0
Transitions,Transitions_mocap_mazen_c3d_walksideways_runbackwards_poses_120_jpos,319,6.38,0.003181518504596966,0
Transitions,Transitions_mocap_mazen_c3d_walksideways_runbackwards_poses_120_jpos,320,6.4,0.0021245812725723817,0
Transitions,Transitions_mocap_mazen_c3d_walksideways_runbackwards_poses_120_jpos,321,6.42,0.0013534149151860995,0
Transitions,Transitions_mocap_mazen_c3d_walksideways_runbackwards_poses_120_jpos,322,6.44,0.0009935934483167354,0
Transitions,Transitions_mocap_mazen_c3d_walksideways_runbackwards_poses_120_jpos,323,6.46,0.0006172767589204958,0
Transitions,Transitions_mocap_mazen_c3d_walksideways_runbackwards_poses_120_jpos,324,6.48,0.0005367169266987191,0
Transitions,Transitions_mocap_mazen_c3d_walksideways_runbackwards_poses_120_jpos,325,6.5,0.0005500784484618881,0
Transitions,Transitions_mocap_mazen_c3d_walksideways_runbackwards_poses_120_jpos,326,6.52,0.0006655160747215012,0
Transitions,Transitions_mocap_mazen_c3d_walksideways_runbackwards_poses_120_jpos,327,6.54,0.0007324950169288053,0
Transitions,Transitions_mocap_mazen_c3d_walksideways_runbackwards_poses_120_jpos,328,6.56,0.0006916675000424779,0
Transitions,Transitions_mocap_mazen_c3d_walksideways_runbackwards_poses_120_jpos,329,6.58,0.0005352153387613457,0
Transitions,Transitions_mocap_mazen_c3d_walksideways_runbackwards_poses_120_jpos,330,6.6,0.0002856378759972227,0
Transitions,Transitions_mocap_mazen_c3d_walksideways_runbackwards_poses_120_jpos,331,6.62,9.208243430184823e-05,0
Transitions,Transitions_mocap_mazen_c3d_walksideways_runbackwards_poses_120_jpos,332,6.64,-0.000140086073441811,0
Transitions,Transitions_mocap_mazen_c3d_walksideways_runbackwards_poses_120_jpos,333,6.66,-0.00020703564077407047,0
Transitions,Transitions_mocap_mazen_c3d_walksideways_runbackwards_poses_120_jpos,334,6.68,-0.00014647378496956617,0
Transitions,Transitions_mocap_mazen_c3d_walksideways_runbackwards_poses_120_jpos,335,6.7,-6.192654389744132e-06,0
Transitions,Transitions_mocap_mazen_c3d_walksideways_runbackwards_poses_120_jpos,336,6.72,0.00019884054951675723,0
Transitions,Transitions_mocap_mazen_c3d_walksideways_runbackwards_poses_120_jpos,337,6.74,0.00029175725865451634,0
Transitions,Transitions_mocap_mazen_c3d_walksideways_runbackwards_poses_120_jpos,338,6.76,0.00032710325487269806,0
Transitions,Transitions_mocap_mazen_c3d_walksideways_runbackwards_poses_120_jpos,339,6.78,0.00028679091566042453,0
Transitions,Transitions_mocap_mazen_c3d_walksideways_runbackwards_poses_120_jpos,340,6.8,0.000289003377809946,0
Transitions,Transitions_mocap_mazen_c3d_walksideways_runbackwards_poses_120_jpos,341,6.82,0.0002535972071976769,0
Transitions,Transitions_mocap_mazen_c3d_walksideways_runbackwards_poses_120_jpos,342,6.84,0.00018493772710384201,0
Transitions,Transitions_mocap_mazen_c3d_walksideways_runbackwards_poses_120_jpos,343,6.86,0.00015868475899579078,0
Transitions,Transitions_mocap_mazen_c3d_walksideways_runbackwards_poses_120_jpos,344,6.88,8.344686911012159e-05,0
Transitions,Transitions_mocap_mazen_c3d_walksideways_runbackwards_poses_120_jpos,345,6.9,7.659742392940663e-06,0
Transitions,Transitions_mocap_mazen_c3d_turntwist_jumpingtwist3602_poses_120_jpos,0,0.0,0.006315006599019507,0
Transitions,Transitions_mocap_mazen_c3d_turntwist_jumpingtwist3602_poses_120_jpos,1,0.02,0.006960881255509121,0
Transitions,Transitions_mocap_mazen_c3d_turntwist_jumpingtwist3602_poses_120_jpos,2,0.04,0.008339178201526765,0
Transitions,Transitions_mocap_mazen_c3d_turntwist_jumpingtwist3602_poses_120_jpos,3,0.06,0.00997831839118317,0
Transitions,Transitions_mocap_mazen_c3d_turntwist_jumpingtwist3602_poses_120_jpos,4,0.08,0.012409259236455803,0
Transitions,Transitions_mocap_mazen_c3d_turntwist_jumpingtwist3602_poses_120_jpos,5,0.1,0.014794387584827933,0
Transitions,Transitions_mocap_mazen_c3d_turntwist_jumpingtwist3602_poses_120_jpos,6,0.12,0.017803339542093587,0
Transitions,Transitions_mocap_mazen_c3d_turntwist_jumpingtwist3602_poses_120_jpos,7,0.14,0.02009866322731143,0
Transitions,Transitions_mocap_mazen_c3d_turntwist_jumpingtwist3602_poses_120_jpos,8,0.16,0.021547698365719244,0
Transitions,Transitions_mocap_mazen_c3d_turntwist_jumpingtwist3602_poses_120_jpos,9,0.18,0.022254317013711902,0
Transitions,Transitions_mocap_mazen_c3d_turntwist_jumpingtwist3602_poses_120_jpos,10,0.2,0.02239579997573706,0
Transitions,Transitions_mocap_mazen_c3d_turntwist_jumpingtwist3602_poses_120_jpos,11,0.22,0.02215850821897552,0
Transitions,Transitions_mocap_mazen_c3d_turntwist_jumpingtwist3602_poses_120_jpos,12,0.24,0.02148641850990632,0
Transitions,Transitions_mocap_mazen_c3d_turntwist_jumpingtwist3602_poses_120_jpos,13,0.26,0.020663272987529693,0
Transitions,Transitions_mocap_mazen_c3d_turntwist_jumpingtwist3602_poses_120_jpos,14,0.28,0.019435841730718002,0
Transitions,Transitions_mocap_mazen_c3d_turntwist_jumpingtwist3602_poses_120_jpos,15,0.3,0.017977644332685234,0
Transitions,Transitions_mocap_mazen_c3d_turntwist_jumpingtwist3602_poses_120_jpos,16,0.32,0.015954030837240937,0
Transitions,Transitions_mocap_mazen_c3d_turntwist_jumpingtwist3602_poses_120_jpos,17,0.34,0.013509930602870904,0
Transitions,Transitions_mocap_mazen_c3d_turntwist_jumpingtwist3602_poses_120_jpos,18,0.36,0.010970318370984838,0
Transitions,Transitions_mocap_mazen_c3d_turntwist_jumpingtwist3602_poses_120_jpos,19,0.38,0.00844116712382585,0
Transitions,Transitions_mocap_mazen_c3d_turntwist_jumpingtwist3602_poses_120_jpos,20,0.4,0.006559142453875401,0
Transitions,Transitions_mocap_mazen_c3d_turntwist_jumpingtwist3602_poses_120_jpos,21,0.42,0.005123207609127324,0
Transitions,Transitions_mocap_mazen_c3d_turntwist_jumpingtwist3602_poses_120_jpos,22,0.44,0.004785733820814717,0
Transitions,Transitions_mocap_mazen_c3d_turntwist_jumpingtwist3602_poses_120_jpos,23,0.46,0.005910375679337417,0
Transitions,Transitions_mocap_mazen_c3d_turntwist_jumpingtwist3602_poses_120_jpos,24,0.48,0.00939618378711188,0
Transitions,Transitions_mocap_mazen_c3d_turntwist_jumpingtwist3602_poses_120_jpos,25,0.5,0.016758596713380147,0
Transitions,Transitions_mocap_mazen_c3d_turntwist_jumpingtwist3602_poses_120_jpos,26,0.52,0.028100022291847847,0
Transitions,Transitions_mocap_mazen_c3d_turntwist_jumpingtwist3602_poses_120_jpos,27,0.54,0.041848419502838255,0
Transitions,Transitions_mocap_mazen_c3d_turntwist_jumpingtwist3602_poses_120_jpos,28,0.56,0.05727319919522545,0
Transitions,Transitions_mocap_mazen_c3d_turntwist_jumpingtwist3602_poses_120_jpos,29,0.58,0.07252453635979737,1
Transitions,Transitions_mocap_mazen_c3d_turntwist_jumpingtwist3602_poses_120_jpos,30,0.6,0.08182329802142004,1
Transitions,Transitions_mocap_mazen_c3d_turntwist_jumpingtwist3602_poses_120_jpos,31,0.62,0.0800621056084166,1
Transitions,Transitions_mocap_mazen_c3d_turntwist_jumpingtwist3602_poses_120_jpos,32,0.64,0.07840282178114144,1
Transitions,Transitions_mocap_mazen_c3d_turntwist_jumpingtwist3602_poses_120_jpos,33,0.66,0.07654428978572449,1
Transitions,Transitions_mocap_mazen_c3d_turntwist_jumpingtwist3602_poses_120_jpos,34,0.68,0.07482136299443458,1
Transitions,Transitions_mocap_mazen_c3d_turntwist_jumpingtwist3602_poses_120_jpos,35,0.7,0.07316471181407616,1
Transitions,Transitions_mocap_mazen_c3d_turntwist_jumpingtwist3602_poses_120_jpos,36,0.72,0.07275070814144252,1
Transitions,Transitions_mocap_mazen_c3d_turntwist_jumpingtwist3602_poses_120_jpos,37,0.74,0.07249411517844119,1
Transitions,Transitions_mocap_mazen_c3d_turntwist_jumpingtwist3602_poses_120_jpos,38,0.76,0.07259291614994696,1
Transitions,Transitions_mocap_mazen_c3d_turntwist_jumpingtwist3602_poses_120_jpos,39,0.78,0.07349133070540147,1
Transitions,Transitions_mocap_mazen_c3d_turntwist_jumpingtwist3602_poses_120_jpos,40,0.8,0.07435899041237153,1
Transitions,Transitions_mocap_mazen_c3d_turntwist_jumpingtwist3602_poses_120_jpos,41,0.82,0.07580954381204937,1
Transitions,Transitions_mocap_mazen_c3d_turntwist_jumpingtwist3602_poses_120_jpos,42,0.84,0.07907471213296706,1
Transitions,Transitions_mocap_mazen_c3d_turntwist_jumpingtwist3602_poses_120_jpos,43,0.86,0.07966312888640542,1
Transitions,Transitions_mocap_mazen_c3d_turntwist_jumpingtwist3602_poses_120_jpos,44,0.88,0.07296295733498394,1
Transitions,Transitions_mocap_mazen_c3d_turntwist_jumpingtwist3602_poses_120_jpos,45,0.9,0.06534490017935497,1
Transitions,Transitions_mocap_mazen_c3d_turntwist_jumpingtwist3602_poses_120_jpos,46,0.92,0.05769979069107687,0
Transitions,Transitions_mocap_mazen_c3d_turntwist_jumpingtwist3602_poses_120_jpos,47,0.94,0.0576974697658827,0
Transitions,Transitions_mocap_mazen_c3d_turntwist_jumpingtwist3602_poses_120_jpos,48,0.96,0.05612938047130298,0
Transitions,Transitions_mocap_mazen_c3d_turntwist_jumpingtwist3602_poses_120_jpos,49,0.98,0.054402385013854686,0
Transitions,Transitions_mocap_mazen_c3d_turntwist_jumpingtwist3602_poses_120_jpos,50,1.0,0.053658570292836445,0
Transitions,Transitions_mocap_mazen_c3d_turntwist_jumpingtwist3602_poses_120_jpos,51,1.02,0.05390968287028199,0
Transitions,Transitions_mocap_mazen_c3d_turntwist_jumpingtwist3602_poses_120_jpos,52,1.04,0.05462725474709341,0
Transitions,Transitions_mocap_mazen_c3d_turntwist_jumpingtwist3602_poses_120_jpos,53,1.06,0.05666700740360172,0
Transitions,Transitions_mocap_mazen_c3d_turntwist_jumpingtwist3602_poses_120_jpos,54,1.08,0.06136639437623476,1
Transitions,Transitions_mocap_mazen_c3d_turntwist_jumpingtwist3602_poses_120_jpos,55,1.1,0.06836345235654935,1
Transitions,Transitions_mocap_mazen_c3d_turntwist_jumpingtwist3602_poses_120_jpos,56,1.12,0.07543435481922686,1
Transitions,Transitions_mocap_mazen_c3d_turntwist_jumpingtwist3602_poses_120_jpos,57,1.14,0.08112313699196783,1
Transitions,Transitions_mocap_mazen_c3d_turntwist_jumpingtwist3602_poses_120_jpos,58,1.16,0.08660540812532222,1
Transitions,Transitions_mocap_mazen_c3d_turntwist_jumpingtwist3602_poses_120_jpos,59,1.18,0.09044923638889407,1
Transitions,Transitions_mocap_mazen_c3d_turntwist_jumpingtwist3602_poses_120_jpos,60,1.2,0.09308771768504846,1
Transitions,Transitions_mocap_mazen_c3d_turntwist_jumpingtwist3602_poses_120_jpos,61,1.22,0.09488170898485805,1
Transitions,Transitions_mocap_mazen_c3d_turntwist_jumpingtwist3602_poses_120_jpos,62,1.24,0.09741504970502227,1
Transitions,Transitions_mocap_mazen_c3d_turntwist_jumpingtwist3602_poses_120_jpos,63,1.26,0.09858287641771907,1
Transitions,Transitions_mocap_mazen_c3d_turntwist_jumpingtwist3602_poses_120_jpos,64,1.28,0.09830559417796886,1
Transitions,Transitions_mocap_mazen_c3d_turntwist_jumpingtwist3602_poses_120_jpos,65,1.3,0.09604347952068731,1
Transitions,Transitions_mocap_mazen_c3d_turntwist_jumpingtwist3602_poses_120_jpos,66,1.32,0.09238354405048181,1
Transitions,Transitions_mocap_mazen_c3d_turntwist_jumpingtwist3602_poses_120_jpos,67,1.34,0.08866342390911203,1
Transitions,Transitions_mocap_mazen_c3d_turntwist_jumpingtwist3602_poses_120_jpos,68,1.36,0.08458682399498467,1
Transitions,Transitions_mocap_mazen_c3d_turntwist_jumpingtwist3602_poses_120_jpos,69,1.38,0.08025649695344085,1
Transitions,Transitions_mocap_mazen_c3d_turntwist_jumpingtwist3602_poses_120_jpos,70,1.4,0.07581014112846325,1
Transitions,Transitions_mocap_mazen_c3d_turntwist_jumpingtwist3602_poses_120_jpos,71,1.42,0.07109708260494957,1
Transitions,Transitions_mocap_mazen_c3d_turntwist_jumpingtwist3602_poses_120_jpos,72,1.44,0.06558017678164679,1
Transitions,Transitions_mocap_mazen_c3d_turntwist_jumpingtwist3602_poses_120_jpos,73,1.46,0.059540022735481375,0
Transitions,Transitions_mocap_mazen_c3d_turntwist_jumpingtwist3602_poses_120_jpos,74,1.48,0.05901165505953313,0
Transitions,Transitions_mocap_mazen_c3d_turntwist_jumpingtwist3602_poses_120_jpos,75,1.5,0.0635799965040998,1
Transitions,Transitions_mocap_mazen_c3d_turntwist_jumpingtwist3602_poses_120_jpos,76,1.52,0.07919492120140623,1
Transitions,Transitions_mocap_mazen_c3d_turntwist_jumpingtwist3602_poses_120_jpos,77,1.54,0.10323979899934034,1
Transitions,Transitions_mocap_mazen_c3d_turntwist_jumpingtwist3602_poses_120_jpos,78,1.56,0.13212293659753843,1
Transitions,Transitions_mocap_mazen_c3d_turntwist_jumpingtwist3602_poses_120_jpos,79,1.58,0.15579782505209538,1
Transitions,Transitions_mocap_mazen_c3d_turntwist_jumpingtwist3602_poses_120_jpos,80,1.6,0.17722643184042947,1
Transitions,Transitions_mocap_mazen_c3d_turntwist_jumpingtwist3602_poses_120_jpos,81,1.62,0.1881004196877363,1
Transitions,Transitions_mocap_mazen_c3d_turntwist_jumpingtwist3602_poses_120_jpos,82,1.64,0.19582555807802454,1
Transitions,Transitions_mocap_mazen_c3d_turntwist_jumpingtwist3602_poses_120_jpos,83,1.66,0.20133231636916704,1
Transitions,Transitions_mocap_mazen_c3d_turntwist_jumpingtwist3602_poses_120_jpos,84,1.68,0.204047106918965,1
Transitions,Transitions_mocap_mazen_c3d_turntwist_jumpingtwist3602_poses_120_jpos,85,1.7,0.20430146190397525,1
Transitions,Transitions_mocap_mazen_c3d_turntwist_jumpingtwist3602_poses_120_jpos,86,1.72,0.2015239386202629,1
Transitions,Transitions_mocap_mazen_c3d_turntwist_jumpingtwist3602_poses_120_jpos,87,1.74,0.19712790800637658,1
Transitions,Transitions_mocap_mazen_c3d_turntwist_jumpingtwist3602_poses_120_jpos,88,1.76,0.1906434907479006,1
Transitions,Transitions_mocap_mazen_c3d_turntwist_jumpingtwist3602_poses_120_jpos,89,1.78,0.18175739029003518,1
Transitions,Transitions_mocap_mazen_c3d_turntwist_jumpingtwist3602_poses_120_jpos,90,1.8,0.17049261264461996,1
Transitions,Transitions_mocap_mazen_c3d_turntwist_jumpingtwist3602_poses_120_jpos,91,1.82,0.1571777001087033,1
Transitions,Transitions_mocap_mazen_c3d_turntwist_jumpingtwist3602_poses_120_jpos,92,1.84,0.1409928814053343,1
Transitions,Transitions_mocap_mazen_c3d_turntwist_jumpingtwist3602_poses_120_jpos,93,1.86,0.12300585336179172,1
Transitions,Transitions_mocap_mazen_c3d_turntwist_jumpingtwist3602_poses_120_jpos,94,1.88,0.10295114749467302,1
Transitions,Transitions_mocap_mazen_c3d_turntwist_jumpingtwist3602_poses_120_jpos,95,1.9,0.0849452675500837,1
Transitions,Transitions_mocap_mazen_c3d_turntwist_jumpingtwist3602_poses_120_jpos,96,1.92,0.06886439819220565,1
Transitions,Transitions_mocap_mazen_c3d_turntwist_jumpingtwist3602_poses_120_jpos,97,1.94,0.07317880872720753,1
Transitions,Transitions_mocap_mazen_c3d_turntwist_jumpingtwist3602_poses_120_jpos,98,1.96,0.07968226684379737,1
Transitions,Transitions_mocap_mazen_c3d_turntwist_jumpingtwist3602_poses_120_jpos,99,1.98,0.08158725493207065,1
Transitions,Transitions_mocap_mazen_c3d_turntwist_jumpingtwist3602_poses_120_jpos,100,2.0,0.07845492511476829,1
Transitions,Transitions_mocap_mazen_c3d_turntwist_jumpingtwist3602_poses_120_jpos,101,2.02,0.08110390856819628,1
Transitions,Transitions_mocap_mazen_c3d_turntwist_jumpingtwist3602_poses_120_jpos,102,2.04,0.08210083359093862,1
Transitions,Transitions_mocap_mazen_c3d_turntwist_jumpingtwist3602_poses_120_jpos,103,2.06,0.08020941244464837,1
Transitions,Transitions_mocap_mazen_c3d_turntwist_jumpingtwist3602_poses_120_jpos,104,2.08,0.07956208378851427,1
Transitions,Transitions_mocap_mazen_c3d_turntwist_jumpingtwist3602_poses_120_jpos,105,2.1,0.07914296500565839,1
Transitions,Transitions_mocap_mazen_c3d_turntwist_jumpingtwist3602_poses_120_jpos,106,2.12,0.07729590871287229,1
Transitions,Transitions_mocap_mazen_c3d_turntwist_jumpingtwist3602_poses_120_jpos,107,2.14,0.07520399513494783,1
Transitions,Transitions_mocap_mazen_c3d_turntwist_jumpingtwist3602_poses_120_jpos,108,2.16,0.0739428960236717,1
Transitions,Transitions_mocap_mazen_c3d_turntwist_jumpingtwist3602_poses_120_jpos,109,2.18,0.07328447186449778,1
Transitions,Transitions_mocap_mazen_c3d_turntwist_jumpingtwist3602_poses_120_jpos,110,2.2,0.07298917669239148,1
Transitions,Transitions_mocap_mazen_c3d_turntwist_jumpingtwist3602_poses_120_jpos,111,2.22,0.0718840781102626,1
Transitions,Transitions_mocap_mazen_c3d_turntwist_jumpingtwist3602_poses_120_jpos,112,2.24,0.0709733756516587,1
Transitions,Transitions_mocap_mazen_c3d_turntwist_jumpingtwist3602_poses_120_jpos,113,2.26,0.07039816912880341,1
Transitions,Transitions_mocap_mazen_c3d_turntwist_jumpingtwist3602_poses_120_jpos,114,2.28,0.07020154798734311,1
Transitions,Transitions_mocap_mazen_c3d_turntwist_jumpingtwist3602_poses_120_jpos,115,2.3,0.06944813902520135,1
Transitions,Transitions_mocap_mazen_c3d_turntwist_jumpingtwist3602_poses_120_jpos,116,2.32,0.06805420189313996,1
Transitions,Transitions_mocap_mazen_c3d_turntwist_jumpingtwist3602_poses_120_jpos,117,2.34,0.06635536664827296,1
Transitions,Transitions_mocap_mazen_c3d_turntwist_jumpingtwist3602_poses_120_jpos,118,2.36,0.06461585404979692,1
Transitions,Transitions_mocap_mazen_c3d_turntwist_jumpingtwist3602_poses_120_jpos,119,2.38,0.06291249741489666,1
Transitions,Transitions_mocap_mazen_c3d_turntwist_jumpingtwist3602_poses_120_jpos,120,2.4,0.06144600162367223,1
Transitions,Transitions_mocap_mazen_c3d_turntwist_jumpingtwist3602_poses_120_jpos,121,2.42,0.06017321609571422,1
Transitions,Transitions_mocap_mazen_c3d_turntwist_jumpingtwist3602_poses_120_jpos,122,2.44,0.05866289092575915,0
Transitions,Transitions_mocap_mazen_c3d_turntwist_jumpingtwist3602_poses_120_jpos,123,2.46,0.05707206416102308,0
Transitions,Transitions_mocap_mazen_c3d_turntwist_jumpingtwist3602_poses_120_jpos,124,2.48,0.0556116661618191,0
Transitions,Transitions_mocap_mazen_c3d_turntwist_jumpingtwist3602_poses_120_jpos,125,2.5,0.05448264482486937,0
Transitions,Transitions_mocap_mazen_c3d_turntwist_jumpingtwist3602_poses_120_jpos,126,2.52,0.05313940084863567,0
Transitions,Transitions_mocap_mazen_c3d_turntwist_jumpingtwist3602_poses_120_jpos,127,2.54,0.05237671827144964,0
Transitions,Transitions_mocap_mazen_c3d_turntwist_jumpingtwist3602_poses_120_jpos,128,2.56,0.05184267529375771,0
Transitions,Transitions_mocap_mazen_c3d_turntwist_jumpingtwist3602_poses_120_jpos,129,2.58,0.05252505911269966,0
Transitions,Transitions_mocap_mazen_c3d_turntwist_jumpingtwist3602_poses_120_jpos,130,2.6,0.05451262849566826,0
Transitions,Transitions_mocap_mazen_c3d_turntwist_jumpingtwist3602_poses_120_jpos,131,2.62,0.05789041964453998,0
Transitions,Transitions_mocap_mazen_c3d_turntwist_jumpingtwist3602_poses_120_jpos,132,2.64,0.0637941113681743,1
Transitions,Transitions_mocap_mazen_c3d_turntwist_jumpingtwist3602_poses_120_jpos,133,2.66,0.07275142996948063,1
Transitions,Transitions_mocap_mazen_c3d_turntwist_jumpingtwist3602_poses_120_jpos,134,2.68,0.08207272928895844,1
Transitions,Transitions_mocap_mazen_c3d_turntwist_jumpingtwist3602_poses_120_jpos,135,2.7,0.08744562686361264,1
Transitions,Transitions_mocap_mazen_c3d_turntwist_jumpingtwist3602_poses_120_jpos,136,2.72,0.08606384941072359,1
Transitions,Transitions_mocap_mazen_c3d_turntwist_jumpingtwist3602_poses_120_jpos,137,2.74,0.08435314619861192,1
Transitions,Transitions_mocap_mazen_c3d_turntwist_jumpingtwist3602_poses_120_jpos,138,2.76,0.08401460285677594,1
Transitions,Transitions_mocap_mazen_c3d_turntwist_jumpingtwist3602_poses_120_jpos,139,2.78,0.08295478185823178,1
Transitions,Transitions_mocap_mazen_c3d_turntwist_jumpingtwist3602_poses_120_jpos,140,2.8,0.0828554869356551,1
Transitions,Transitions_mocap_mazen_c3d_turntwist_jumpingtwist3602_poses_120_jpos,141,2.82,0.08246507195313033,1
Transitions,Transitions_mocap_mazen_c3d_turntwist_jumpingtwist3602_poses_120_jpos,142,2.84,0.082277262117629,1
Transitions,Transitions_mocap_mazen_c3d_turntwist_jumpingtwist3602_poses_120_jpos,143,2.86,0.08193965514478042,1
Transitions,Transitions_mocap_mazen_c3d_turntwist_jumpingtwist3602_poses_120_jpos,144,2.88,0.081785038364845,1
Transitions,Transitions_mocap_mazen_c3d_turntwist_jumpingtwist3602_poses_120_jpos,145,2.9,0.08126035513312364,1
Transitions,Transitions_mocap_mazen_c3d_turntwist_jumpingtwist3602_poses_120_jpos,146,2.92,0.08054088135307275,1
Transitions,Transitions_mocap_mazen_c3d_turntwist_jumpingtwist3602_poses_120_jpos,147,2.94,0.08001120540768124,1
Transitions,Transitions_mocap_mazen_c3d_turntwist_jumpingtwist3602_poses_120_jpos,148,2.96,0.07663023829278351,1
Transitions,Transitions_mocap_mazen_c3d_turntwist_jumpingtwist3602_poses_120_jpos,149,2.98,0.06807646950933094,1
Transitions,Transitions_mocap_mazen_c3d_turntwist_jumpingtwist3602_poses_120_jpos,150,3.0,0.06613386704631165,1
Transitions,Transitions_mocap_mazen_c3d_turntwist_jumpingtwist3602_poses_120_jpos,151,3.02,0.06344252629735228,1
Transitions,Transitions_mocap_mazen_c3d_turntwist_jumpingtwist3602_poses_120_jpos,152,3.04,0.061515321082141784,1
Transitions,Transitions_mocap_mazen_c3d_turntwist_jumpingtwist3602_poses_120_jpos,153,3.06,0.06076863819859837,1
Transitions,Transitions_mocap_mazen_c3d_turntwist_jumpingtwist3602_poses_120_jpos,154,3.08,0.0588636667980549,0
Transitions,Transitions_mocap_mazen_c3d_turntwist_jumpingtwist3602_poses_120_jpos,155,3.1,0.05655744856598489,0
Transitions,Transitions_mocap_mazen_c3d_turntwist_jumpingtwist3602_poses_120_jpos,156,3.12,0.05473105228030318,0
Transitions,Transitions_mocap_mazen_c3d_turntwist_jumpingtwist3602_poses_120_jpos,157,3.14,0.05319527859385808,0
Transitions,Transitions_mocap_mazen_c3d_turntwist_jumpingtwist3602_poses_120_jpos,158,3.16,0.052100765889884444,0
Transitions,Transitions_mocap_mazen_c3d_turntwist_jumpingtwist3602_poses_120_jpos,159,3.18,0.0498296856686824,0
Transitions,Transitions_mocap_mazen_c3d_turntwist_jumpingtwist3602_poses_120_jpos,160,3.2,0.04589961916172406,0
Transitions,Transitions_mocap_mazen_c3d_turntwist_jumpingtwist3602_poses_120_jpos,161,3.22,0.04203180296546624,0
Transitions,Transitions_mocap_mazen_c3d_turntwist_jumpingtwist3602_poses_120_jpos,162,3.24,0.03902901960675914,0
Transitions,Transitions_mocap_mazen_c3d_turntwist_jumpingtwist3602_poses_120_jpos,163,3.26,0.03675859824659974,0
Transitions,Transitions_mocap_mazen_c3d_turntwist_jumpingtwist3602_poses_120_jpos,164,3.28,0.03497828142891125,0
Transitions,Transitions_mocap_mazen_c3d_turntwist_jumpingtwist3602_poses_120_jpos,165,3.3,0.03378242135201145,0
Transitions,Transitions_mocap_mazen_c3d_turntwist_jumpingtwist3602_poses_120_jpos,166,3.32,0.03305422022617457,0
Transitions,Transitions_mocap_mazen_c3d_turntwist_jumpingtwist3602_poses_120_jpos,167,3.34,0.03218432205859776,0
Transitions,Transitions_mocap_mazen_c3d_turntwist_jumpingtwist3602_poses_120_jpos,168,3.36,0.031476300792283744,0
Transitions,Transitions_mocap_mazen_c3d_turntwist_jumpingtwist3602_poses_120_jpos,169,3.38,0.03053094802658588,0
Transitions,Transitions_mocap_mazen_c3d_turntwist_jumpingtwist3602_poses_120_jpos,170,3.4,0.029667907961531452,0
Transitions,Transitions_mocap_mazen_c3d_turntwist_jumpingtwist3602_poses_120_jpos,171,3.42,0.028792310228297806,0
Transitions,Transitions_mocap_mazen_c3d_turntwist_jumpingtwist3602_poses_120_jpos,172,3.44,0.028011468239236753,0
Transitions,Transitions_mocap_mazen_c3d_turntwist_jumpingtwist3602_poses_120_jpos,173,3.46,0.027805364188731738,0
Transitions,Transitions_mocap_mazen_c3d_turntwist_jumpingtwist3602_poses_120_jpos,174,3.48,0.027673374475133947,0
Transitions,Transitions_mocap_mazen_c3d_turntwist_jumpingtwist3602_poses_120_jpos,175,3.5,0.028343414361056585,0
Transitions,Transitions_mocap_mazen_c3d_turntwist_jumpingtwist3602_poses_120_jpos,176,3.52,0.03047221515889339,0
Transitions,Transitions_mocap_mazen_c3d_turntwist_jumpingtwist3602_poses_120_jpos,177,3.54,0.035158356669289056,0
Transitions,Transitions_mocap_mazen_c3d_turntwist_jumpingtwist3602_poses_120_jpos,178,3.56,0.042759429374079075,0
Transitions,Transitions_mocap_mazen_c3d_turntwist_jumpingtwist3602_poses_120_jpos,179,3.58,0.052354847429657264,0
Transitions,Transitions_mocap_mazen_c3d_turntwist_jumpingtwist3602_poses_120_jpos,180,3.6,0.06365321555393746,1
Transitions,Transitions_mocap_mazen_c3d_turntwist_jumpingtwist3602_poses_120_jpos,181,3.62,0.06862145587008167,1
Transitions,Transitions_mocap_mazen_c3d_turntwist_jumpingtwist3602_poses_120_jpos,182,3.64,0.06456846329012117,1
Transitions,Transitions_mocap_mazen_c3d_turntwist_jumpingtwist3602_poses_120_jpos,183,3.66,0.061081220947684305,1
Transitions,Transitions_mocap_mazen_c3d_turntwist_jumpingtwist3602_poses_120_jpos,184,3.68,0.05887281914330288,0
Transitions,Transitions_mocap_mazen_c3d_turntwist_jumpingtwist3602_poses_120_jpos,185,3.7,0.05704075552433025,0
Transitions,Transitions_mocap_mazen_c3d_turntwist_jumpingtwist3602_poses_120_jpos,186,3.72,0.05568682323545376,0
Transitions,Transitions_mocap_mazen_c3d_turntwist_jumpingtwist3602_poses_120_jpos,187,3.74,0.053843719842660974,0
Transitions,Transitions_mocap_mazen_c3d_turntwist_jumpingtwist3602_poses_120_jpos,188,3.76,0.05213286246772043,0
Transitions,Transitions_mocap_mazen_c3d_turntwist_jumpingtwist3602_poses_120_jpos,189,3.78,0.05026328742816616,0
Transitions,Transitions_mocap_mazen_c3d_turntwist_jumpingtwist3602_poses_120_jpos,190,3.8,0.0486631826542759,0
Transitions,Transitions_mocap_mazen_c3d_turntwist_jumpingtwist3602_poses_120_jpos,191,3.82,0.047962796404680506,0
Transitions,Transitions_mocap_mazen_c3d_turntwist_jumpingtwist3602_poses_120_jpos,192,3.84,0.04713160915792915,0
Transitions,Transitions_mocap_mazen_c3d_turntwist_jumpingtwist3602_poses_120_jpos,193,3.86,0.046919576096079975,0
Transitions,Transitions_mocap_mazen_c3d_turntwist_jumpingtwist3602_poses_120_jpos,194,3.88,0.0473557300755522,0
Transitions,Transitions_mocap_mazen_c3d_turntwist_jumpingtwist3602_poses_120_jpos,195,3.9,0.04881353945338553,0
Transitions,Transitions_mocap_mazen_c3d_turntwist_jumpingtwist3602_poses_120_jpos,196,3.92,0.04861480613011519,0
Transitions,Transitions_mocap_mazen_c3d_turntwist_jumpingtwist3602_poses_120_jpos,197,3.94,0.04237548372115336,0
Transitions,Transitions_mocap_mazen_c3d_turntwist_jumpingtwist3602_poses_120_jpos,198,3.96,0.03530176290761198,0
Transitions,Transitions_mocap_mazen_c3d_turntwist_jumpingtwist3602_poses_120_jpos,199,3.98,0.03245369329759797,0
Transitions,Transitions_mocap_mazen_c3d_turntwist_jumpingtwist3602_poses_120_jpos,200,4.0,0.032881087017196914,0
Transitions,Transitions_mocap_mazen_c3d_turntwist_jumpingtwist3602_poses_120_jpos,201,4.02,0.03305430409293567,0
Transitions,Transitions_mocap_mazen_c3d_turntwist_jumpingtwist3602_poses_120_jpos,202,4.04,0.03393998861896326,0
Transitions,Transitions_mocap_mazen_c3d_turntwist_jumpingtwist3602_poses_120_jpos,203,4.06,0.03441846468341587,0
Transitions,Transitions_mocap_mazen_c3d_turntwist_jumpingtwist3602_poses_120_jpos,204,4.08,0.03439503409580006,0
Transitions,Transitions_mocap_mazen_c3d_turntwist_jumpingtwist3602_poses_120_jpos,205,4.1,0.03403394171141801,0
Transitions,Transitions_mocap_mazen_c3d_turntwist_jumpingtwist3602_poses_120_jpos,206,4.12,0.033284856283918834,0
Transitions,Transitions_mocap_mazen_c3d_turntwist_jumpingtwist3602_poses_120_jpos,207,4.14,0.03204920955887986,0
Transitions,Transitions_mocap_mazen_c3d_turntwist_jumpingtwist3602_poses_120_jpos,208,4.16,0.03067294575913769,0
Transitions,Transitions_mocap_mazen_c3d_turntwist_jumpingtwist3602_poses_120_jpos,209,4.18,0.029760239450465693,0
Transitions,Transitions_mocap_mazen_c3d_turntwist_jumpingtwist3602_poses_120_jpos,210,4.2,0.028843937552211603,0
Transitions,Transitions_mocap_mazen_c3d_turntwist_jumpingtwist3602_poses_120_jpos,211,4.22,0.02811824559940447,0
Transitions,Transitions_mocap_mazen_c3d_turntwist_jumpingtwist3602_poses_120_jpos,212,4.24,0.027606201684632244,0
Transitions,Transitions_mocap_mazen_c3d_turntwist_jumpingtwist3602_poses_120_jpos,213,4.26,0.027006739533864163,0
Transitions,Transitions_mocap_mazen_c3d_turntwist_jumpingtwist3602_poses_120_jpos,214,4.28,0.026495971354517603,0
Transitions,Transitions_mocap_mazen_c3d_turntwist_jumpingtwist3602_poses_120_jpos,215,4.3,0.025745164145500064,0
Transitions,Transitions_mocap_mazen_c3d_turntwist_jumpingtwist3602_poses_120_jpos,216,4.32,0.025200788943846496,0
Transitions,Transitions_mocap_mazen_c3d_turntwist_jumpingtwist3602_poses_120_jpos,217,4.34,0.024451662222717135,0
Transitions,Transitions_mocap_mazen_c3d_turntwist_jumpingtwist3602_poses_120_jpos,218,4.36,0.023753350419786733,0
Transitions,Transitions_mocap_mazen_c3d_turntwist_jumpingtwist3602_poses_120_jpos,219,4.38,0.022833593002936727,0
Transitions,Transitions_mocap_mazen_c3d_turntwist_jumpingtwist3602_poses_120_jpos,220,4.4,0.02184821239914142,0
Transitions,Transitions_mocap_mazen_c3d_turntwist_jumpingtwist3602_poses_120_jpos,221,4.42,0.020884252060229938,0
Transitions,Transitions_mocap_mazen_c3d_turntwist_jumpingtwist3602_poses_120_jpos,222,4.44,0.019811389049521566,0
Transitions,Transitions_mocap_mazen_c3d_turntwist_jumpingtwist3602_poses_120_jpos,223,4.46,0.01852166988189722,0
Transitions,Transitions_mocap_mazen_c3d_turntwist_jumpingtwist3602_poses_120_jpos,224,4.48,0.01720047855705916,0
Transitions,Transitions_mocap_mazen_c3d_turntwist_jumpingtwist3602_poses_120_jpos,225,4.5,0.01586424695325759,0
Transitions,Transitions_mocap_mazen_c3d_turntwist_jumpingtwist3602_poses_120_jpos,226,4.52,0.014793046720657859,0
Transitions,Transitions_mocap_mazen_c3d_turntwist_jumpingtwist3602_poses_120_jpos,227,4.54,0.013522354658262204,0
Transitions,Transitions_mocap_mazen_c3d_turntwist_jumpingtwist3602_poses_120_jpos,228,4.56,0.012317200289704974,0
Transitions,Transitions_mocap_mazen_c3d_turntwist_jumpingtwist3602_poses_120_jpos,229,4.58,0.010684818595785734,0
Transitions,Transitions_mocap_mazen_c3d_turntwist_jumpingtwist3602_poses_120_jpos,230,4.6,0.009557473314480683,0
Transitions,Transitions_mocap_mazen_c3d_turntwist_jumpingtwist3602_poses_120_jpos,231,4.62,0.0083646989897796,0
Transitions,Transitions_mocap_mazen_c3d_turntwist_jumpingtwist3602_poses_120_jpos,232,4.64,0.007411173494060829,0
Transitions,Transitions_mocap_mazen_c3d_turntwist_jumpingtwist3602_poses_120_jpos,233,4.66,0.006594250192682791,0
Transitions,Transitions_mocap_mazen_c3d_turntwist_jumpingtwist3602_poses_120_jpos,234,4.68,0.005984582128592207,0
Transitions,Transitions_mocap_mazen_c3d_turntwist_jumpingtwist3602_poses_120_jpos,235,4.7,0.005339281787599711,0
Transitions,Transitions_mocap_mazen_c3d_turntwist_jumpingtwist3602_poses_120_jpos,236,4.72,0.004916853037663826,0
Transitions,Transitions_mocap_mazen_c3d_turntwist_jumpingtwist3602_poses_120_jpos,237,4.74,0.0043663139614498175,0
Transitions,Transitions_mocap_mazen_c3d_turntwist_jumpingtwist3602_poses_120_jpos,238,4.76,0.003908611309819064,0
Transitions,Transitions_mocap_mazen_c3d_turntwist_jumpingtwist3602_poses_120_jpos,239,4.78,0.0033775494625673027,0
Transitions,Transitions_mocap_mazen_c3d_turntwist_jumpingtwist3602_poses_120_jpos,240,4.8,0.0027530069509111594,0
Transitions,Transitions_mocap_mazen_c3d_turntwist_jumpingtwist3602_poses_120_jpos,241,4.82,0.0025014240209007693,0
Transitions,Transitions_mocap_mazen_c3d_turntwist_jumpingtwist3602_poses_120_jpos,242,4.84,0.0023393376561763723,0
Transitions,Transitions_mocap_mazen_c3d_turntwist_jumpingtwist3602_poses_120_jpos,243,4.86,0.002133664455286021,0
Transitions,Transitions_mocap_mazen_c3d_turntwist_jumpingtwist3602_poses_120_jpos,244,4.88,0.0021631016533912254,0
Transitions,Transitions_mocap_mazen_c3d_turntwist_jumpingtwist3602_poses_120_jpos,245,4.9,0.0021811797629841343,0
Transitions,Transitions_mocap_mazen_c3d_turntwist_jumpingtwist3602_poses_120_jpos,246,4.92,0.002136938446162374,0
Transitions,Transitions_mocap_mazen_c3d_turntwist_jumpingtwist3602_poses_120_jpos,247,4.94,0.0020588113321421287,0
Transitions,Transitions_mocap_mazen_c3d_turntwist_jumpingtwist3602_poses_120_jpos,248,4.96,0.001992094640582148,0
Transitions,Transitions_mocap_mazen_c3d_turntwist_jumpingtwist3602_poses_120_jpos,249,4.98,0.002072075751056798,0
Transitions,Transitions_mocap_mazen_c3d_turntwist_jumpingtwist3602_poses_120_jpos,250,5.0,0.0020855625029386603,0
Transitions,Transitions_mocap_mazen_c3d_turntwist_jumpingtwist3602_poses_120_jpos,251,5.02,0.002040250331279818,0
Transitions,Transitions_mocap_mazen_c3d_turntwist_jumpingtwist3602_poses_120_jpos,252,5.04,0.001894408649663332,0
Transitions,Transitions_mocap_mazen_c3d_turntwist_jumpingtwist3602_poses_120_jpos,253,5.06,0.0016945048145109044,0
Transitions,Transitions_mocap_mazen_c3d_turntwist_jumpingtwist3602_poses_120_jpos,254,5.08,0.0016462982121419837,0
Transitions,Transitions_mocap_mazen_c3d_turntwist_jumpingtwist3602_poses_120_jpos,255,5.1,0.0015208246398469728,0
Transitions,Transitions_mocap_mazen_c3d_turntwist_jumpingtwist3602_poses_120_jpos,256,5.12,0.001424253207767243,0
Transitions,Transitions_mocap_mazen_c3d_turntwist_jumpingtwist3602_poses_120_jpos,257,5.14,0.001406834177906222,0
Transitions,Transitions_mocap_mazen_c3d_turntwist_jumpingtwist3602_poses_120_jpos,258,5.16,0.001294858070869027,0
Transitions,Transitions_mocap_mazen_c3d_turntwist_jumpingtwist3602_poses_120_jpos,259,5.18,0.0012658001708188583,0
Transitions,Transitions_mocap_mazen_c3d_turntwist_jumpingtwist3602_poses_120_jpos,260,5.2,0.001151834133459517,0
Transitions,Transitions_mocap_mazen_c3d_turntwist_jumpingtwist3602_poses_120_jpos,261,5.22,0.0011024187217297515,0
Transitions,Transitions_mocap_mazen_c3d_turntwist_jumpingtwist3602_poses_120_jpos,262,5.24,0.0009339964656590333,0
Transitions,Transitions_mocap_mazen_c3d_turntwist_jumpingtwist3602_poses_120_jpos,263,5.26,0.0007887158493142931,0
Transitions,Transitions_mocap_mazen_c3d_turntwist_jumpingtwist3602_poses_120_jpos,264,5.28,0.0006726624115762133,0
Transitions,Transitions_mocap_mazen_c3d_turntwist_jumpingtwist3602_poses_120_jpos,265,5.3,0.00046444401776586826,0
Transitions,Transitions_mocap_mazen_c3d_turntwist_jumpingtwist3602_poses_120_jpos,266,5.32,0.00031727752280116296,0
Transitions,Transitions_mocap_mazen_c3d_turntwist_jumpingtwist3602_poses_120_jpos,267,5.34,0.00030633393754134035,0
Transitions,Transitions_mocap_mazen_c3d_turntwist_jumpingtwist3602_poses_120_jpos,268,5.36,0.00020362837444317002,0
Transitions,Transitions_mocap_mazen_c3d_turntwist_jumpingtwist3602_poses_120_jpos,269,5.38,0.00018647132803171172,0
Transitions,Transitions_mocap_mazen_c3d_turntwist_jumpingtwist3602_poses_120_jpos,270,5.4,0.0001284979992876318,0
Transitions,Transitions_mocap_mazen_c3d_turntwist_jumpingtwist3602_poses_120_jpos,271,5.42,0.00012914818809526586,0
Transitions,Transitions_mocap_mazen_c3d_turntwist_jumpingtwist3602_poses_120_jpos,272,5.44,7.489394724976596e-05,0
Transitions,Transitions_mocap_mazen_c3d_turntwist_jumpingtwist3602_poses_120_jpos,273,5.46,3.346650090129029e-05,0
Transitions,Transitions_mocap_mazen_c3d_turntwist_jumpingtwist3602_poses_120_jpos,274,5.48,-1.8330049950840768e-05,0
Transitions,Transitions_mocap_mazen_c3d_turntwist_jumpingtwist3602_poses_120_jpos,275,5.5,-2.4715977260369656e-05,0
Transitions,Transitions_mocap_mazen_c3d_turntwist_jumpingtwist3602_poses_120_jpos,276,5.52,-4.6360011635332085e-05,0
Transitions,Transitions_mocap_mazen_c3d_turntwist_jumpingtwist3602_poses_120_jpos,277,5.54,1.3888490367781198e-06,0
Transitions,Transitions_mocap_mazen_c3d_turntwist_jumpingtwist3602_poses_120_jpos,278,5.56,4.364297770333668e-05,0
Transitions,Transitions_mocap_mazen_c3d_turntwist_jumpingtwist3602_poses_120_jpos,279,5.58,7.721417508754248e-05,0
Transitions,Transitions_mocap_mazen_c3d_turntwist_jumpingtwist3602_poses_120_jpos,280,5.6,0.00019270539823812612,0
Transitions,Transitions_mocap_mazen_c3d_turntwist_jumpingtwist3602_poses_120_jpos,281,5.62,0.0002571616139982833,0
Transitions,Transitions_mocap_mazen_c3d_turntwist_jumpingtwist3602_poses_120_jpos,282,5.64,0.00026518881004149696,0
Transitions,Transitions_mocap_mazen_c3d_turntwist_jumpingtwist3602_poses_120_jpos,283,5.66,0.0003180062008023513,0
Transitions,Transitions_mocap_mazen_c3d_turntwist_jumpingtwist3602_poses_120_jpos,284,5.68,0.0003446857551784987,0
Transitions,Transitions_mocap_mazen_c3d_turntwist_jumpingtwist3602_poses_120_jpos,285,5.7,0.0002804473391143942,0
Transitions,Transitions_mocap_mazen_c3d_turntwist_jumpingtwist3602_poses_120_jpos,286,5.72,0.0003143210654667581,0
Transitions,Transitions_mocap_mazen_c3d_turntwist_jumpingtwist3602_poses_120_jpos,287,5.74,0.0002888079794095954,0
Transitions,Transitions_mocap_mazen_c3d_turntwist_jumpingtwist3602_poses_120_jpos,288,5.76,0.00030730871056031984,0
Transitions,Transitions_mocap_mazen_c3d_turntwist_jumpingtwist3602_poses_120_jpos,289,5.78,0.0003288281322549134,0
Transitions,Transitions_mocap_mazen_c3d_turntwist_jumpingtwist3602_poses_120_jpos,290,5.8,0.0003517852063564444,0
Transitions,Transitions_mocap_mazen_c3d_turntwist_jumpingtwist3602_poses_120_jpos,291,5.82,0.0003396111664943722,0
Transitions,Transitions_mocap_mazen_c3d_turntwist_jumpingtwist3602_poses_120_jpos,292,5.84,0.0003700729101013215,0
Transitions,Transitions_mocap_mazen_c3d_turntwist_jumpingtwist3602_poses_120_jpos,293,5.86,0.00037205123503966826,0
Transitions,Transitions_mocap_mazen_c3d_punchkarate_stand_poses_120_jpos,0,0.0,0.08202079827041553,1
Transitions,Transitions_mocap_mazen_c3d_punchkarate_stand_poses_120_jpos,1,0.02,0.08221507107814263,1
Transitions,Transitions_mocap_mazen_c3d_punchkarate_stand_poses_120_jpos,2,0.04,0.08286399663131451,1
Transitions,Transitions_mocap_mazen_c3d_punchkarate_stand_poses_120_jpos,3,0.06,0.08409285556506471,1
Transitions,Transitions_mocap_mazen_c3d_punchkarate_stand_poses_120_jpos,4,0.08,0.08497515983917024,1
Transitions,Transitions_mocap_mazen_c3d_punchkarate_stand_poses_120_jpos,5,0.1,0.08624375219560589,1
Transitions,Transitions_mocap_mazen_c3d_punchkarate_stand_poses_120_jpos,6,0.12,0.08746581746054814,1
Transitions,Transitions_mocap_mazen_c3d_punchkarate_stand_poses_120_jpos,7,0.14,0.08886838767951998,1
Transitions,Transitions_mocap_mazen_c3d_punchkarate_stand_poses_120_jpos,8,0.16,0.09044413021643852,1
Transitions,Transitions_mocap_mazen_c3d_punchkarate_stand_poses_120_jpos,9,0.18,0.09215182656506456,1
Transitions,Transitions_mocap_mazen_c3d_punchkarate_stand_poses_120_jpos,10,0.2,0.09397160302101996,1
Transitions,Transitions_mocap_mazen_c3d_punchkarate_stand_poses_120_jpos,11,0.22,0.0961269120612729,1
Transitions,Transitions_mocap_mazen_c3d_punchkarate_stand_poses_120_jpos,12,0.24,0.09835364089293307,1
Transitions,Transitions_mocap_mazen_c3d_punchkarate_stand_poses_120_jpos,13,0.26,0.10126490638065085,1
Transitions,Transitions_mocap_mazen_c3d_punchkarate_stand_poses_120_jpos,14,0.28,0.1067371197902867,1
Transitions,Transitions_mocap_mazen_c3d_punchkarate_stand_poses_120_jpos,15,0.3,0.11656661110633,1
Transitions,Transitions_mocap_mazen_c3d_punchkarate_stand_poses_120_jpos,16,0.32,0.1229631979454462,1
Transitions,Transitions_mocap_mazen_c3d_punchkarate_stand_poses_120_jpos,17,0.34,0.1231885221387007,1
Transitions,Transitions_mocap_mazen_c3d_punchkarate_stand_poses_120_jpos,18,0.36,0.12325487088941654,1
Transitions,Transitions_mocap_mazen_c3d_punchkarate_stand_poses_120_jpos,19,0.38,0.1239674107604742,1
Transitions,Transitions_mocap_mazen_c3d_punchkarate_stand_poses_120_jpos,20,0.4,0.12496587822644802,1
Transitions,Transitions_mocap_mazen_c3d_punchkarate_stand_poses_120_jpos,21,0.42,0.12644744863724586,1
Transitions,Transitions_mocap_mazen_c3d_punchkarate_stand_poses_120_jpos,22,0.44,0.12833574986831559,1
Transitions,Transitions_mocap_mazen_c3d_punchkarate_stand_poses_120_jpos,23,0.46,0.13033406398746045,1
Transitions,Transitions_mocap_mazen_c3d_punchkarate_stand_poses_120_jpos,24,0.48,0.13242737181690323,1
Transitions,Transitions_mocap_mazen_c3d_punchkarate_stand_poses_120_jpos,25,0.5,0.13430452500777615,1
Transitions,Transitions_mocap_mazen_c3d_punchkarate_stand_poses_120_jpos,26,0.52,0.13595464969280294,1
Transitions,Transitions_mocap_mazen_c3d_punchkarate_stand_poses_120_jpos,27,0.54,0.1328806646626913,1
Transitions,Transitions_mocap_mazen_c3d_punchkarate_stand_poses_120_jpos,28,0.56,0.12337679374810061,1
Transitions,Transitions_mocap_mazen_c3d_punchkarate_stand_poses_120_jpos,29,0.58,0.11840819639415019,1
Transitions,Transitions_mocap_mazen_c3d_punchkarate_stand_poses_120_jpos,30,0.6,0.11427544403726696,1
Transitions,Transitions_mocap_mazen_c3d_punchkarate_stand_poses_120_jpos,31,0.62,0.11154821564057053,1
Transitions,Transitions_mocap_mazen_c3d_punchkarate_stand_poses_120_jpos,32,0.64,0.1104962598687634,1
Transitions,Transitions_mocap_mazen_c3d_punchkarate_stand_poses_120_jpos,33,0.66,0.11065244085429636,1
Transitions,Transitions_mocap_mazen_c3d_punchkarate_stand_poses_120_jpos,34,0.68,0.11111865809704106,1
Transitions,Transitions_mocap_mazen_c3d_punchkarate_stand_poses_120_jpos,35,0.7,0.11206346147868576,1
Transitions,Transitions_mocap_mazen_c3d_punchkarate_stand_poses_120_jpos,36,0.72,0.11374104252210065,1
Transitions,Transitions_mocap_mazen_c3d_punchkarate_stand_poses_120_jpos,37,0.74,0.11614044689730464,1
Transitions,Transitions_mocap_mazen_c3d_punchkarate_stand_poses_120_jpos,38,0.76,0.11871493254245889,1
Transitions,Transitions_mocap_mazen_c3d_punchkarate_stand_poses_120_jpos,39,0.78,0.12068180873747121,1
Transitions,Transitions_mocap_mazen_c3d_punchkarate_stand_poses_120_jpos,40,0.8,0.12199552961389985,1
Transitions,Transitions_mocap_mazen_c3d_punchkarate_stand_poses_120_jpos,41,0.82,0.12341603514037648,1
Transitions,Transitions_mocap_mazen_c3d_punchkarate_stand_poses_120_jpos,42,0.84,0.12492425854293744,1
Transitions,Transitions_mocap_mazen_c3d_punchkarate_stand_poses_120_jpos,43,0.86,0.12624990370684266,1
Transitions,Transitions_mocap_mazen_c3d_punchkarate_stand_poses_120_jpos,44,0.88,0.12739630617735734,1
Transitions,Transitions_mocap_mazen_c3d_punchkarate_stand_poses_120_jpos,45,0.9,0.12858280652675103,1
Transitions,Transitions_mocap_mazen_c3d_punchkarate_stand_poses_120_jpos,46,0.92,0.12904865518291414,1
Transitions,Transitions_mocap_mazen_c3d_punchkarate_stand_poses_120_jpos,47,0.94,0.12927112967218576,1
Transitions,Transitions_mocap_mazen_c3d_punchkarate_stand_poses_120_jpos,48,0.96,0.12946779890706872,1
Transitions,Transitions_mocap_mazen_c3d_punchkarate_stand_poses_120_jpos,49,0.98,0.12270031890821433,1
Transitions,Transitions_mocap_mazen_c3d_punchkarate_stand_poses_120_jpos,50,1.0,0.1125263094714857,1
Transitions,Transitions_mocap_mazen_c3d_punchkarate_stand_poses_120_jpos,51,1.02,0.10387984536999607,1
Transitions,Transitions_mocap_mazen_c3d_punchkarate_stand_poses_120_jpos,52,1.04,0.09693956176564883,1
Transitions,Transitions_mocap_mazen_c3d_punchkarate_stand_poses_120_jpos,53,1.06,0.09187080309909383,1
Transitions,Transitions_mocap_mazen_c3d_punchkarate_stand_poses_120_jpos,54,1.08,0.09034497113437062,1
Transitions,Transitions_mocap_mazen_c3d_punchkarate_stand_poses_120_jpos,55,1.1,0.09359004062809828,1
Transitions,Transitions_mocap_mazen_c3d_punchkarate_stand_poses_120_jpos,56,1.12,0.10079345631290151,1
Transitions,Transitions_mocap_mazen_c3d_punchkarate_stand_poses_120_jpos,57,1.14,0.10353864560125826,1
Transitions,Transitions_mocap_mazen_c3d_punchkarate_stand_poses_120_jpos,58,1.16,0.09523659978511427,1
Transitions,Transitions_mocap_mazen_c3d_punchkarate_stand_poses_120_jpos,59,1.18,0.08825286696031653,1
Transitions,Transitions_mocap_mazen_c3d_punchkarate_stand_poses_120_jpos,60,1.2,0.08082341749379798,1
Transitions,Transitions_mocap_mazen_c3d_punchkarate_stand_poses_120_jpos,61,1.22,0.07289377919575618,1
Transitions,Transitions_mocap_mazen_c3d_punchkarate_stand_poses_120_jpos,62,1.24,0.06494950043928223,1
Transitions,Transitions_mocap_mazen_c3d_punchkarate_stand_poses_120_jpos,63,1.26,0.056207784214470806,0
Transitions,Transitions_mocap_mazen_c3d_punchkarate_stand_poses_120_jpos,64,1.28,0.046661096679625695,0
Transitions,Transitions_mocap_mazen_c3d_punchkarate_stand_poses_120_jpos,65,1.3,0.03601437179599328,0
Transitions,Transitions_mocap_mazen_c3d_punchkarate_stand_poses_120_jpos,66,1.32,0.026331581557197996,0
Transitions,Transitions_mocap_mazen_c3d_punchkarate_stand_poses_120_jpos,67,1.34,0.01774224080345771,0
Transitions,Transitions_mocap_mazen_c3d_punchkarate_stand_poses_120_jpos,68,1.36,0.011794246664334028,0
Transitions,Transitions_mocap_mazen_c3d_punchkarate_stand_poses_120_jpos,69,1.38,0.00952980617676734,0
Transitions,Transitions_mocap_mazen_c3d_punchkarate_stand_poses_120_jpos,70,1.4,0.009857273827478365,0
Transitions,Transitions_mocap_mazen_c3d_punchkarate_stand_poses_120_jpos,71,1.42,0.008985987699894846,0
Transitions,Transitions_mocap_mazen_c3d_punchkarate_stand_poses_120_jpos,72,1.44,0.006881073989594666,0
Transitions,Transitions_mocap_mazen_c3d_punchkarate_stand_poses_120_jpos,73,1.46,0.004463948041953077,0
Transitions,Transitions_mocap_mazen_c3d_punchkarate_stand_poses_120_jpos,74,1.48,0.0021869108972416857,0
Transitions,Transitions_mocap_mazen_c3d_punchkarate_stand_poses_120_jpos,75,1.5,0.0009815782035952434,0
Transitions,Transitions_mocap_mazen_c3d_punchkarate_stand_poses_120_jpos,76,1.52,0.0009745005739079746,0
Transitions,Transitions_mocap_mazen_c3d_punchkarate_stand_poses_120_jpos,77,1.54,0.0004878029235643611,0
Transitions,Transitions_mocap_mazen_c3d_punchkarate_stand_poses_120_jpos,78,1.56,-0.00048326085116785593,0
Transitions,Transitions_mocap_mazen_c3d_punchkarate_stand_poses_120_jpos,79,1.58,-0.0008108510271521274,0
Transitions,Transitions_mocap_mazen_c3d_punchkarate_stand_poses_120_jpos,80,1.6,-0.0004286097078976866,0
Transitions,Transitions_mocap_mazen_c3d_punchkarate_stand_poses_120_jpos,81,1.62,2.7370012469685526e-05,0
Transitions,Transitions_mocap_mazen_c3d_punchkarate_stand_poses_120_jpos,82,1.64,0.0005772155206685923,0
Transitions,Transitions_mocap_mazen_c3d_punchkarate_stand_poses_120_jpos,83,1.66,0.001464626889004993,0
Transitions,Transitions_mocap_mazen_c3d_punchkarate_stand_poses_120_jpos,84,1.68,0.0024693637433830327,0
Transitions,Transitions_mocap_mazen_c3d_punchkarate_stand_poses_120_jpos,85,1.7,0.0037474015464348965,0
Transitions,Transitions_mocap_mazen_c3d_punchkarate_stand_poses_120_jpos,86,1.72,0.005841878277534228,0
Transitions,Transitions_mocap_mazen_c3d_punchkarate_stand_poses_120_jpos,87,1.74,0.007766984444941673,0
Transitions,Transitions_mocap_mazen_c3d_punchkarate_stand_poses_120_jpos,88,1.76,0.009898682097732462,0
Transitions,Transitions_mocap_mazen_c3d_punchkarate_stand_poses_120_jpos,89,1.78,0.011923540399994341,0
Transitions,Transitions_mocap_mazen_c3d_punchkarate_stand_poses_120_jpos,90,1.8,0.014209988224707268,0
Transitions,Transitions_mocap_mazen_c3d_punchkarate_stand_poses_120_jpos,91,1.82,0.0167050598071474,0
Transitions,Transitions_mocap_mazen_c3d_punchkarate_stand_poses_120_jpos,92,1.84,0.020169049982899145,0
Transitions,Transitions_mocap_mazen_c3d_punchkarate_stand_poses_120_jpos,93,1.86,0.024001063046578452,0
Transitions,Transitions_mocap_mazen_c3d_punchkarate_stand_poses_120_jpos,94,1.88,0.028990837346930545,0
Transitions,Transitions_mocap_mazen_c3d_punchkarate_stand_poses_120_jpos,95,1.9,0.03533975578600357,0
Transitions,Transitions_mocap_mazen_c3d_punchkarate_stand_poses_120_jpos,96,1.92,0.04116163334228843,0
Transitions,Transitions_mocap_mazen_c3d_punchkarate_stand_poses_120_jpos,97,1.94,0.04795799164582568,0
Transitions,Transitions_mocap_mazen_c3d_punchkarate_stand_poses_120_jpos,98,1.96,0.05492076949359446,0
Transitions,Transitions_mocap_mazen_c3d_punchkarate_stand_poses_120_jpos,99,1.98,0.06306834082369342,1
Transitions,Transitions_mocap_mazen_c3d_punchkarate_stand_poses_120_jpos,100,2.0,0.07147476775262056,1
Transitions,Transitions_mocap_mazen_c3d_punchkarate_stand_poses_120_jpos,101,2.02,0.08046413140012441,1
Transitions,Transitions_mocap_mazen_c3d_punchkarate_stand_poses_120_jpos,102,2.04,0.08956686066155504,1
Transitions,Transitions_mocap_mazen_c3d_punchkarate_stand_poses_120_jpos,103,2.06,0.09873457333412537,1
Transitions,Transitions_mocap_mazen_c3d_punchkarate_stand_poses_120_jpos,104,2.08,0.10809160918531084,1
Transitions,Transitions_mocap_mazen_c3d_punchkarate_stand_poses_120_jpos,105,2.1,0.11649786180015008,1
Transitions,Transitions_mocap_mazen_c3d_punchkarate_stand_poses_120_jpos,106,2.12,0.12466726534964527,1
Transitions,Transitions_mocap_mazen_c3d_punchkarate_stand_poses_120_jpos,107,2.14,0.1273089291665376,1
Transitions,Transitions_mocap_mazen_c3d_punchkarate_stand_poses_120_jpos,108,2.16,0.12540388754075407,1
Transitions,Transitions_mocap_mazen_c3d_punchkarate_stand_poses_120_jpos,109,2.18,0.12355359248977534,1
Transitions,Transitions_mocap_mazen_c3d_punchkarate_stand_poses_120_jpos,110,2.2,0.12233922533642798,1
Transitions,Transitions_mocap_mazen_c3d_punchkarate_stand_poses_120_jpos,111,2.22,0.12119523887900209,1
Transitions,Transitions_mocap_mazen_c3d_punchkarate_stand_poses_120_jpos,112,2.24,0.1155184281528094,1
Transitions,Transitions_mocap_mazen_c3d_punchkarate_stand_poses_120_jpos,113,2.26,0.11329588811713291,1
Transitions,Transitions_mocap_mazen_c3d_punchkarate_stand_poses_120_jpos,114,2.28,0.10765675089670385,1
Transitions,Transitions_mocap_mazen_c3d_punchkarate_stand_poses_120_jpos,115,2.3,0.10484390526406911,1
Transitions,Transitions_mocap_mazen_c3d_punchkarate_stand_poses_120_jpos,116,2.32,0.10424963210884612,1
Transitions,Transitions_mocap_mazen_c3d_punchkarate_stand_poses_120_jpos,117,2.34,0.09867746781162418,1
Transitions,Transitions_mocap_mazen_c3d_punchkarate_stand_poses_120_jpos,118,2.36,0.09351491860340945,1
Transitions,Transitions_mocap_mazen_c3d_punchkarate_stand_poses_120_jpos,119,2.38,0.08887968966150249,1
Transitions,Transitions_mocap_mazen_c3d_punchkarate_stand_poses_120_jpos,120,2.4,0.08567723554486088,1
Transitions,Transitions_mocap_mazen_c3d_punchkarate_stand_poses_120_jpos,121,2.42,0.08385149270638079,1
Transitions,Transitions_mocap_mazen_c3d_punchkarate_stand_poses_120_jpos,122,2.44,0.08581481702315456,1
Transitions,Transitions_mocap_mazen_c3d_punchkarate_stand_poses_120_jpos,123,2.46,0.09192904721038582,1
Transitions,Transitions_mocap_mazen_c3d_punchkarate_stand_poses_120_jpos,124,2.48,0.10347958655690935,1
Transitions,Transitions_mocap_mazen_c3d_punchkarate_stand_poses_120_jpos,125,2.5,0.11472688721109857,1
Transitions,Transitions_mocap_mazen_c3d_punchkarate_stand_poses_120_jpos,126,2.52,0.12392418333150544,1
Transitions,Transitions_mocap_mazen_c3d_punchkarate_stand_poses_120_jpos,127,2.54,0.12338203963916901,1
Transitions,Transitions_mocap_mazen_c3d_punchkarate_stand_poses_120_jpos,128,2.56,0.12222036423507672,1
Transitions,Transitions_mocap_mazen_c3d_punchkarate_stand_poses_120_jpos,129,2.58,0.1208983855164197,1
Transitions,Transitions_mocap_mazen_c3d_punchkarate_stand_poses_120_jpos,130,2.6,0.11927622186884017,1
Transitions,Transitions_mocap_mazen_c3d_punchkarate_stand_poses_120_jpos,131,2.62,0.11708261453844908,1
Transitions,Transitions_mocap_mazen_c3d_punchkarate_stand_poses_120_jpos,132,2.64,0.11473515932299899,1
Transitions,Transitions_mocap_mazen_c3d_punchkarate_stand_poses_120_jpos,133,2.66,0.11230390976509767,1
Transitions,Transitions_mocap_mazen_c3d_punchkarate_stand_poses_120_jpos,134,2.68,0.1099781133452756,1
Transitions,Transitions_mocap_mazen_c3d_punchkarate_stand_poses_120_jpos,135,2.7,0.10724328983203654,1
Transitions,Transitions_mocap_mazen_c3d_punchkarate_stand_poses_120_jpos,136,2.72,0.10462668179205072,1
Transitions,Transitions_mocap_mazen_c3d_punchkarate_stand_poses_120_jpos,137,2.74,0.10171546729651854,1
Transitions,Transitions_mocap_mazen_c3d_punchkarate_stand_poses_120_jpos,138,2.76,0.09911210359750096,1
Transitions,Transitions_mocap_mazen_c3d_punchkarate_stand_poses_120_jpos,139,2.78,0.09656120343250546,1
Transitions,Transitions_mocap_mazen_c3d_punchkarate_stand_poses_120_jpos,140,2.8,0.09429514268465708,1
Transitions,Transitions_mocap_mazen_c3d_punchkarate_stand_poses_120_jpos,141,2.82,0.09244944191549696,1
Transitions,Transitions_mocap_mazen_c3d_punchkarate_stand_poses_120_jpos,142,2.84,0.0911380481774603,1
Transitions,Transitions_mocap_mazen_c3d_punchkarate_stand_poses_120_jpos,143,2.86,0.0904605075202205,1
Transitions,Transitions_mocap_mazen_c3d_punchkarate_stand_poses_120_jpos,144,2.88,0.09010849780141698,1
Transitions,Transitions_mocap_mazen_c3d_punchkarate_stand_poses_120_jpos,145,2.9,0.08974569204653293,1
Transitions,Transitions_mocap_mazen_c3d_punchkarate_stand_poses_120_jpos,146,2.92,0.09051866191657211,1
Transitions,Transitions_mocap_mazen_c3d_punchkarate_stand_poses_120_jpos,147,2.94,0.09172359066198901,1
Transitions,Transitions_mocap_mazen_c3d_punchkarate_stand_poses_120_jpos,148,2.96,0.09364505504939086,1
Transitions,Transitions_mocap_mazen_c3d_punchkarate_stand_poses_120_jpos,149,2.98,0.09694457713883663,1
Transitions,Transitions_mocap_mazen_c3d_punchkarate_stand_poses_120_jpos,150,3.0,0.10151665685547588,1
Transitions,Transitions_mocap_mazen_c3d_punchkarate_stand_poses_120_jpos,151,3.02,0.1068719391322737,1
Transitions,Transitions_mocap_mazen_c3d_punchkarate_stand_poses_120_jpos,152,3.04,0.11277701056892751,1
Transitions,Transitions_mocap_mazen_c3d_punchkarate_stand_poses_120_jpos,153,3.06,0.11904026111009632,1
Transitions,Transitions_mocap_mazen_c3d_punchkarate_stand_poses_120_jpos,154,3.08,0.11954871194449622,1
Transitions,Transitions_mocap_mazen_c3d_punchkarate_stand_poses_120_jpos,155,3.1,0.11653970395228248,1
Transitions,Transitions_mocap_mazen_c3d_punchkarate_stand_poses_120_jpos,156,3.12,0.11443926947357358,1
Transitions,Transitions_mocap_mazen_c3d_punchkarate_stand_poses_120_jpos,157,3.14,0.11318779970726027,1
Transitions,Transitions_mocap_mazen_c3d_punchkarate_stand_poses_120_jpos,158,3.16,0.11267371501566313,1
Transitions,Transitions_mocap_mazen_c3d_punchkarate_stand_poses_120_jpos,159,3.18,0.11255440943351185,1
Transitions,Transitions_mocap_mazen_c3d_punchkarate_stand_poses_120_jpos,160,3.2,0.11281077157486437,1
Transitions,Transitions_mocap_mazen_c3d_punchkarate_stand_poses_120_jpos,161,3.22,0.11284013589084067,1
Transitions,Transitions_mocap_mazen_c3d_punchkarate_stand_poses_120_jpos,162,3.24,0.11285942442729048,1
Transitions,Transitions_mocap_mazen_c3d_punchkarate_stand_poses_120_jpos,163,3.26,0.11271201513566767,1
Transitions,Transitions_mocap_mazen_c3d_punchkarate_stand_poses_120_jpos,164,3.28,0.11244473173769945,1
Transitions,Transitions_mocap_mazen_c3d_punchkarate_stand_poses_120_jpos,165,3.3,0.11223994498628795,1
Transitions,Transitions_mocap_mazen_c3d_punchkarate_stand_poses_120_jpos,166,3.32,0.1126738587732525,1
Transitions,Transitions_mocap_mazen_c3d_punchkarate_stand_poses_120_jpos,167,3.34,0.1134968883348893,1
Transitions,Transitions_mocap_mazen_c3d_punchkarate_stand_poses_120_jpos,168,3.36,0.11332620638816517,1
Transitions,Transitions_mocap_mazen_c3d_punchkarate_stand_poses_120_jpos,169,3.38,0.10459272122767123,1
Transitions,Transitions_mocap_mazen_c3d_punchkarate_stand_poses_120_jpos,170,3.4,0.09951904235145415,1
Transitions,Transitions_mocap_mazen_c3d_punchkarate_stand_poses_120_jpos,171,3.42,0.09843170925628462,1
Transitions,Transitions_mocap_mazen_c3d_punchkarate_stand_poses_120_jpos,172,3.44,0.09730682823836748,1
Transitions,Transitions_mocap_mazen_c3d_punchkarate_stand_poses_120_jpos,173,3.46,0.09609322548987477,1
Transitions,Transitions_mocap_mazen_c3d_punchkarate_stand_poses_120_jpos,174,3.48,0.0958862010955265,1
Transitions,Transitions_mocap_mazen_c3d_punchkarate_stand_poses_120_jpos,175,3.5,0.09576616403434862,1
Transitions,Transitions_mocap_mazen_c3d_punchkarate_stand_poses_120_jpos,176,3.52,0.09568733458792779,1
Transitions,Transitions_mocap_mazen_c3d_punchkarate_stand_poses_120_jpos,177,3.54,0.0950780500546529,1
Transitions,Transitions_mocap_mazen_c3d_punchkarate_stand_poses_120_jpos,178,3.56,0.09430043922957913,1
Transitions,Transitions_mocap_mazen_c3d_punchkarate_stand_poses_120_jpos,179,3.58,0.09301749202048641,1
Transitions,Transitions_mocap_mazen_c3d_punchkarate_stand_poses_120_jpos,180,3.6,0.0918990369267245,1
Transitions,Transitions_mocap_mazen_c3d_punchkarate_stand_poses_120_jpos,181,3.62,0.09110432040239129,1
Transitions,Transitions_mocap_mazen_c3d_punchkarate_stand_poses_120_jpos,182,3.64,0.09030681274863243,1
Transitions,Transitions_mocap_mazen_c3d_punchkarate_stand_poses_120_jpos,183,3.66,0.08975454661770584,1
Transitions,Transitions_mocap_mazen_c3d_punchkarate_stand_poses_120_jpos,184,3.68,0.0892204966960919,1
Transitions,Transitions_mocap_mazen_c3d_punchkarate_stand_poses_120_jpos,185,3.7,0.08848498485624046,1
Transitions,Transitions_mocap_mazen_c3d_punchkarate_stand_poses_120_jpos,186,3.72,0.08765399816092924,1
Transitions,Transitions_mocap_mazen_c3d_punchkarate_stand_poses_120_jpos,187,3.74,0.08658994359735656,1
Transitions,Transitions_mocap_mazen_c3d_punchkarate_stand_poses_120_jpos,188,3.76,0.08529172738845447,1
Transitions,Transitions_mocap_mazen_c3d_punchkarate_stand_poses_120_jpos,189,3.78,0.0839684899130265,1
Transitions,Transitions_mocap_mazen_c3d_punchkarate_stand_poses_120_jpos,190,3.8,0.0834638989699175,1
Transitions,Transitions_mocap_mazen_c3d_punchkarate_stand_poses_120_jpos,191,3.82,0.08304358745273673,1
Transitions,Transitions_mocap_mazen_c3d_punchkarate_stand_poses_120_jpos,192,3.84,0.08287734661314755,1
Transitions,Transitions_mocap_mazen_c3d_punchkarate_stand_poses_120_jpos,193,3.86,0.08273679589524481,1
Transitions,Transitions_mocap_mazen_c3d_punchkarate_stand_poses_120_jpos,194,3.88,0.0824605282569601,1
Transitions,Transitions_mocap_mazen_c3d_punchkarate_stand_poses_120_jpos,195,3.9,0.08223768032867916,1
Transitions,Transitions_mocap_mazen_c3d_punchkarate_stand_poses_120_jpos,196,3.92,0.08215570630259592,1
Transitions,Transitions_mocap_mazen_c3d_punchkarate_stand_poses_120_jpos,197,3.94,0.082066060432877,1
Transitions,Transitions_mocap_mazen_c3d_punchkarate_stand_poses_120_jpos,198,3.96,0.08254438550248473,1
Transitions,Transitions_mocap_mazen_c3d_punchkarate_stand_poses_120_jpos,199,3.98,0.08296083208594385,1
Transitions,Transitions_mocap_mazen_c3d_punchkarate_stand_poses_120_jpos,200,4.0,0.08405954448128401,1
Transitions,Transitions_mocap_mazen_c3d_punchkarate_stand_poses_120_jpos,201,4.02,0.08642009671963398,1
Transitions,Transitions_mocap_mazen_c3d_punchkarate_stand_poses_120_jpos,202,4.04,0.09114493886195656,1
Transitions,Transitions_mocap_mazen_c3d_punchkarate_stand_poses_120_jpos,203,4.06,0.09898114573043773,1
Transitions,Transitions_mocap_mazen_c3d_punchkarate_stand_poses_120_jpos,204,4.08,0.10605299219491653,1
Transitions,Transitions_mocap_mazen_c3d_punchkarate_stand_poses_120_jpos,205,4.1,0.10537185504671019,1
Transitions,Transitions_mocap_mazen_c3d_punchkarate_stand_poses_120_jpos,206,4.12,0.10439627199140072,1
Transitions,Transitions_mocap_mazen_c3d_punchkarate_stand_poses_120_jpos,207,4.14,0.10374458392089238,1
Transitions,Transitions_mocap_mazen_c3d_punchkarate_stand_poses_120_jpos,208,4.16,0.10353909936723983,1
Transitions,Transitions_mocap_mazen_c3d_punchkarate_stand_poses_120_jpos,209,4.18,0.10388670441736983,1
Transitions,Transitions_mocap_mazen_c3d_punchkarate_stand_poses_120_jpos,210,4.2,0.10107273359852817,1
Transitions,Transitions_mocap_mazen_c3d_punchkarate_stand_poses_120_jpos,211,4.22,0.09455279312396073,1
Transitions,Transitions_mocap_mazen_c3d_punchkarate_stand_poses_120_jpos,212,4.24,0.08961025218673142,1
Transitions,Transitions_mocap_mazen_c3d_punchkarate_stand_poses_120_jpos,213,4.26,0.08488789501178066,1
Transitions,Transitions_mocap_mazen_c3d_punchkarate_stand_poses_120_jpos,214,4.28,0.08301122863460642,1
Transitions,Transitions_mocap_mazen_c3d_punchkarate_stand_poses_120_jpos,215,4.3,0.07846880713944278,1
Transitions,Transitions_mocap_mazen_c3d_punchkarate_stand_poses_120_jpos,216,4.32,0.0766385447325018,1
Transitions,Transitions_mocap_mazen_c3d_punchkarate_stand_poses_120_jpos,217,4.34,0.07524551832088461,1
Transitions,Transitions_mocap_mazen_c3d_punchkarate_stand_poses_120_jpos,218,4.36,0.07482962281435031,1
Transitions,Transitions_mocap_mazen_c3d_punchkarate_stand_poses_120_jpos,219,4.38,0.07394738222574095,1
Transitions,Transitions_mocap_mazen_c3d_punchkarate_stand_poses_120_jpos,220,4.4,0.0731064164370069,1
Transitions,Transitions_mocap_mazen_c3d_punchkarate_stand_poses_120_jpos,221,4.42,0.07231669944708827,1
Transitions,Transitions_mocap_mazen_c3d_punchkarate_stand_poses_120_jpos,222,4.44,0.07219429316191303,1
Transitions,Transitions_mocap_mazen_c3d_punchkarate_stand_poses_120_jpos,223,4.46,0.07252372260674726,1
Transitions,Transitions_mocap_mazen_c3d_punchkarate_stand_poses_120_jpos,224,4.48,0.0730248487266483,1
Transitions,Transitions_mocap_mazen_c3d_punchkarate_stand_poses_120_jpos,225,4.5,0.07364765011163245,1
Transitions,Transitions_mocap_mazen_c3d_punchkarate_stand_poses_120_jpos,226,4.52,0.07406925313936495,1
Transitions,Transitions_mocap_mazen_c3d_punchkarate_stand_poses_120_jpos,227,4.54,0.07428448075988267,1
Transitions,Transitions_mocap_mazen_c3d_punchkarate_stand_poses_120_jpos,228,4.56,0.07435918171131478,1
Transitions,Transitions_mocap_mazen_c3d_punchkarate_stand_poses_120_jpos,229,4.58,0.07438263531609089,1
Transitions,Transitions_mocap_mazen_c3d_punchkarate_stand_poses_120_jpos,230,4.6,0.07428908399018558,1
Transitions,Transitions_mocap_mazen_c3d_punchkarate_stand_poses_120_jpos,231,4.62,0.07402326678788433,1
Transitions,Transitions_mocap_mazen_c3d_punchkarate_stand_poses_120_jpos,232,4.64,0.07376644511780384,1
Transitions,Transitions_mocap_mazen_c3d_punchkarate_stand_poses_120_jpos,233,4.66,0.0731355050545709,1
Transitions,Transitions_mocap_mazen_c3d_punchkarate_stand_poses_120_jpos,234,4.68,0.0723286947261005,1
Transitions,Transitions_mocap_mazen_c3d_punchkarate_stand_poses_120_jpos,235,4.7,0.07117514884302654,1
Transitions,Transitions_mocap_mazen_c3d_punchkarate_stand_poses_120_jpos,236,4.72,0.07029703094645498,1
Transitions,Transitions_mocap_mazen_c3d_punchkarate_stand_poses_120_jpos,237,4.74,0.06961177083161835,1
Transitions,Transitions_mocap_mazen_c3d_punchkarate_stand_poses_120_jpos,238,4.76,0.06908330147064579,1
Transitions,Transitions_mocap_mazen_c3d_punchkarate_stand_poses_120_jpos,239,4.78,0.06844388003542969,1
Transitions,Transitions_mocap_mazen_c3d_punchkarate_stand_poses_120_jpos,240,4.8,0.06789712420671525,1
Transitions,Transitions_mocap_mazen_c3d_punchkarate_stand_poses_120_jpos,241,4.82,0.06698148260148805,1
Transitions,Transitions_mocap_mazen_c3d_punchkarate_stand_poses_120_jpos,242,4.84,0.06620420640341085,1
Transitions,Transitions_mocap_mazen_c3d_punchkarate_stand_poses_120_jpos,243,4.86,0.06540177325346534,1
Transitions,Transitions_mocap_mazen_c3d_punchkarate_stand_poses_120_jpos,244,4.88,0.06483089614840506,1
Transitions,Transitions_mocap_mazen_c3d_punchkarate_stand_poses_120_jpos,245,4.9,0.06431342952494877,1
Transitions,Transitions_mocap_mazen_c3d_punchkarate_stand_poses_120_jpos,246,4.92,0.06394753318829122,1
Transitions,Transitions_mocap_mazen_c3d_punchkarate_stand_poses_120_jpos,247,4.94,0.06378026856397286,1
Transitions,Transitions_mocap_mazen_c3d_punchkarate_stand_poses_120_jpos,248,4.96,0.06372996220463234,1
Transitions,Transitions_mocap_mazen_c3d_punchkarate_stand_poses_120_jpos,249,4.98,0.06359450320664567,1
Transitions,Transitions_mocap_mazen_c3d_punchkarate_stand_poses_120_jpos,250,5.0,0.06347173012850109,1
Transitions,Transitions_mocap_mazen_c3d_punchkarate_stand_poses_120_jpos,251,5.02,0.06326088412522109,1
Transitions,Transitions_mocap_mazen_c3d_punchkarate_stand_poses_120_jpos,252,5.04,0.06311769456055438,1
Transitions,Transitions_mocap_mazen_c3d_punchkarate_stand_poses_120_jpos,253,5.06,0.0630733654393278,1
Transitions,Transitions_mocap_mazen_c3d_punchkarate_stand_poses_120_jpos,254,5.08,0.062894006661846,1
Transitions,Transitions_mocap_mazen_c3d_punchkarate_stand_poses_120_jpos,255,5.1,0.06291606567973797,1
Transitions,Transitions_mocap_mazen_c3d_punchkarate_stand_poses_120_jpos,256,5.12,0.06289492973825236,1
Transitions,Transitions_mocap_mazen_c3d_punchkarate_stand_poses_120_jpos,257,5.14,0.06290136909305719,1
Transitions,Transitions_mocap_mazen_c3d_punchkarate_stand_poses_120_jpos,258,5.16,0.0630843880912726,1
Transitions,Transitions_mocap_mazen_c3d_punchkarate_stand_poses_120_jpos,259,5.18,0.06306802799375942,1
Transitions,Transitions_mocap_mazen_c3d_punchkarate_stand_poses_120_jpos,260,5.2,0.06302824809816877,1
Transitions,Transitions_mocap_mazen_c3d_punchkarate_stand_poses_120_jpos,261,5.22,0.06290368467560851,1
Transitions,Transitions_mocap_mazen_c3d_punchkarate_stand_poses_120_jpos,262,5.24,0.06281543503264345,1
Transitions,Transitions_mocap_mazen_c3d_punchkarate_stand_poses_120_jpos,263,5.26,0.0626915770987358,1
Transitions,Transitions_mocap_mazen_c3d_punchkarate_stand_poses_120_jpos,264,5.28,0.06263573915161134,1
Transitions,Transitions_mocap_mazen_c3d_punchkarate_stand_poses_120_jpos,265,5.3,0.06237904943790435,1
Transitions,Transitions_mocap_mazen_c3d_punchkarate_stand_poses_120_jpos,266,5.32,0.06236150412359951,1
Transitions,Transitions_mocap_mazen_c3d_punchkarate_stand_poses_120_jpos,267,5.34,0.062292519324142,1
Transitions,Transitions_mocap_mazen_c3d_punchkarate_stand_poses_120_jpos,268,5.36,0.062189410606103675,1
Transitions,Transitions_mocap_mazen_c3d_punchkarate_stand_poses_120_jpos,269,5.38,0.06207922899733765,1
Transitions,Transitions_mocap_mazen_c3d_punchkarate_stand_poses_120_jpos,270,5.4,0.06189795964109953,1
Transitions,Transitions_mocap_mazen_c3d_punchkarate_stand_poses_120_jpos,271,5.42,0.06179403287167825,1
Transitions,Transitions_mocap_mazen_c3d_punchkarate_stand_poses_120_jpos,272,5.44,0.061606729305132814,1
Transitions,Transitions_mocap_mazen_c3d_punchkarate_stand_poses_120_jpos,273,5.46,0.06133378873876192,1
Transitions,Transitions_mocap_mazen_c3d_punchkarate_stand_poses_120_jpos,274,5.48,0.06113507679172805,1
Transitions,Transitions_mocap_mazen_c3d_punchkarate_stand_poses_120_jpos,275,5.5,0.06090646489753115,1
Transitions,Transitions_mocap_mazen_c3d_punchkarate_stand_poses_120_jpos,276,5.52,0.06075392906684982,1
Transitions,Transitions_mocap_mazen_c3d_punchkarate_stand_poses_120_jpos,277,5.54,0.06075444954139333,1
Transitions,Transitions_mocap_mazen_c3d_punchkarate_stand_poses_120_jpos,278,5.56,0.06070693023333155,1
Transitions,Transitions_mocap_mazen_c3d_punchkarate_stand_poses_120_jpos,279,5.58,0.060710378936490166,1
Transitions,Transitions_mocap_mazen_c3d_punchkarate_stand_poses_120_jpos,280,5.6,0.06075599349223836,1
Transitions,Transitions_mocap_mazen_c3d_punchkarate_stand_poses_120_jpos,281,5.62,0.060734565473737505,1
Transitions,Transitions_mocap_mazen_c3d_punchkarate_stand_poses_120_jpos,282,5.64,0.06072730174407399,1
Transitions,Transitions_mocap_mazen_c3d_punchkarate_stand_poses_120_jpos,283,5.66,0.06065883940588802,1
Transitions,Transitions_mocap_mazen_c3d_punchkarate_stand_poses_120_jpos,284,5.68,0.06059126054778522,1
Transitions,Transitions_mocap_mazen_c3d_punchkarate_stand_poses_120_jpos,285,5.7,0.06055363105426078,1
Transitions,Transitions_mocap_mazen_c3d_punchkarate_stand_poses_120_jpos,286,5.72,0.06049019427632948,1
Transitions,Transitions_mocap_mazen_c3d_punchkarate_stand_poses_120_jpos,287,5.74,0.0604503407876709,1
Transitions,Transitions_mocap_mazen_c3d_punchkarate_stand_poses_120_jpos,288,5.76,0.06042203807329317,1
Transitions,Transitions_mocap_mazen_c3d_punchkarate_stand_poses_120_jpos,289,5.78,0.06046858041620378,1
Transitions,Transitions_mocap_mazen_c3d_punchkarate_stand_poses_120_jpos,290,5.8,0.060461955947841074,1
Transitions,Transitions_mocap_mazen_c3d_punchkarate_stand_poses_120_jpos,291,5.82,0.06046686144332646,1
Transitions,Transitions_mocap_mazen_c3d_punchkarate_stand_poses_120_jpos,292,5.84,0.06050445660664799,1
Transitions,Transitions_mocap_mazen_c3d_punchkarate_stand_poses_120_jpos,293,5.86,0.060386929411108396,1
Transitions,Transitions_mocap_mazen_c3d_punchkarate_stand_poses_120_jpos,294,5.88,0.06029305114867229,1
